<ForceField>
<AtomTypes>
<Type name="opls_648" class="C648" element="C" mass="12.011000" />
<Type name="opls_649" class="C649" element="C" mass="12.011000" />
<Type name="opls_653" class="H653" element="H" mass="1.008000" />
<Type name="opls_646" class="N646" element="N" mass="14.007000" />
<Type name="opls_651" class="C651" element="C" mass="12.011000" />
<Type name="opls_655" class="H655" element="H" mass="1.008000" />
<Type name="opls_647" class="C647" element="C" mass="12.011000" />
<Type name="opls_654" class="H654" element="H" mass="1.008000" />
<Type name="opls_652" class="C652" element="C" mass="12.011000" />
<Type name="opls_650" class="C650" element="C" mass="12.011000" />
<Type name="opls_656" class="H656" element="H" mass="1.008000" />
</AtomTypes>
<Residues>
<Residue name="NEU">
<Atom name="C00" type="opls_651" />
<Atom name="C01" type="opls_651" />
<Atom name="C02" type="opls_650" />
<Atom name="C03" type="opls_650" />
<Atom name="C04" type="opls_652" />
<Atom name="C05" type="opls_652" />
<Atom name="N06" type="opls_646" />
<Atom name="C07" type="opls_647" />
<Atom name="C08" type="opls_649" />
<Atom name="C09" type="opls_648" />
<Atom name="C0A" type="opls_649" />
<Atom name="C0B" type="opls_648" />
<Atom name="C0C" type="opls_647" />
<Atom name="N0D" type="opls_646" />
<Atom name="H0E" type="opls_656" />
<Atom name="H0F" type="opls_653" />
<Atom name="H0G" type="opls_655" />
<Atom name="H0H" type="opls_654" />
<Atom name="H0I" type="opls_656" />
<Atom name="H0J" type="opls_655" />
<Atom name="H0K" type="opls_654" />
<Atom name="H0M" type="opls_653" />
<Bond from="0" to="1"/>
<Bond from="1" to="2"/>
<Bond from="0" to="3"/>
<Bond from="3" to="4"/>
<Bond from="2" to="5"/>
<Bond from="0" to="6"/>
<Bond from="6" to="7"/>
<Bond from="3" to="8"/>
<Bond from="7" to="9"/>
<Bond from="2" to="10"/>
<Bond from="10" to="11"/>
<Bond from="11" to="12"/>
<Bond from="1" to="13"/>
<Bond from="4" to="14"/>
<Bond from="7" to="15"/>
<Bond from="8" to="16"/>
<Bond from="9" to="17"/>
<Bond from="5" to="18"/>
<Bond from="10" to="19"/>
<Bond from="11" to="20"/>
<Bond from="12" to="21"/>
<Bond from="4" to="5"/>
<Bond from="8" to="9"/>
<Bond from="12" to="13"/>
</Residue>
</Residues>
<HarmonicBondForce>
<Bond class1="C651" class2="C651" length="0.140000" k="392459.200000"/>
<Bond class1="C650" class2="C651" length="0.140000" k="392459.200000"/>
<Bond class1="C650" class2="C651" length="0.140000" k="392459.200000"/>
<Bond class1="C652" class2="C650" length="0.140000" k="392459.200000"/>
<Bond class1="C652" class2="C650" length="0.140000" k="392459.200000"/>
<Bond class1="N646" class2="C651" length="0.133900" k="404174.400000"/>
<Bond class1="C647" class2="N646" length="0.133900" k="404174.400000"/>
<Bond class1="C649" class2="C650" length="0.140000" k="392459.200000"/>
<Bond class1="C648" class2="C647" length="0.140000" k="392459.200000"/>
<Bond class1="C649" class2="C650" length="0.140000" k="392459.200000"/>
<Bond class1="C648" class2="C649" length="0.140000" k="392459.200000"/>
<Bond class1="C647" class2="C648" length="0.140000" k="392459.200000"/>
<Bond class1="N646" class2="C651" length="0.133900" k="404174.400000"/>
<Bond class1="H656" class2="C652" length="0.108000" k="307105.600000"/>
<Bond class1="H653" class2="C647" length="0.108000" k="307105.600000"/>
<Bond class1="H655" class2="C649" length="0.108000" k="307105.600000"/>
<Bond class1="H654" class2="C648" length="0.108000" k="307105.600000"/>
<Bond class1="H656" class2="C652" length="0.108000" k="307105.600000"/>
<Bond class1="H655" class2="C649" length="0.108000" k="307105.600000"/>
<Bond class1="H654" class2="C648" length="0.108000" k="307105.600000"/>
<Bond class1="H653" class2="C647" length="0.108000" k="307105.600000"/>
<Bond class1="C652" class2="C652" length="0.140000" k="392459.200000"/>
<Bond class1="C648" class2="C649" length="0.140000" k="392459.200000"/>
<Bond class1="N646" class2="C647" length="0.133900" k="404174.400000"/>
</HarmonicBondForce>
<HarmonicAngleForce>
<Angle class1="C651" class2="C651" class3="C650" angle="2.094395" k="527.184000"/>
<Angle class1="C651" class2="C650" class3="C652" angle="2.094395" k="527.184000"/>
<Angle class1="C651" class2="C651" class3="N646" angle="2.164208" k="585.760000"/>
<Angle class1="C651" class2="N646" class3="C647" angle="2.042035" k="585.760000"/>
<Angle class1="C651" class2="C650" class3="C649" angle="2.094395" k="527.184000"/>
<Angle class1="N646" class2="C647" class3="C648" angle="2.164208" k="585.760000"/>
<Angle class1="C650" class2="C649" class3="C648" angle="2.094395" k="527.184000"/>
<Angle class1="C649" class2="C648" class3="C647" angle="2.094395" k="527.184000"/>
<Angle class1="C650" class2="C652" class3="H656" angle="2.094395" k="292.880000"/>
<Angle class1="N646" class2="C647" class3="H653" angle="2.024582" k="292.880000"/>
<Angle class1="C650" class2="C649" class3="H655" angle="2.094395" k="292.880000"/>
<Angle class1="C647" class2="C648" class3="H654" angle="2.094395" k="292.880000"/>
<Angle class1="C649" class2="C648" class3="H654" angle="2.094395" k="292.880000"/>
<Angle class1="C648" class2="C647" class3="H653" angle="2.094395" k="292.880000"/>
<Angle class1="C652" class2="C650" class3="C649" angle="2.094395" k="527.184000"/>
<Angle class1="C650" class2="C651" class3="N646" angle="2.164208" k="585.760000"/>
<Angle class1="C647" class2="C648" class3="C649" angle="2.094395" k="527.184000"/>
<Angle class1="C650" class2="C652" class3="C652" angle="2.094395" k="527.184000"/>
<Angle class1="C648" class2="C647" class3="N646" angle="2.164208" k="585.760000"/>
<Angle class1="C648" class2="C649" class3="H655" angle="2.094395" k="292.880000"/>
<Angle class1="C652" class2="C652" class3="H656" angle="2.094395" k="292.880000"/>
</HarmonicAngleForce>
<PeriodicTorsionForce>
<Proper class1="C647" class2="C648" class3="C649" class4="C650" k1="0.000000" k2="15.167000" k3="0.000000" k4="0.000000" periodicity1="1" periodicity2="2" periodicity3="3" periodicity4="4" phase1="0.00" phase2="3.141592653589793" phase3="0.00" phase4="3.141592653589793"/>
<Proper class1="C647" class2="N646" class3="C651" class4="C650" k1="0.000000" k2="15.167000" k3="0.000000" k4="0.000000" periodicity1="1" periodicity2="2" periodicity3="3" periodicity4="4" phase1="0.00" phase2="3.141592653589793" phase3="0.00" phase4="3.141592653589793"/>
<Proper class1="C647" class2="N646" class3="C651" class4="C651" k1="0.000000" k2="15.167000" k3="0.000000" k4="0.000000" periodicity1="1" periodicity2="2" periodicity3="3" periodicity4="4" phase1="0.00" phase2="3.141592653589793" phase3="0.00" phase4="3.141592653589793"/>
<Proper class1="C648" class2="C647" class3="N646" class4="C651" k1="0.000000" k2="15.167000" k3="0.000000" k4="0.000000" periodicity1="1" periodicity2="2" periodicity3="3" periodicity4="4" phase1="0.00" phase2="3.141592653589793" phase3="0.00" phase4="3.141592653589793"/>
<Proper class1="C648" class2="C649" class3="C650" class4="C651" k1="0.000000" k2="15.167000" k3="0.000000" k4="0.000000" periodicity1="1" periodicity2="2" periodicity3="3" periodicity4="4" phase1="0.00" phase2="3.141592653589793" phase3="0.00" phase4="3.141592653589793"/>
<Proper class1="C648" class2="C649" class3="C650" class4="C652" k1="0.000000" k2="15.167000" k3="0.000000" k4="0.000000" periodicity1="1" periodicity2="2" periodicity3="3" periodicity4="4" phase1="0.00" phase2="3.141592653589793" phase3="0.00" phase4="3.141592653589793"/>
<Proper class1="C649" class2="C648" class3="C647" class4="N646" k1="0.000000" k2="15.167000" k3="0.000000" k4="0.000000" periodicity1="1" periodicity2="2" periodicity3="3" periodicity4="4" phase1="0.00" phase2="3.141592653589793" phase3="0.00" phase4="3.141592653589793"/>
<Proper class1="C649" class2="C650" class3="C651" class4="C651" k1="0.000000" k2="15.167000" k3="0.000000" k4="0.000000" periodicity1="1" periodicity2="2" periodicity3="3" periodicity4="4" phase1="0.00" phase2="3.141592653589793" phase3="0.00" phase4="3.141592653589793"/>
<Proper class1="C649" class2="C650" class3="C651" class4="N646" k1="0.000000" k2="15.167000" k3="0.000000" k4="0.000000" periodicity1="1" periodicity2="2" periodicity3="3" periodicity4="4" phase1="0.00" phase2="3.141592653589793" phase3="0.00" phase4="3.141592653589793"/>
<Proper class1="C649" class2="C650" class3="C652" class4="C652" k1="0.000000" k2="15.167000" k3="0.000000" k4="0.000000" periodicity1="1" periodicity2="2" periodicity3="3" periodicity4="4" phase1="0.00" phase2="3.141592653589793" phase3="0.00" phase4="3.141592653589793"/>
<Proper class1="C650" class2="C651" class3="C651" class4="C650" k1="0.000000" k2="15.167000" k3="0.000000" k4="0.000000" periodicity1="1" periodicity2="2" periodicity3="3" periodicity4="4" phase1="0.00" phase2="3.141592653589793" phase3="0.00" phase4="3.141592653589793"/>
<Proper class1="C650" class2="C652" class3="C652" class4="C650" k1="0.000000" k2="15.167000" k3="0.000000" k4="0.000000" periodicity1="1" periodicity2="2" periodicity3="3" periodicity4="4" phase1="0.00" phase2="3.141592653589793" phase3="0.00" phase4="3.141592653589793"/>
<Proper class1="C652" class2="C650" class3="C651" class4="C651" k1="0.000000" k2="15.167000" k3="0.000000" k4="0.000000" periodicity1="1" periodicity2="2" periodicity3="3" periodicity4="4" phase1="0.00" phase2="3.141592653589793" phase3="0.00" phase4="3.141592653589793"/>
<Proper class1="C652" class2="C652" class3="C650" class4="C651" k1="0.000000" k2="15.167000" k3="0.000000" k4="0.000000" periodicity1="1" periodicity2="2" periodicity3="3" periodicity4="4" phase1="0.00" phase2="3.141592653589793" phase3="0.00" phase4="3.141592653589793"/>
<Proper class1="H653" class2="C647" class3="C648" class4="C649" k1="0.000000" k2="15.167000" k3="0.000000" k4="0.000000" periodicity1="1" periodicity2="2" periodicity3="3" periodicity4="4" phase1="0.00" phase2="3.141592653589793" phase3="0.00" phase4="3.141592653589793"/>
<Proper class1="H653" class2="C647" class3="C648" class4="H654" k1="0.000000" k2="15.167000" k3="0.000000" k4="0.000000" periodicity1="1" periodicity2="2" periodicity3="3" periodicity4="4" phase1="0.00" phase2="3.141592653589793" phase3="0.00" phase4="3.141592653589793"/>
<Proper class1="H653" class2="C647" class3="N646" class4="C651" k1="0.000000" k2="15.167000" k3="0.000000" k4="0.000000" periodicity1="1" periodicity2="2" periodicity3="3" periodicity4="4" phase1="0.00" phase2="3.141592653589793" phase3="0.00" phase4="3.141592653589793"/>
<Proper class1="H654" class2="C648" class3="C647" class4="H653" k1="0.000000" k2="15.167000" k3="0.000000" k4="0.000000" periodicity1="1" periodicity2="2" periodicity3="3" periodicity4="4" phase1="0.00" phase2="3.141592653589793" phase3="0.00" phase4="3.141592653589793"/>
<Proper class1="H654" class2="C648" class3="C647" class4="N646" k1="0.000000" k2="15.167000" k3="0.000000" k4="0.000000" periodicity1="1" periodicity2="2" periodicity3="3" periodicity4="4" phase1="0.00" phase2="3.141592653589793" phase3="0.00" phase4="3.141592653589793"/>
<Proper class1="H654" class2="C648" class3="C649" class4="C650" k1="0.000000" k2="15.167000" k3="0.000000" k4="0.000000" periodicity1="1" periodicity2="2" periodicity3="3" periodicity4="4" phase1="0.00" phase2="3.141592653589793" phase3="0.00" phase4="3.141592653589793"/>
<Proper class1="H654" class2="C648" class3="C649" class4="H655" k1="0.000000" k2="15.167000" k3="0.000000" k4="0.000000" periodicity1="1" periodicity2="2" periodicity3="3" periodicity4="4" phase1="0.00" phase2="3.141592653589793" phase3="0.00" phase4="3.141592653589793"/>
<Proper class1="H655" class2="C649" class3="C648" class4="C647" k1="0.000000" k2="15.167000" k3="0.000000" k4="0.000000" periodicity1="1" periodicity2="2" periodicity3="3" periodicity4="4" phase1="0.00" phase2="3.141592653589793" phase3="0.00" phase4="3.141592653589793"/>
<Proper class1="H655" class2="C649" class3="C650" class4="C651" k1="0.000000" k2="15.167000" k3="0.000000" k4="0.000000" periodicity1="1" periodicity2="2" periodicity3="3" periodicity4="4" phase1="0.00" phase2="3.141592653589793" phase3="0.00" phase4="3.141592653589793"/>
<Proper class1="H655" class2="C649" class3="C650" class4="C652" k1="0.000000" k2="15.167000" k3="0.000000" k4="0.000000" periodicity1="1" periodicity2="2" periodicity3="3" periodicity4="4" phase1="0.00" phase2="3.141592653589793" phase3="0.00" phase4="3.141592653589793"/>
<Proper class1="H656" class2="C652" class3="C650" class4="C649" k1="0.000000" k2="15.167000" k3="0.000000" k4="0.000000" periodicity1="1" periodicity2="2" periodicity3="3" periodicity4="4" phase1="0.00" phase2="3.141592653589793" phase3="0.00" phase4="3.141592653589793"/>
<Proper class1="H656" class2="C652" class3="C650" class4="C651" k1="0.000000" k2="15.167000" k3="0.000000" k4="0.000000" periodicity1="1" periodicity2="2" periodicity3="3" periodicity4="4" phase1="0.00" phase2="3.141592653589793" phase3="0.00" phase4="3.141592653589793"/>
<Proper class1="H656" class2="C652" class3="C652" class4="C650" k1="0.000000" k2="15.167000" k3="0.000000" k4="0.000000" periodicity1="1" periodicity2="2" periodicity3="3" periodicity4="4" phase1="0.00" phase2="3.141592653589793" phase3="0.00" phase4="3.141592653589793"/>
<Proper class1="H656" class2="C652" class3="C652" class4="H656" k1="0.000000" k2="15.167000" k3="0.000000" k4="0.000000" periodicity1="1" periodicity2="2" periodicity3="3" periodicity4="4" phase1="0.00" phase2="3.141592653589793" phase3="0.00" phase4="3.141592653589793"/>
<Proper class1="N646" class2="C647" class3="C648" class4="C649" k1="0.000000" k2="15.167000" k3="0.000000" k4="0.000000" periodicity1="1" periodicity2="2" periodicity3="3" periodicity4="4" phase1="0.00" phase2="3.141592653589793" phase3="0.00" phase4="3.141592653589793"/>
<Proper class1="N646" class2="C651" class3="C650" class4="C649" k1="0.000000" k2="15.167000" k3="0.000000" k4="0.000000" periodicity1="1" periodicity2="2" periodicity3="3" periodicity4="4" phase1="0.00" phase2="3.141592653589793" phase3="0.00" phase4="3.141592653589793"/>
<Proper class1="N646" class2="C651" class3="C650" class4="C652" k1="0.000000" k2="15.167000" k3="0.000000" k4="0.000000" periodicity1="1" periodicity2="2" periodicity3="3" periodicity4="4" phase1="0.00" phase2="3.141592653589793" phase3="0.00" phase4="3.141592653589793"/>
<Proper class1="N646" class2="C651" class3="C651" class4="C650" k1="0.000000" k2="15.167000" k3="0.000000" k4="0.000000" periodicity1="1" periodicity2="2" periodicity3="3" periodicity4="4" phase1="0.00" phase2="3.141592653589793" phase3="0.00" phase4="3.141592653589793"/>
<Proper class1="N646" class2="C651" class3="C651" class4="N646" k1="0.000000" k2="15.167000" k3="0.000000" k4="0.000000" periodicity1="1" periodicity2="2" periodicity3="3" periodicity4="4" phase1="0.00" phase2="3.141592653589793" phase3="0.00" phase4="3.141592653589793"/>
<Improper class1="C648" class2="C649" class3="H654" class4="C647" k1="0.000000" k2="10.460000" k3="0.000000" k4="0.000000" periodicity1="1" periodicity2="2" periodicity3="3" periodicity4="4" phase1="0.00" phase2="3.141592653589793" phase3="0.00" phase4="3.141592653589793"/>
<Improper class1="C647" class2="C648" class3="H653" class4="N646" k1="0.000000" k2="10.460000" k3="0.000000" k4="0.000000" periodicity1="1" periodicity2="2" periodicity3="3" periodicity4="4" phase1="0.00" phase2="3.141592653589793" phase3="0.00" phase4="3.141592653589793"/>
<Improper class1="C648" class2="H654" class3="C649" class4="C647" k1="0.000000" k2="10.460000" k3="0.000000" k4="0.000000" periodicity1="1" periodicity2="2" periodicity3="3" periodicity4="4" phase1="0.00" phase2="3.141592653589793" phase3="0.00" phase4="3.141592653589793"/>
<Improper class1="C650" class2="C651" class3="C649" class4="C652" k1="0.000000" k2="10.460000" k3="0.000000" k4="0.000000" periodicity1="1" periodicity2="2" periodicity3="3" periodicity4="4" phase1="0.00" phase2="3.141592653589793" phase3="0.00" phase4="3.141592653589793"/>
<Improper class1="C650" class2="C651" class3="C649" class4="C652" k1="0.000000" k2="10.460000" k3="0.000000" k4="0.000000" periodicity1="1" periodicity2="2" periodicity3="3" periodicity4="4" phase1="0.00" phase2="3.141592653589793" phase3="0.00" phase4="3.141592653589793"/>
<Improper class1="C647" class2="C648" class3="N646" class4="H653" k1="0.000000" k2="10.460000" k3="0.000000" k4="0.000000" periodicity1="1" periodicity2="2" periodicity3="3" periodicity4="4" phase1="0.00" phase2="3.141592653589793" phase3="0.00" phase4="3.141592653589793"/>
<Improper class1="C649" class2="H655" class3="C650" class4="C648" k1="0.000000" k2="10.460000" k3="0.000000" k4="0.000000" periodicity1="1" periodicity2="2" periodicity3="3" periodicity4="4" phase1="0.00" phase2="3.141592653589793" phase3="0.00" phase4="3.141592653589793"/>
<Improper class1="C649" class2="C648" class3="H655" class4="C650" k1="0.000000" k2="10.460000" k3="0.000000" k4="0.000000" periodicity1="1" periodicity2="2" periodicity3="3" periodicity4="4" phase1="0.00" phase2="3.141592653589793" phase3="0.00" phase4="3.141592653589793"/>
</PeriodicTorsionForce>
<NonbondedForce coulomb14scale="0.5" lj14scale="0.5">
<Atom type="opls_647" charge="0.392000" sigma="0.355000" epsilon="0.292880" />
<Atom type="opls_656" charge="0.140000" sigma="0.242000" epsilon="0.125520" />
<Atom type="opls_652" charge="-0.196000" sigma="0.355000" epsilon="0.292880" />
<Atom type="opls_650" charge="-0.042000" sigma="0.355000" epsilon="0.292880" />
<Atom type="opls_649" charge="0.020000" sigma="0.355000" epsilon="0.292880" />
<Atom type="opls_651" charge="0.347000" sigma="0.355000" epsilon="0.292880" />
<Atom type="opls_655" charge="0.108000" sigma="0.242000" epsilon="0.125520" />
<Atom type="opls_654" charge="0.146000" sigma="0.242000" epsilon="0.125520" />
<Atom type="opls_648" charge="-0.348000" sigma="0.355000" epsilon="0.292880" />
<Atom type="opls_653" charge="0.032000" sigma="0.242000" epsilon="0.125520" />
<Atom type="opls_646" charge="-0.599000" sigma="0.325000" epsilon="0.711280" />
</NonbondedForce>
</ForceField>
