<ForceField>
<AtomTypes>
<Type name="opls_545" class="H545" element="H" mass="1.008000" />
<Type name="opls_146" class="H146" element="H" mass="1.008000" />
<Type name="opls_145" class="C145" element="C" mass="12.011000" />
<Type name="opls_1001" class="C001" element="C" mass="12.011000" />
<Type name="opls_1000" class="C000" element="C" mass="12.011000" />
<Type name="opls_543" class="C543" element="C" mass="12.011000" />
<Type name="opls_544" class="C544" element="C" mass="12.011000" />
<Type name="opls_547" class="H547" element="H" mass="1.008000" />
<Type name="opls_546" class="H546" element="H" mass="1.008000" />
<Type name="opls_542" class="N542" element="N" mass="14.007000" />
</AtomTypes>
<Residues>
<Residue name="NEU">
<Atom name="C00" type="opls_1001" />
<Atom name="C01" type="opls_145" />
<Atom name="C02" type="opls_145" />
<Atom name="C03" type="opls_145" />
<Atom name="C04" type="opls_145" />
<Atom name="C05" type="opls_145" />
<Atom name="C06" type="opls_1000" />
<Atom name="H07" type="opls_146" />
<Atom name="H08" type="opls_146" />
<Atom name="H09" type="opls_146" />
<Atom name="H0A" type="opls_146" />
<Atom name="H0B" type="opls_146" />
<Atom name="C0C" type="opls_544" />
<Atom name="C0D" type="opls_543" />
<Atom name="N0E" type="opls_542" />
<Atom name="C0F" type="opls_543" />
<Atom name="H0G" type="opls_547" />
<Atom name="H0H" type="opls_546" />
<Atom name="H0I" type="opls_546" />
<Atom name="H0J" type="opls_545" />
<Bond from="0" to="1"/>
<Bond from="0" to="2"/>
<Bond from="1" to="3"/>
<Bond from="2" to="4"/>
<Bond from="3" to="5"/>
<Bond from="0" to="6"/>
<Bond from="1" to="7"/>
<Bond from="2" to="8"/>
<Bond from="3" to="9"/>
<Bond from="4" to="10"/>
<Bond from="5" to="11"/>
<Bond from="6" to="12"/>
<Bond from="12" to="13"/>
<Bond from="13" to="14"/>
<Bond from="6" to="15"/>
<Bond from="12" to="16"/>
<Bond from="13" to="17"/>
<Bond from="15" to="18"/>
<Bond from="14" to="19"/>
<Bond from="4" to="5"/>
<Bond from="14" to="15"/>
</Residue>
</Residues>
<HarmonicBondForce>
<Bond class1="C145" class2="C001" length="0.140000" k="392459.200000"/>
<Bond class1="C145" class2="C001" length="0.140000" k="392459.200000"/>
<Bond class1="C145" class2="C145" length="0.140000" k="392459.200000"/>
<Bond class1="C145" class2="C145" length="0.140000" k="392459.200000"/>
<Bond class1="C145" class2="C145" length="0.140000" k="392459.200000"/>
<Bond class1="C000" class2="C001" length="0.146000" k="322168.000000"/>
<Bond class1="H146" class2="C145" length="0.108000" k="307105.600000"/>
<Bond class1="H146" class2="C145" length="0.108000" k="307105.600000"/>
<Bond class1="H146" class2="C145" length="0.108000" k="307105.600000"/>
<Bond class1="H146" class2="C145" length="0.108000" k="307105.600000"/>
<Bond class1="H146" class2="C145" length="0.108000" k="307105.600000"/>
<Bond class1="C544" class2="C000" length="0.146000" k="322168.000000"/>
<Bond class1="C543" class2="C544" length="0.136700" k="456892.800000"/>
<Bond class1="N542" class2="C543" length="0.138100" k="357313.600000"/>
<Bond class1="C543" class2="C000" length="0.146000" k="322168.000000"/>
<Bond class1="H547" class2="C544" length="0.108000" k="307105.600000"/>
<Bond class1="H546" class2="C543" length="0.108000" k="307105.600000"/>
<Bond class1="H546" class2="C543" length="0.108000" k="307105.600000"/>
<Bond class1="H545" class2="N542" length="0.101000" k="363171.200000"/>
<Bond class1="C145" class2="C145" length="0.140000" k="392459.200000"/>
<Bond class1="C543" class2="N542" length="0.138100" k="357313.600000"/>
</HarmonicBondForce>
<HarmonicAngleForce>
<Angle class1="C145" class2="C001" class3="C145" angle="2.094395" k="527.184000"/>
<Angle class1="C001" class2="C145" class3="C145" angle="2.094395" k="527.184000"/>
<Angle class1="C145" class2="C145" class3="C145" angle="2.094395" k="527.184000"/>
<Angle class1="C145" class2="C001" class3="C000" angle="2.094395" k="527.184000"/>
<Angle class1="C001" class2="C145" class3="H146" angle="2.094395" k="292.880000"/>
<Angle class1="C145" class2="C145" class3="H146" angle="2.094395" k="292.880000"/>
<Angle class1="C001" class2="C000" class3="C544" angle="2.094395" k="527.184000"/>
<Angle class1="C000" class2="C544" class3="C543" angle="2.193879" k="585.760000"/>
<Angle class1="C544" class2="C543" class3="N542" angle="1.879720" k="585.760000"/>
<Angle class1="C001" class2="C000" class3="C543" angle="2.094395" k="527.184000"/>
<Angle class1="C000" class2="C544" class3="H547" angle="2.094395" k="292.880000"/>
<Angle class1="C544" class2="C543" class3="H546" angle="2.305580" k="292.880000"/>
<Angle class1="C000" class2="C543" class3="H546" angle="2.281145" k="292.880000"/>
<Angle class1="C543" class2="N542" class3="H545" angle="2.164208" k="292.880000"/>
<Angle class1="N542" class2="C543" class3="H546" angle="2.122320" k="292.880000"/>
<Angle class1="C543" class2="C544" class3="H547" angle="2.193879" k="292.880000"/>
<Angle class1="C000" class2="C543" class3="N542" angle="2.122320" k="585.760000"/>
<Angle class1="C544" class2="C000" class3="C543" angle="2.094395" k="527.184000"/>
<Angle class1="C543" class2="N542" class3="C543" angle="1.916372" k="585.760000"/>
</HarmonicAngleForce>
<PeriodicTorsionForce>
<Proper class1="C000" class2="C001" class3="C145" class4="C145" k1="0.000000" k2="15.167000" k3="0.000000" k4="0.000000" periodicity1="1" periodicity2="2" periodicity3="3" periodicity4="4" phase1="0.00" phase2="3.141592653589793" phase3="0.00" phase4="3.141592653589793"/>
<Proper class1="C145" class2="C145" class3="C001" class4="C145" k1="0.000000" k2="15.167000" k3="0.000000" k4="0.000000" periodicity1="1" periodicity2="2" periodicity3="3" periodicity4="4" phase1="0.00" phase2="3.141592653589793" phase3="0.00" phase4="3.141592653589793"/>
<Proper class1="C145" class2="C145" class3="C145" class4="C001" k1="0.000000" k2="15.167000" k3="0.000000" k4="0.000000" periodicity1="1" periodicity2="2" periodicity3="3" periodicity4="4" phase1="0.00" phase2="3.141592653589793" phase3="0.00" phase4="3.141592653589793"/>
<Proper class1="C145" class2="C145" class3="C145" class4="C145" k1="0.000000" k2="15.167000" k3="0.000000" k4="0.000000" periodicity1="1" periodicity2="2" periodicity3="3" periodicity4="4" phase1="0.00" phase2="3.141592653589793" phase3="0.00" phase4="3.141592653589793"/>
<Proper class1="C543" class2="C000" class3="C001" class4="C145" k1="0.000000" k2="3.451800" k3="0.000000" k4="-0.104600" periodicity1="1" periodicity2="2" periodicity3="3" periodicity4="4" phase1="0.00" phase2="3.141592653589793" phase3="0.00" phase4="3.141592653589793"/>
<Proper class1="C543" class2="C544" class3="C000" class4="C001" k1="0.000000" k2="3.117080" k3="0.000000" k4="0.000000" periodicity1="1" periodicity2="2" periodicity3="3" periodicity4="4" phase1="0.00" phase2="3.141592653589793" phase3="0.00" phase4="3.141592653589793"/>
<Proper class1="C544" class2="C000" class3="C001" class4="C145" k1="0.000000" k2="3.451800" k3="0.000000" k4="-0.104600" periodicity1="1" periodicity2="2" periodicity3="3" periodicity4="4" phase1="0.00" phase2="3.141592653589793" phase3="0.00" phase4="3.141592653589793"/>
<Proper class1="H146" class2="C145" class3="C001" class4="C000" k1="0.000000" k2="15.167000" k3="0.000000" k4="0.000000" periodicity1="1" periodicity2="2" periodicity3="3" periodicity4="4" phase1="0.00" phase2="3.141592653589793" phase3="0.00" phase4="3.141592653589793"/>
<Proper class1="H146" class2="C145" class3="C001" class4="C145" k1="0.000000" k2="15.167000" k3="0.000000" k4="0.000000" periodicity1="1" periodicity2="2" periodicity3="3" periodicity4="4" phase1="0.00" phase2="3.141592653589793" phase3="0.00" phase4="3.141592653589793"/>
<Proper class1="H146" class2="C145" class3="C145" class4="C001" k1="0.000000" k2="15.167000" k3="0.000000" k4="0.000000" periodicity1="1" periodicity2="2" periodicity3="3" periodicity4="4" phase1="0.00" phase2="3.141592653589793" phase3="0.00" phase4="3.141592653589793"/>
<Proper class1="H146" class2="C145" class3="C145" class4="C145" k1="0.000000" k2="15.167000" k3="0.000000" k4="0.000000" periodicity1="1" periodicity2="2" periodicity3="3" periodicity4="4" phase1="0.00" phase2="3.141592653589793" phase3="0.00" phase4="3.141592653589793"/>
<Proper class1="H146" class2="C145" class3="C145" class4="H146" k1="0.000000" k2="15.167000" k3="0.000000" k4="0.000000" periodicity1="1" periodicity2="2" periodicity3="3" periodicity4="4" phase1="0.00" phase2="3.141592653589793" phase3="0.00" phase4="3.141592653589793"/>
<Proper class1="H545" class2="N542" class3="C543" class4="C000" k1="0.000000" k2="10.460000" k3="0.000000" k4="0.000000" periodicity1="1" periodicity2="2" periodicity3="3" periodicity4="4" phase1="0.00" phase2="3.141592653589793" phase3="0.00" phase4="3.141592653589793"/>
<Proper class1="H545" class2="N542" class3="C543" class4="C544" k1="0.000000" k2="10.460000" k3="0.000000" k4="0.000000" periodicity1="1" periodicity2="2" periodicity3="3" periodicity4="4" phase1="0.00" phase2="3.141592653589793" phase3="0.00" phase4="3.141592653589793"/>
<Proper class1="H545" class2="N542" class3="C543" class4="H546" k1="0.000000" k2="10.460000" k3="0.000000" k4="0.000000" periodicity1="1" periodicity2="2" periodicity3="3" periodicity4="4" phase1="0.00" phase2="3.141592653589793" phase3="0.00" phase4="3.141592653589793"/>
<Proper class1="H546" class2="C543" class3="C000" class4="C001" k1="0.000000" k2="15.167000" k3="0.000000" k4="0.000000" periodicity1="1" periodicity2="2" periodicity3="3" periodicity4="4" phase1="0.00" phase2="3.141592653589793" phase3="0.00" phase4="3.141592653589793"/>
<Proper class1="H546" class2="C543" class3="C000" class4="C544" k1="0.000000" k2="15.167000" k3="0.000000" k4="0.000000" periodicity1="1" periodicity2="2" periodicity3="3" periodicity4="4" phase1="0.00" phase2="3.141592653589793" phase3="0.00" phase4="3.141592653589793"/>
<Proper class1="H546" class2="C543" class3="C544" class4="C000" k1="0.000000" k2="15.167000" k3="0.000000" k4="0.000000" periodicity1="1" periodicity2="2" periodicity3="3" periodicity4="4" phase1="0.00" phase2="3.141592653589793" phase3="0.00" phase4="3.141592653589793"/>
<Proper class1="H546" class2="C543" class3="C544" class4="H547" k1="0.000000" k2="15.167000" k3="0.000000" k4="0.000000" periodicity1="1" periodicity2="2" periodicity3="3" periodicity4="4" phase1="0.00" phase2="3.141592653589793" phase3="0.00" phase4="3.141592653589793"/>
<Proper class1="H546" class2="C543" class3="N542" class4="C543" k1="0.000000" k2="10.460000" k3="0.000000" k4="0.000000" periodicity1="1" periodicity2="2" periodicity3="3" periodicity4="4" phase1="0.00" phase2="3.141592653589793" phase3="0.00" phase4="3.141592653589793"/>
<Proper class1="H547" class2="C544" class3="C000" class4="C001" k1="0.000000" k2="15.167000" k3="0.000000" k4="0.000000" periodicity1="1" periodicity2="2" periodicity3="3" periodicity4="4" phase1="0.00" phase2="3.141592653589793" phase3="0.00" phase4="3.141592653589793"/>
<Proper class1="H547" class2="C544" class3="C000" class4="C543" k1="0.000000" k2="15.167000" k3="0.000000" k4="0.000000" periodicity1="1" periodicity2="2" periodicity3="3" periodicity4="4" phase1="0.00" phase2="3.141592653589793" phase3="0.00" phase4="3.141592653589793"/>
<Proper class1="H547" class2="C544" class3="C543" class4="N542" k1="0.000000" k2="15.167000" k3="0.000000" k4="0.000000" periodicity1="1" periodicity2="2" periodicity3="3" periodicity4="4" phase1="0.00" phase2="3.141592653589793" phase3="0.00" phase4="3.141592653589793"/>
<Proper class1="N542" class2="C543" class3="C000" class4="C001" k1="0.000000" k2="4.539640" k3="0.000000" k4="0.000000" periodicity1="1" periodicity2="2" periodicity3="3" periodicity4="4" phase1="0.00" phase2="3.141592653589793" phase3="0.00" phase4="3.141592653589793"/>
<Proper class1="N542" class2="C543" class3="C544" class4="C000" k1="0.000000" k2="15.167000" k3="0.000000" k4="0.000000" periodicity1="1" periodicity2="2" periodicity3="3" periodicity4="4" phase1="0.00" phase2="3.141592653589793" phase3="0.00" phase4="3.141592653589793"/>
<Improper class1="C000" class2="C001" class3="C544" class4="C543" k1="0.000000" k2="10.460000" k3="0.000000" k4="0.000000" periodicity1="1" periodicity2="2" periodicity3="3" periodicity4="4" phase1="0.00" phase2="3.141592653589793" phase3="0.00" phase4="3.141592653589793"/>
<Improper class1="C543" class2="H546" class3="C544" class4="N542" k1="0.000000" k2="10.460000" k3="0.000000" k4="0.000000" periodicity1="1" periodicity2="2" periodicity3="3" periodicity4="4" phase1="0.00" phase2="3.141592653589793" phase3="0.00" phase4="3.141592653589793"/>
<Improper class1="C543" class2="H546" class3="C000" class4="N542" k1="0.000000" k2="10.460000" k3="0.000000" k4="0.000000" periodicity1="1" periodicity2="2" periodicity3="3" periodicity4="4" phase1="0.00" phase2="3.141592653589793" phase3="0.00" phase4="3.141592653589793"/>
<Improper class1="C544" class2="H547" class3="C543" class4="C000" k1="0.000000" k2="10.460000" k3="0.000000" k4="0.000000" periodicity1="1" periodicity2="2" periodicity3="3" periodicity4="4" phase1="0.00" phase2="3.141592653589793" phase3="0.00" phase4="3.141592653589793"/>
</PeriodicTorsionForce>
<NonbondedForce coulomb14scale="0.5" lj14scale="0.5">
<Atom type="opls_547" charge="0.118000" sigma="0.242000" epsilon="0.125520" />
<Atom type="opls_545" charge="0.317000" sigma="0.000000" epsilon="0.000000" />
<Atom type="opls_1000" charge="-0.034000" sigma="0.355000" epsilon="0.292880" />
<Atom type="opls_546" charge="0.155000" sigma="0.242000" epsilon="0.125520" />
<Atom type="opls_1001" charge="0.003000" sigma="0.355000" epsilon="0.292880" />
<Atom type="opls_542" charge="-0.239000" sigma="0.325000" epsilon="0.711280" />
<Atom type="opls_146" charge="0.115000" sigma="0.242000" epsilon="0.125520" />
<Atom type="opls_544" charge="-0.149000" sigma="0.355000" epsilon="0.292880" />
<Atom type="opls_145" charge="-0.115000" sigma="0.355000" epsilon="0.292880" />
<Atom type="opls_543" charge="-0.163000" sigma="0.355000" epsilon="0.292880" />
</NonbondedForce>
</ForceField>
