<ForceField>
<AtomTypes>
<Type name="opls_136" class="C136" element="C" mass="12.011000" />
<Type name="opls_135" class="C135" element="C" mass="12.011000" />
<Type name="opls_140" class="H140" element="H" mass="1.008000" />
<Type name="opls_282" class="H282" element="H" mass="1.008000" />
<Type name="opls_465" class="C465" element="C" mass="12.011000" />
<Type name="opls_981" class="Cl981" element="Cl" mass="35.450000" />
<Type name="opls_466" class="O466" element="O" mass="15.999000" />
</AtomTypes>
<Residues>
<Residue name="NEU">
<Atom name="C00" type="opls_465" />
<Atom name="O01" type="opls_466" />
<Atom name="C02" type="opls_136" />
<Atom name="Cl0" type="opls_981" />
<Atom name="C04" type="opls_135" />
<Atom name="H05" type="opls_282" />
<Atom name="H06" type="opls_282" />
<Atom name="H07" type="opls_140" />
<Atom name="H08" type="opls_140" />
<Atom name="H09" type="opls_140" />
<Bond from="0" to="1"/>
<Bond from="0" to="2"/>
<Bond from="0" to="3"/>
<Bond from="2" to="4"/>
<Bond from="2" to="5"/>
<Bond from="2" to="6"/>
<Bond from="4" to="7"/>
<Bond from="4" to="8"/>
<Bond from="4" to="9"/>
</Residue>
</Residues>
<HarmonicBondForce>
<Bond class1="O466" class2="C465" length="0.122900" k="476976.000000"/>
<Bond class1="C136" class2="C465" length="0.152200" k="265265.600000"/>
<Bond class1="Cl981" class2="C465" length="0.179000" k="251040.000000"/>
<Bond class1="C135" class2="C136" length="0.152900" k="224262.400000"/>
<Bond class1="H282" class2="C136" length="0.109000" k="284512.000000"/>
<Bond class1="H282" class2="C136" length="0.109000" k="284512.000000"/>
<Bond class1="H140" class2="C135" length="0.109000" k="284512.000000"/>
<Bond class1="H140" class2="C135" length="0.109000" k="284512.000000"/>
<Bond class1="H140" class2="C135" length="0.109000" k="284512.000000"/>
</HarmonicBondForce>
<HarmonicAngleForce>
<Angle class1="O466" class2="C465" class3="C136" angle="2.101376" k="669.440000"/>
<Angle class1="O466" class2="C465" class3="Cl981" angle="2.076942" k="627.600000"/>
<Angle class1="C465" class2="C136" class3="C135" angle="1.939061" k="527.184000"/>
<Angle class1="C465" class2="C136" class3="H282" angle="1.911136" k="292.880000"/>
<Angle class1="C136" class2="C135" class3="H140" angle="1.932079" k="313.800000"/>
<Angle class1="H140" class2="C135" class3="H140" angle="1.881465" k="276.144000"/>
<Angle class1="C136" class2="C465" class3="Cl981" angle="1.902409" k="627.600000"/>
<Angle class1="H282" class2="C136" class3="H282" angle="1.881465" k="276.144000"/>
<Angle class1="C135" class2="C136" class3="H282" angle="1.932079" k="313.800000"/>
</HarmonicAngleForce>
<PeriodicTorsionForce>
<Proper class1="C135" class2="C136" class3="C465" class4="Cl981" k1="0.000000" k2="0.000000" k3="0.000000" k4="0.000000" periodicity1="1" periodicity2="2" periodicity3="3" periodicity4="4" phase1="0.00" phase2="3.141592653589793" phase3="0.00" phase4="3.141592653589793"/>
<Proper class1="C135" class2="C136" class3="C465" class4="O466" k1="0.000000" k2="0.000000" k3="0.000000" k4="0.000000" periodicity1="1" periodicity2="2" periodicity3="3" periodicity4="4" phase1="0.00" phase2="3.141592653589793" phase3="0.00" phase4="3.141592653589793"/>
<Proper class1="H140" class2="C135" class3="C136" class4="C465" k1="0.000000" k2="0.000000" k3="-0.209200" k4="0.000000" periodicity1="1" periodicity2="2" periodicity3="3" periodicity4="4" phase1="0.00" phase2="3.141592653589793" phase3="0.00" phase4="3.141592653589793"/>
<Proper class1="H140" class2="C135" class3="C136" class4="H282" k1="0.000000" k2="0.000000" k3="0.627600" k4="0.000000" periodicity1="1" periodicity2="2" periodicity3="3" periodicity4="4" phase1="0.00" phase2="3.141592653589793" phase3="0.00" phase4="3.141592653589793"/>
<Proper class1="H282" class2="C136" class3="C465" class4="Cl981" k1="0.000000" k2="0.000000" k3="0.753120" k4="0.000000" periodicity1="1" periodicity2="2" periodicity3="3" periodicity4="4" phase1="0.00" phase2="3.141592653589793" phase3="0.00" phase4="3.141592653589793"/>
<Proper class1="H282" class2="C136" class3="C465" class4="O466" k1="0.000000" k2="0.000000" k3="0.000000" k4="0.000000" periodicity1="1" periodicity2="2" periodicity3="3" periodicity4="4" phase1="0.00" phase2="3.141592653589793" phase3="0.00" phase4="3.141592653589793"/>
<Improper class1="C465" class2="O466" class3="C136" class4="Cl981" k1="0.000000" k2="43.932000" k3="0.000000" k4="0.000000" periodicity1="1" periodicity2="2" periodicity3="3" periodicity4="4" phase1="0.00" phase2="3.141592653589793" phase3="0.00" phase4="3.141592653589793"/>
</PeriodicTorsionForce>
<NonbondedForce coulomb14scale="0.5" lj14scale="0.5">
<Atom type="opls_282" charge="0.060000" sigma="0.242000" epsilon="0.062760" />
<Atom type="opls_465" charge="0.510000" sigma="0.375000" epsilon="0.439320" />
<Atom type="opls_140" charge="0.060000" sigma="0.250000" epsilon="0.125520" />
<Atom type="opls_136" charge="-0.120000" sigma="0.350000" epsilon="0.276144" />
<Atom type="opls_466" charge="-0.430000" sigma="0.296000" epsilon="0.878640" />
<Atom type="opls_135" charge="-0.180000" sigma="0.350000" epsilon="0.276144" />
<Atom type="opls_981" charge="-0.080000" sigma="0.340000" epsilon="1.255200" />
</NonbondedForce>
</ForceField>
