<ForceField>
<AtomTypes>
<Type name="opls_145" class="C145" element="C" mass="12.011000" />
<Type name="opls_236" class="O236" element="O" mass="15.999000" />
<Type name="opls_237" class="N237" element="N" mass="14.007000" />
<Type name="opls_234" class="C234" element="C" mass="12.011000" />
<Type name="opls_240" class="H240" element="H" mass="1.008000" />
<Type name="opls_146" class="H146" element="H" mass="1.008000" />
</AtomTypes>
<Residues>
<Residue name="NEU">
<Atom name="C00" type="opls_145" />
<Atom name="C01" type="opls_145" />
<Atom name="C02" type="opls_145" />
<Atom name="C03" type="opls_145" />
<Atom name="C04" type="opls_145" />
<Atom name="C05" type="opls_145" />
<Atom name="C06" type="opls_234" />
<Atom name="H07" type="opls_146" />
<Atom name="H08" type="opls_146" />
<Atom name="H09" type="opls_146" />
<Atom name="H0A" type="opls_146" />
<Atom name="H0B" type="opls_146" />
<Atom name="N0C" type="opls_237" />
<Atom name="O0D" type="opls_236" />
<Atom name="H0E" type="opls_240" />
<Atom name="H0F" type="opls_240" />
<Bond from="0" to="1"/>
<Bond from="0" to="2"/>
<Bond from="1" to="3"/>
<Bond from="2" to="4"/>
<Bond from="3" to="5"/>
<Bond from="0" to="6"/>
<Bond from="1" to="7"/>
<Bond from="2" to="8"/>
<Bond from="3" to="9"/>
<Bond from="4" to="10"/>
<Bond from="5" to="11"/>
<Bond from="6" to="12"/>
<Bond from="6" to="13"/>
<Bond from="12" to="14"/>
<Bond from="12" to="15"/>
<Bond from="4" to="5"/>
</Residue>
</Residues>
<HarmonicBondForce>
<Bond class1="C145" class2="C145" length="0.140000" k="392459.200000"/>
<Bond class1="C145" class2="C145" length="0.140000" k="392459.200000"/>
<Bond class1="C145" class2="C145" length="0.140000" k="392459.200000"/>
<Bond class1="C145" class2="C145" length="0.140000" k="392459.200000"/>
<Bond class1="C145" class2="C145" length="0.140000" k="392459.200000"/>
<Bond class1="C234" class2="C145" length="0.149000" k="334720.000000"/>
<Bond class1="H146" class2="C145" length="0.108000" k="307105.600000"/>
<Bond class1="H146" class2="C145" length="0.108000" k="307105.600000"/>
<Bond class1="H146" class2="C145" length="0.108000" k="307105.600000"/>
<Bond class1="H146" class2="C145" length="0.108000" k="307105.600000"/>
<Bond class1="H146" class2="C145" length="0.108000" k="307105.600000"/>
<Bond class1="N237" class2="C234" length="0.133500" k="410032.000000"/>
<Bond class1="O236" class2="C234" length="0.122900" k="476976.000000"/>
<Bond class1="H240" class2="N237" length="0.101000" k="363171.200000"/>
<Bond class1="H240" class2="N237" length="0.101000" k="363171.200000"/>
<Bond class1="C145" class2="C145" length="0.140000" k="392459.200000"/>
</HarmonicBondForce>
<HarmonicAngleForce>
<Angle class1="C145" class2="C145" class3="C145" angle="2.094395" k="527.184000"/>
<Angle class1="C145" class2="C145" class3="C234" angle="2.094395" k="711.280000"/>
<Angle class1="C145" class2="C145" class3="H146" angle="2.094395" k="292.880000"/>
<Angle class1="C145" class2="C234" class3="N237" angle="2.015855" k="585.760000"/>
<Angle class1="C145" class2="C234" class3="O236" angle="2.101376" k="669.440000"/>
<Angle class1="C234" class2="N237" class3="H240" angle="2.090904" k="292.880000"/>
<Angle class1="H240" class2="N237" class3="H240" angle="2.094395" k="292.880000"/>
<Angle class1="N237" class2="C234" class3="O236" angle="2.145010" k="669.440000"/>
</HarmonicAngleForce>
<PeriodicTorsionForce>
<Proper class1="C145" class2="C145" class3="C145" class4="C145" k1="0.000000" k2="15.167000" k3="0.000000" k4="0.000000" periodicity1="1" periodicity2="2" periodicity3="3" periodicity4="4" phase1="0.00" phase2="3.141592653589793" phase3="0.00" phase4="3.141592653589793"/>
<Proper class1="C234" class2="C145" class3="C145" class4="C145" k1="0.000000" k2="15.167000" k3="0.000000" k4="0.000000" periodicity1="1" periodicity2="2" periodicity3="3" periodicity4="4" phase1="0.00" phase2="3.141592653589793" phase3="0.00" phase4="3.141592653589793"/>
<Proper class1="H146" class2="C145" class3="C145" class4="C145" k1="0.000000" k2="15.167000" k3="0.000000" k4="0.000000" periodicity1="1" periodicity2="2" periodicity3="3" periodicity4="4" phase1="0.00" phase2="3.141592653589793" phase3="0.00" phase4="3.141592653589793"/>
<Proper class1="H146" class2="C145" class3="C145" class4="C234" k1="0.000000" k2="15.167000" k3="0.000000" k4="0.000000" periodicity1="1" periodicity2="2" periodicity3="3" periodicity4="4" phase1="0.00" phase2="3.141592653589793" phase3="0.00" phase4="3.141592653589793"/>
<Proper class1="H146" class2="C145" class3="C145" class4="H146" k1="0.000000" k2="15.167000" k3="0.000000" k4="0.000000" periodicity1="1" periodicity2="2" periodicity3="3" periodicity4="4" phase1="0.00" phase2="3.141592653589793" phase3="0.00" phase4="3.141592653589793"/>
<Proper class1="H240" class2="N237" class3="C234" class4="C145" k1="0.000000" k2="10.250800" k3="0.000000" k4="0.000000" periodicity1="1" periodicity2="2" periodicity3="3" periodicity4="4" phase1="0.00" phase2="3.141592653589793" phase3="0.00" phase4="3.141592653589793"/>
<Proper class1="H240" class2="N237" class3="C234" class4="O236" k1="0.000000" k2="10.250800" k3="0.000000" k4="0.000000" periodicity1="1" periodicity2="2" periodicity3="3" periodicity4="4" phase1="0.00" phase2="3.141592653589793" phase3="0.00" phase4="3.141592653589793"/>
<Proper class1="N237" class2="C234" class3="C145" class4="C145" k1="0.000000" k2="2.301200" k3="0.000000" k4="0.000000" periodicity1="1" periodicity2="2" periodicity3="3" periodicity4="4" phase1="0.00" phase2="3.141592653589793" phase3="0.00" phase4="3.141592653589793"/>
<Proper class1="O236" class2="C234" class3="C145" class4="C145" k1="0.000000" k2="4.393200" k3="0.000000" k4="0.000000" periodicity1="1" periodicity2="2" periodicity3="3" periodicity4="4" phase1="0.00" phase2="3.141592653589793" phase3="0.00" phase4="3.141592653589793"/>
<Improper class1="C234" class2="C145" class3="N237" class4="O236" k1="0.000000" k2="43.932000" k3="0.000000" k4="0.000000" periodicity1="1" periodicity2="2" periodicity3="3" periodicity4="4" phase1="0.00" phase2="3.141592653589793" phase3="0.00" phase4="3.141592653589793"/>
</PeriodicTorsionForce>
<NonbondedForce coulomb14scale="0.5" lj14scale="0.5">
<Atom type="opls_236" charge="-0.500000" sigma="0.296000" epsilon="0.878640" />
<Atom type="opls_146" charge="0.115000" sigma="0.242000" epsilon="0.125520" />
<Atom type="opls_234" charge="0.615000" sigma="0.375000" epsilon="0.439320" />
<Atom type="opls_237" charge="-0.760000" sigma="0.325000" epsilon="0.711280" />
<Atom type="opls_145" charge="-0.115000" sigma="0.355000" epsilon="0.292880" />
<Atom type="opls_240" charge="0.380000" sigma="0.000000" epsilon="0.000000" />
</NonbondedForce>
</ForceField>
