<ForceField>
<AtomTypes>
<Type name="opls_163" class="H163" element="H" mass="1.008000" />
<Type name="opls_164" class="F164" element="F" mass="18.998403" />
<Type name="opls_161" class="C161" element="C" mass="12.011000" />
<Type name="opls_165" class="H165" element="H" mass="1.008000" />
<Type name="opls_160" class="C160" element="C" mass="12.011000" />
<Type name="opls_162" class="O162" element="O" mass="15.999000" />
</AtomTypes>
<Residues>
<Residue name="NEU">
<Atom name="O00" type="opls_162" />
<Atom name="H01" type="opls_163" />
<Atom name="C02" type="opls_160" />
<Atom name="C03" type="opls_161" />
<Atom name="F04" type="opls_164" />
<Atom name="F05" type="opls_164" />
<Atom name="F06" type="opls_164" />
<Atom name="H07" type="opls_165" />
<Atom name="H08" type="opls_165" />
<Bond from="0" to="1"/>
<Bond from="0" to="2"/>
<Bond from="2" to="3"/>
<Bond from="3" to="4"/>
<Bond from="3" to="5"/>
<Bond from="3" to="6"/>
<Bond from="2" to="7"/>
<Bond from="2" to="8"/>
</Residue>
</Residues>
<HarmonicBondForce>
<Bond class1="H163" class2="O162" length="0.094500" k="462750.400000"/>
<Bond class1="C160" class2="O162" length="0.141000" k="267776.000000"/>
<Bond class1="C161" class2="C160" length="0.152900" k="224262.400000"/>
<Bond class1="F164" class2="C161" length="0.136000" k="307105.600000"/>
<Bond class1="F164" class2="C161" length="0.136000" k="307105.600000"/>
<Bond class1="F164" class2="C161" length="0.136000" k="307105.600000"/>
<Bond class1="H165" class2="C160" length="0.109000" k="284512.000000"/>
<Bond class1="H165" class2="C160" length="0.109000" k="284512.000000"/>
</HarmonicBondForce>
<HarmonicAngleForce>
<Angle class1="H163" class2="O162" class3="C160" angle="1.893682" k="460.240000"/>
<Angle class1="O162" class2="C160" class3="C161" angle="1.911136" k="418.400000"/>
<Angle class1="C160" class2="C161" class3="F164" angle="1.911136" k="418.400000"/>
<Angle class1="O162" class2="C160" class3="H165" angle="1.911136" k="292.880000"/>
<Angle class1="F164" class2="C161" class3="F164" angle="1.904154" k="644.336000"/>
<Angle class1="C161" class2="C160" class3="H165" angle="1.932079" k="313.800000"/>
<Angle class1="H165" class2="C160" class3="H165" angle="1.881465" k="276.144000"/>
</HarmonicAngleForce>
<PeriodicTorsionForce>
<Proper class1="C161" class2="C160" class3="O162" class4="H163" k1="-0.744752" k2="-0.364008" k3="1.029264" k4="0.000000" periodicity1="1" periodicity2="2" periodicity3="3" periodicity4="4" phase1="0.00" phase2="3.141592653589793" phase3="0.00" phase4="3.141592653589793"/>
<Proper class1="F164" class2="C161" class3="C160" class4="O162" k1="0.000000" k2="0.000000" k3="1.129680" k4="0.000000" periodicity1="1" periodicity2="2" periodicity3="3" periodicity4="4" phase1="0.00" phase2="3.141592653589793" phase3="0.00" phase4="3.141592653589793"/>
<Proper class1="H165" class2="C160" class3="C161" class4="F164" k1="0.000000" k2="0.000000" k3="0.836800" k4="0.000000" periodicity1="1" periodicity2="2" periodicity3="3" periodicity4="4" phase1="0.00" phase2="3.141592653589793" phase3="0.00" phase4="3.141592653589793"/>
<Proper class1="H165" class2="C160" class3="O162" class4="H163" k1="0.000000" k2="0.000000" k3="0.736384" k4="0.000000" periodicity1="1" periodicity2="2" periodicity3="3" periodicity4="4" phase1="0.00" phase2="3.141592653589793" phase3="0.00" phase4="3.141592653589793"/>
</PeriodicTorsionForce>
<NonbondedForce coulomb14scale="0.5" lj14scale="0.5">
<Atom type="opls_164" charge="-0.205700" sigma="0.294000" epsilon="0.255224" />
<Atom type="opls_160" charge="0.126300" sigma="0.350000" epsilon="0.276144" />
<Atom type="opls_165" charge="0.082500" sigma="0.250000" epsilon="0.125520" />
<Atom type="opls_161" charge="0.532300" sigma="0.325000" epsilon="0.259408" />
<Atom type="opls_162" charge="-0.635100" sigma="0.307000" epsilon="0.711280" />
<Atom type="opls_163" charge="0.428600" sigma="0.000000" epsilon="0.000000" />
</NonbondedForce>
</ForceField>
