<ForceField>
<AtomTypes>
<Type name="opls_479" class="H479" element="H" mass="1.008000" />
<Type name="opls_474" class="S474" element="S" mass="32.060000" />
<Type name="opls_488" class="C488" element="C" mass="12.011000" />
<Type name="opls_146" class="H146" element="H" mass="1.008000" />
<Type name="opls_145" class="C145" element="C" mass="12.011000" />
<Type name="opls_475" class="O475" element="O" mass="15.999000" />
<Type name="opls_478" class="N478" element="N" mass="14.007000" />
</AtomTypes>
<Residues>
<Residue name="NEU">
<Atom name="C00" type="opls_488" />
<Atom name="C01" type="opls_145" />
<Atom name="C02" type="opls_145" />
<Atom name="C03" type="opls_145" />
<Atom name="C04" type="opls_145" />
<Atom name="C05" type="opls_145" />
<Atom name="S06" type="opls_474" />
<Atom name="H07" type="opls_146" />
<Atom name="H08" type="opls_146" />
<Atom name="H09" type="opls_146" />
<Atom name="H0A" type="opls_146" />
<Atom name="H0B" type="opls_146" />
<Atom name="N0C" type="opls_478" />
<Atom name="O0D" type="opls_475" />
<Atom name="O0E" type="opls_475" />
<Atom name="H0F" type="opls_479" />
<Atom name="H0G" type="opls_479" />
<Bond from="0" to="1"/>
<Bond from="0" to="2"/>
<Bond from="1" to="3"/>
<Bond from="2" to="4"/>
<Bond from="3" to="5"/>
<Bond from="0" to="6"/>
<Bond from="1" to="7"/>
<Bond from="2" to="8"/>
<Bond from="3" to="9"/>
<Bond from="4" to="10"/>
<Bond from="5" to="11"/>
<Bond from="6" to="12"/>
<Bond from="6" to="13"/>
<Bond from="6" to="14"/>
<Bond from="12" to="15"/>
<Bond from="12" to="16"/>
<Bond from="4" to="5"/>
</Residue>
</Residues>
<HarmonicBondForce>
<Bond class1="C145" class2="C488" length="0.140000" k="392459.200000"/>
<Bond class1="C145" class2="C488" length="0.140000" k="392459.200000"/>
<Bond class1="C145" class2="C145" length="0.140000" k="392459.200000"/>
<Bond class1="C145" class2="C145" length="0.140000" k="392459.200000"/>
<Bond class1="C145" class2="C145" length="0.140000" k="392459.200000"/>
<Bond class1="S474" class2="C488" length="0.177000" k="284512.000000"/>
<Bond class1="H146" class2="C145" length="0.108000" k="307105.600000"/>
<Bond class1="H146" class2="C145" length="0.108000" k="307105.600000"/>
<Bond class1="H146" class2="C145" length="0.108000" k="307105.600000"/>
<Bond class1="H146" class2="C145" length="0.108000" k="307105.600000"/>
<Bond class1="H146" class2="C145" length="0.108000" k="307105.600000"/>
<Bond class1="N478" class2="S474" length="0.167000" k="363171.200000"/>
<Bond class1="O475" class2="S474" length="0.144000" k="585760.000000"/>
<Bond class1="O475" class2="S474" length="0.144000" k="585760.000000"/>
<Bond class1="H479" class2="N478" length="0.101000" k="363171.200000"/>
<Bond class1="H479" class2="N478" length="0.101000" k="363171.200000"/>
<Bond class1="C145" class2="C145" length="0.140000" k="392459.200000"/>
</HarmonicBondForce>
<HarmonicAngleForce>
<Angle class1="C145" class2="C488" class3="C145" angle="2.094395" k="527.184000"/>
<Angle class1="C488" class2="C145" class3="C145" angle="2.094395" k="527.184000"/>
<Angle class1="C145" class2="C145" class3="C145" angle="2.094395" k="527.184000"/>
<Angle class1="C145" class2="C488" class3="S474" angle="2.083923" k="711.280000"/>
<Angle class1="C488" class2="C145" class3="H146" angle="2.094395" k="292.880000"/>
<Angle class1="C145" class2="C145" class3="H146" angle="2.094395" k="292.880000"/>
<Angle class1="C488" class2="S474" class3="N478" angle="1.797689" k="836.800000"/>
<Angle class1="C488" class2="S474" class3="O475" angle="1.870993" k="619.232000"/>
<Angle class1="S474" class2="N478" class3="H479" angle="1.937315" k="836.800000"/>
<Angle class1="O475" class2="S474" class3="O475" angle="2.076942" k="870.272000"/>
<Angle class1="N478" class2="S474" class3="O475" angle="1.867502" k="1004.160000"/>
<Angle class1="H479" class2="N478" class3="H479" angle="2.094395" k="292.880000"/>
</HarmonicAngleForce>
<PeriodicTorsionForce>
<Proper class1="C145" class2="C145" class3="C145" class4="C145" k1="0.000000" k2="15.167000" k3="0.000000" k4="0.000000" periodicity1="1" periodicity2="2" periodicity3="3" periodicity4="4" phase1="0.00" phase2="3.141592653589793" phase3="0.00" phase4="3.141592653589793"/>
<Proper class1="C145" class2="C145" class3="C145" class4="C488" k1="0.000000" k2="15.167000" k3="0.000000" k4="0.000000" periodicity1="1" periodicity2="2" periodicity3="3" periodicity4="4" phase1="0.00" phase2="3.141592653589793" phase3="0.00" phase4="3.141592653589793"/>
<Proper class1="C145" class2="C145" class3="C488" class4="C145" k1="0.000000" k2="15.167000" k3="0.000000" k4="0.000000" periodicity1="1" periodicity2="2" periodicity3="3" periodicity4="4" phase1="0.00" phase2="3.141592653589793" phase3="0.00" phase4="3.141592653589793"/>
<Proper class1="H146" class2="C145" class3="C145" class4="C145" k1="0.000000" k2="15.167000" k3="0.000000" k4="0.000000" periodicity1="1" periodicity2="2" periodicity3="3" periodicity4="4" phase1="0.00" phase2="3.141592653589793" phase3="0.00" phase4="3.141592653589793"/>
<Proper class1="H146" class2="C145" class3="C145" class4="C488" k1="0.000000" k2="15.167000" k3="0.000000" k4="0.000000" periodicity1="1" periodicity2="2" periodicity3="3" periodicity4="4" phase1="0.00" phase2="3.141592653589793" phase3="0.00" phase4="3.141592653589793"/>
<Proper class1="H146" class2="C145" class3="C145" class4="H146" k1="0.000000" k2="15.167000" k3="0.000000" k4="0.000000" periodicity1="1" periodicity2="2" periodicity3="3" periodicity4="4" phase1="0.00" phase2="3.141592653589793" phase3="0.00" phase4="3.141592653589793"/>
<Proper class1="H146" class2="C145" class3="C488" class4="C145" k1="0.000000" k2="15.167000" k3="0.000000" k4="0.000000" periodicity1="1" periodicity2="2" periodicity3="3" periodicity4="4" phase1="0.00" phase2="3.141592653589793" phase3="0.00" phase4="3.141592653589793"/>
<Proper class1="H146" class2="C145" class3="C488" class4="S474" k1="0.000000" k2="15.167000" k3="0.000000" k4="0.000000" periodicity1="1" periodicity2="2" periodicity3="3" periodicity4="4" phase1="0.00" phase2="3.141592653589793" phase3="0.00" phase4="3.141592653589793"/>
<Proper class1="H479" class2="N478" class3="S474" class4="C488" k1="3.495732" k2="-10.252892" k3="1.399548" k4="0.000000" periodicity1="1" periodicity2="2" periodicity3="3" periodicity4="4" phase1="0.00" phase2="3.141592653589793" phase3="0.00" phase4="3.141592653589793"/>
<Proper class1="H479" class2="N478" class3="S474" class4="O475" k1="0.000000" k2="0.000000" k3="0.000000" k4="0.000000" periodicity1="1" periodicity2="2" periodicity3="3" periodicity4="4" phase1="0.00" phase2="3.141592653589793" phase3="0.00" phase4="3.141592653589793"/>
<Proper class1="N478" class2="S474" class3="C488" class4="C145" k1="3.464352" k2="-1.606656" k3="-0.244764" k4="0.000000" periodicity1="1" periodicity2="2" periodicity3="3" periodicity4="4" phase1="0.00" phase2="3.141592653589793" phase3="0.00" phase4="3.141592653589793"/>
<Proper class1="O475" class2="S474" class3="C488" class4="C145" k1="0.000000" k2="0.000000" k3="0.000000" k4="0.000000" periodicity1="1" periodicity2="2" periodicity3="3" periodicity4="4" phase1="0.00" phase2="3.141592653589793" phase3="0.00" phase4="3.141592653589793"/>
<Proper class1="S474" class2="C488" class3="C145" class4="C145" k1="0.000000" k2="15.167000" k3="0.000000" k4="0.000000" periodicity1="1" periodicity2="2" periodicity3="3" periodicity4="4" phase1="0.00" phase2="3.141592653589793" phase3="0.00" phase4="3.141592653589793"/>
</PeriodicTorsionForce>
<NonbondedForce coulomb14scale="0.5" lj14scale="0.5">
<Atom type="opls_474" charge="1.480000" sigma="0.355000" epsilon="1.046000" />
<Atom type="opls_488" charge="0.000000" sigma="0.355000" epsilon="0.292880" />
<Atom type="opls_479" charge="0.440000" sigma="0.000000" epsilon="0.000000" />
<Atom type="opls_145" charge="-0.115000" sigma="0.355000" epsilon="0.292880" />
<Atom type="opls_475" charge="-0.680000" sigma="0.296000" epsilon="0.711280" />
<Atom type="opls_146" charge="0.115000" sigma="0.242000" epsilon="0.125520" />
<Atom type="opls_478" charge="-1.000000" sigma="0.325000" epsilon="0.711280" />
</NonbondedForce>
</ForceField>
