<ForceField>
<AtomTypes>
<Type name="opls_628" class="N628" element="N" mass="14.007000" />
<Type name="opls_631" class="H631" element="H" mass="1.008000" />
<Type name="opls_632" class="H632" element="H" mass="1.008000" />
<Type name="opls_629" class="H629" element="H" mass="1.008000" />
<Type name="opls_626" class="N626" element="N" mass="14.007000" />
<Type name="opls_620" class="N620" element="N" mass="14.007000" />
<Type name="opls_624" class="C624" element="C" mass="12.011000" />
<Type name="opls_630" class="H630" element="H" mass="1.008000" />
<Type name="opls_622" class="N622" element="N" mass="14.007000" />
<Type name="opls_627" class="C627" element="C" mass="12.011000" />
<Type name="opls_623" class="C623" element="C" mass="12.011000" />
<Type name="opls_625" class="C625" element="C" mass="12.011000" />
<Type name="opls_621" class="C621" element="C" mass="12.011000" />
</AtomTypes>
<Residues>
<Residue name="NEU">
<Atom name="C00" type="opls_624" />
<Atom name="C01" type="opls_625" />
<Atom name="N02" type="opls_620" />
<Atom name="C03" type="opls_623" />
<Atom name="N04" type="opls_622" />
<Atom name="C05" type="opls_621" />
<Atom name="N06" type="opls_626" />
<Atom name="N07" type="opls_628" />
<Atom name="C08" type="opls_627" />
<Atom name="H09" type="opls_630" />
<Atom name="H0A" type="opls_629" />
<Atom name="H0B" type="opls_632" />
<Atom name="H0C" type="opls_631" />
<Bond from="0" to="1"/>
<Bond from="1" to="2"/>
<Bond from="0" to="3"/>
<Bond from="3" to="4"/>
<Bond from="2" to="5"/>
<Bond from="0" to="6"/>
<Bond from="3" to="7"/>
<Bond from="6" to="8"/>
<Bond from="1" to="9"/>
<Bond from="5" to="10"/>
<Bond from="7" to="11"/>
<Bond from="8" to="12"/>
<Bond from="4" to="5"/>
<Bond from="7" to="8"/>
</Residue>
</Residues>
<HarmonicBondForce>
<Bond class1="C625" class2="C624" length="0.140400" k="392459.200000"/>
<Bond class1="N620" class2="C625" length="0.133900" k="404174.400000"/>
<Bond class1="C623" class2="C624" length="0.137000" k="435136.000000"/>
<Bond class1="N622" class2="C623" length="0.135400" k="385764.800000"/>
<Bond class1="C621" class2="N620" length="0.132400" k="420073.600000"/>
<Bond class1="N626" class2="C624" length="0.139100" k="346435.200000"/>
<Bond class1="N628" class2="C623" length="0.137400" k="364844.800000"/>
<Bond class1="C627" class2="N626" length="0.130400" k="442667.200000"/>
<Bond class1="H630" class2="C625" length="0.108000" k="307105.600000"/>
<Bond class1="H629" class2="C621" length="0.108000" k="307105.600000"/>
<Bond class1="H632" class2="N628" length="0.101000" k="363171.200000"/>
<Bond class1="H631" class2="C627" length="0.108000" k="284512.000000"/>
<Bond class1="C621" class2="N622" length="0.132400" k="420073.600000"/>
<Bond class1="C627" class2="N628" length="0.137100" k="368192.000000"/>
</HarmonicBondForce>
<HarmonicAngleForce>
<Angle class1="C624" class2="C625" class3="N620" angle="2.047271" k="585.760000"/>
<Angle class1="C625" class2="C624" class3="C623" angle="2.047271" k="711.280000"/>
<Angle class1="C624" class2="C623" class3="N622" angle="2.228785" k="585.760000"/>
<Angle class1="C625" class2="N620" class3="C621" angle="2.069960" k="585.760000"/>
<Angle class1="C625" class2="C624" class3="N626" angle="2.310816" k="585.760000"/>
<Angle class1="C624" class2="C623" class3="N628" angle="1.853540" k="585.760000"/>
<Angle class1="C624" class2="N626" class3="C627" angle="1.811652" k="585.760000"/>
<Angle class1="C624" class2="C625" class3="H630" angle="2.094395" k="292.880000"/>
<Angle class1="N620" class2="C621" class3="H629" angle="2.014983" k="292.880000"/>
<Angle class1="C623" class2="N628" class3="H632" angle="2.195624" k="251.040000"/>
<Angle class1="N626" class2="C627" class3="H631" angle="2.094395" k="292.880000"/>
<Angle class1="N628" class2="C627" class3="H631" angle="2.094395" k="292.880000"/>
<Angle class1="C623" class2="N622" class3="C621" angle="1.937315" k="585.760000"/>
<Angle class1="C623" class2="C624" class3="N626" angle="1.937315" k="585.760000"/>
<Angle class1="N626" class2="C627" class3="N628" angle="1.987930" k="585.760000"/>
<Angle class1="N620" class2="C621" class3="N622" angle="2.253220" k="585.760000"/>
<Angle class1="C627" class2="N628" class3="H632" angle="2.247984" k="251.040000"/>
<Angle class1="N622" class2="C621" class3="H629" angle="2.014983" k="292.880000"/>
<Angle class1="N622" class2="C623" class3="N628" angle="2.202606" k="585.760000"/>
<Angle class1="C623" class2="N628" class3="C627" angle="1.839577" k="585.760000"/>
<Angle class1="N620" class2="C625" class3="H630" angle="2.024582" k="292.880000"/>
</HarmonicAngleForce>
<PeriodicTorsionForce>
<Proper class1="C621" class2="N620" class3="C625" class4="C624" k1="0.000000" k2="15.167000" k3="0.000000" k4="0.000000" periodicity1="1" periodicity2="2" periodicity3="3" periodicity4="4" phase1="0.00" phase2="3.141592653589793" phase3="0.00" phase4="3.141592653589793"/>
<Proper class1="C621" class2="N622" class3="C623" class4="C624" k1="0.000000" k2="15.167000" k3="0.000000" k4="0.000000" periodicity1="1" periodicity2="2" periodicity3="3" periodicity4="4" phase1="0.00" phase2="3.141592653589793" phase3="0.00" phase4="3.141592653589793"/>
<Proper class1="C623" class2="C624" class3="C625" class4="N620" k1="0.000000" k2="14.644000" k3="0.000000" k4="0.000000" periodicity1="1" periodicity2="2" periodicity3="3" periodicity4="4" phase1="0.00" phase2="3.141592653589793" phase3="0.00" phase4="3.141592653589793"/>
<Proper class1="C623" class2="N622" class3="C621" class4="N620" k1="0.000000" k2="15.167000" k3="0.000000" k4="0.000000" periodicity1="1" periodicity2="2" periodicity3="3" periodicity4="4" phase1="0.00" phase2="3.141592653589793" phase3="0.00" phase4="3.141592653589793"/>
<Proper class1="C627" class2="N626" class3="C624" class4="C625" k1="0.000000" k2="15.167000" k3="0.000000" k4="0.000000" periodicity1="1" periodicity2="2" periodicity3="3" periodicity4="4" phase1="0.00" phase2="3.141592653589793" phase3="0.00" phase4="3.141592653589793"/>
<Proper class1="C627" class2="N628" class3="C623" class4="N622" k1="0.000000" k2="15.167000" k3="0.000000" k4="0.000000" periodicity1="1" periodicity2="2" periodicity3="3" periodicity4="4" phase1="0.00" phase2="3.141592653589793" phase3="0.00" phase4="3.141592653589793"/>
<Proper class1="H629" class2="C621" class3="N620" class4="C625" k1="0.000000" k2="15.167000" k3="0.000000" k4="0.000000" periodicity1="1" periodicity2="2" periodicity3="3" periodicity4="4" phase1="0.00" phase2="3.141592653589793" phase3="0.00" phase4="3.141592653589793"/>
<Proper class1="H629" class2="C621" class3="N622" class4="C623" k1="0.000000" k2="15.167000" k3="0.000000" k4="0.000000" periodicity1="1" periodicity2="2" periodicity3="3" periodicity4="4" phase1="0.00" phase2="3.141592653589793" phase3="0.00" phase4="3.141592653589793"/>
<Proper class1="H630" class2="C625" class3="C624" class4="C623" k1="0.000000" k2="15.167000" k3="0.000000" k4="0.000000" periodicity1="1" periodicity2="2" periodicity3="3" periodicity4="4" phase1="0.00" phase2="3.141592653589793" phase3="0.00" phase4="3.141592653589793"/>
<Proper class1="H630" class2="C625" class3="C624" class4="N626" k1="0.000000" k2="15.167000" k3="0.000000" k4="0.000000" periodicity1="1" periodicity2="2" periodicity3="3" periodicity4="4" phase1="0.00" phase2="3.141592653589793" phase3="0.00" phase4="3.141592653589793"/>
<Proper class1="H630" class2="C625" class3="N620" class4="C621" k1="0.000000" k2="15.167000" k3="0.000000" k4="0.000000" periodicity1="1" periodicity2="2" periodicity3="3" periodicity4="4" phase1="0.00" phase2="3.141592653589793" phase3="0.00" phase4="3.141592653589793"/>
<Proper class1="H631" class2="C627" class3="N626" class4="C624" k1="0.000000" k2="15.167000" k3="0.000000" k4="0.000000" periodicity1="1" periodicity2="2" periodicity3="3" periodicity4="4" phase1="0.00" phase2="3.141592653589793" phase3="0.00" phase4="3.141592653589793"/>
<Proper class1="H631" class2="C627" class3="N628" class4="C623" k1="0.000000" k2="0.313800" k3="0.000000" k4="0.000000" periodicity1="1" periodicity2="2" periodicity3="3" periodicity4="4" phase1="0.00" phase2="3.141592653589793" phase3="0.00" phase4="3.141592653589793"/>
<Proper class1="H631" class2="C627" class3="N628" class4="H632" k1="0.000000" k2="10.460000" k3="0.000000" k4="0.000000" periodicity1="1" periodicity2="2" periodicity3="3" periodicity4="4" phase1="0.00" phase2="3.141592653589793" phase3="0.00" phase4="3.141592653589793"/>
<Proper class1="H632" class2="N628" class3="C623" class4="C624" k1="0.000000" k2="10.460000" k3="0.000000" k4="0.000000" periodicity1="1" periodicity2="2" periodicity3="3" periodicity4="4" phase1="0.00" phase2="3.141592653589793" phase3="0.00" phase4="3.141592653589793"/>
<Proper class1="H632" class2="N628" class3="C623" class4="N622" k1="0.000000" k2="10.460000" k3="0.000000" k4="0.000000" periodicity1="1" periodicity2="2" periodicity3="3" periodicity4="4" phase1="0.00" phase2="3.141592653589793" phase3="0.00" phase4="3.141592653589793"/>
<Proper class1="H632" class2="N628" class3="C627" class4="N626" k1="0.000000" k2="15.167000" k3="0.000000" k4="0.000000" periodicity1="1" periodicity2="2" periodicity3="3" periodicity4="4" phase1="0.00" phase2="3.141592653589793" phase3="0.00" phase4="3.141592653589793"/>
<Proper class1="N622" class2="C621" class3="N620" class4="C625" k1="0.000000" k2="15.167000" k3="0.000000" k4="0.000000" periodicity1="1" periodicity2="2" periodicity3="3" periodicity4="4" phase1="0.00" phase2="3.141592653589793" phase3="0.00" phase4="3.141592653589793"/>
<Proper class1="N622" class2="C623" class3="C624" class4="C625" k1="0.000000" k2="15.167000" k3="0.000000" k4="0.000000" periodicity1="1" periodicity2="2" periodicity3="3" periodicity4="4" phase1="0.00" phase2="3.141592653589793" phase3="0.00" phase4="3.141592653589793"/>
<Proper class1="N626" class2="C624" class3="C623" class4="N622" k1="0.000000" k2="15.167000" k3="0.000000" k4="0.000000" periodicity1="1" periodicity2="2" periodicity3="3" periodicity4="4" phase1="0.00" phase2="3.141592653589793" phase3="0.00" phase4="3.141592653589793"/>
<Proper class1="N626" class2="C624" class3="C625" class4="N620" k1="0.000000" k2="14.644000" k3="0.000000" k4="0.000000" periodicity1="1" periodicity2="2" periodicity3="3" periodicity4="4" phase1="0.00" phase2="3.141592653589793" phase3="0.00" phase4="3.141592653589793"/>
<Proper class1="N628" class2="C623" class3="C624" class4="C625" k1="0.000000" k2="15.167000" k3="0.000000" k4="0.000000" periodicity1="1" periodicity2="2" periodicity3="3" periodicity4="4" phase1="0.00" phase2="3.141592653589793" phase3="0.00" phase4="3.141592653589793"/>
<Proper class1="N628" class2="C623" class3="N622" class4="C621" k1="0.000000" k2="15.167000" k3="0.000000" k4="0.000000" periodicity1="1" periodicity2="2" periodicity3="3" periodicity4="4" phase1="0.00" phase2="3.141592653589793" phase3="0.00" phase4="3.141592653589793"/>
<Improper class1="C625" class2="C624" class3="N620" class4="H630" k1="0.000000" k2="10.460000" k3="0.000000" k4="0.000000" periodicity1="1" periodicity2="2" periodicity3="3" periodicity4="4" phase1="0.00" phase2="3.141592653589793" phase3="0.00" phase4="3.141592653589793"/>
<Improper class1="C624" class2="C625" class3="C623" class4="N626" k1="0.000000" k2="10.460000" k3="0.000000" k4="0.000000" periodicity1="1" periodicity2="2" periodicity3="3" periodicity4="4" phase1="0.00" phase2="3.141592653589793" phase3="0.00" phase4="3.141592653589793"/>
<Improper class1="C621" class2="H629" class3="N620" class4="N622" k1="0.000000" k2="10.460000" k3="0.000000" k4="0.000000" periodicity1="1" periodicity2="2" periodicity3="3" periodicity4="4" phase1="0.00" phase2="3.141592653589793" phase3="0.00" phase4="3.141592653589793"/>
<Improper class1="C623" class2="C624" class3="N622" class4="N628" k1="0.000000" k2="10.460000" k3="0.000000" k4="0.000000" periodicity1="1" periodicity2="2" periodicity3="3" periodicity4="4" phase1="0.00" phase2="3.141592653589793" phase3="0.00" phase4="3.141592653589793"/>
<Improper class1="C627" class2="H631" class3="N626" class4="N628" k1="0.000000" k2="10.460000" k3="0.000000" k4="0.000000" periodicity1="1" periodicity2="2" periodicity3="3" periodicity4="4" phase1="0.00" phase2="3.141592653589793" phase3="0.00" phase4="3.141592653589793"/>
</PeriodicTorsionForce>
<NonbondedForce coulomb14scale="0.5" lj14scale="0.5">
<Atom type="opls_630" charge="0.101000" sigma="0.242000" epsilon="0.125520" />
<Atom type="opls_624" charge="0.038000" sigma="0.355000" epsilon="0.292880" />
<Atom type="opls_626" charge="-0.642000" sigma="0.325000" epsilon="0.711280" />
<Atom type="opls_627" charge="0.452000" sigma="0.355000" epsilon="0.292880" />
<Atom type="opls_621" charge="0.679000" sigma="0.355000" epsilon="0.292880" />
<Atom type="opls_629" charge="0.024000" sigma="0.242000" epsilon="0.125520" />
<Atom type="opls_631" charge="0.086000" sigma="0.242000" epsilon="0.125520" />
<Atom type="opls_620" charge="-0.760000" sigma="0.325000" epsilon="0.711280" />
<Atom type="opls_622" charge="-0.788000" sigma="0.325000" epsilon="0.711280" />
<Atom type="opls_632" charge="0.413000" sigma="0.000000" epsilon="0.000000" />
<Atom type="opls_623" charge="0.736000" sigma="0.355000" epsilon="0.292880" />
<Atom type="opls_625" charge="0.343000" sigma="0.355000" epsilon="0.292880" />
<Atom type="opls_628" charge="-0.682000" sigma="0.325000" epsilon="0.711280" />
</NonbondedForce>
</ForceField>
