<ForceField>
<AtomTypes>
<Type name="opls_202" class="S202" element="S" mass="32.060000" />
<Type name="opls_135" class="C135" element="C" mass="12.011000" />
<Type name="opls_209" class="C209" element="C" mass="12.011000" />
<Type name="opls_210" class="C210" element="C" mass="12.011000" />
<Type name="opls_140" class="H140" element="H" mass="1.008000" />
</AtomTypes>
<Residues>
<Residue name="NEU">
<Atom name="S00" type="opls_202" />
<Atom name="C01" type="opls_209" />
<Atom name="C02" type="opls_210" />
<Atom name="H03" type="opls_140" />
<Atom name="H04" type="opls_140" />
<Atom name="H05" type="opls_140" />
<Atom name="C06" type="opls_135" />
<Atom name="H07" type="opls_140" />
<Atom name="H08" type="opls_140" />
<Atom name="H09" type="opls_140" />
<Atom name="H0A" type="opls_140" />
<Atom name="H0B" type="opls_140" />
<Bond from="0" to="1"/>
<Bond from="0" to="2"/>
<Bond from="1" to="3"/>
<Bond from="1" to="4"/>
<Bond from="1" to="5"/>
<Bond from="2" to="6"/>
<Bond from="2" to="7"/>
<Bond from="2" to="8"/>
<Bond from="6" to="9"/>
<Bond from="6" to="10"/>
<Bond from="6" to="11"/>
</Residue>
</Residues>
<HarmonicBondForce>
<Bond class1="C209" class2="S202" length="0.181000" k="185769.600000"/>
<Bond class1="C210" class2="S202" length="0.181000" k="185769.600000"/>
<Bond class1="H140" class2="C209" length="0.109000" k="284512.000000"/>
<Bond class1="H140" class2="C209" length="0.109000" k="284512.000000"/>
<Bond class1="H140" class2="C209" length="0.109000" k="284512.000000"/>
<Bond class1="C135" class2="C210" length="0.152900" k="224262.400000"/>
<Bond class1="H140" class2="C210" length="0.109000" k="284512.000000"/>
<Bond class1="H140" class2="C210" length="0.109000" k="284512.000000"/>
<Bond class1="H140" class2="C135" length="0.109000" k="284512.000000"/>
<Bond class1="H140" class2="C135" length="0.109000" k="284512.000000"/>
<Bond class1="H140" class2="C135" length="0.109000" k="284512.000000"/>
</HarmonicBondForce>
<HarmonicAngleForce>
<Angle class1="C209" class2="S202" class3="C210" angle="1.726131" k="518.816000"/>
<Angle class1="S202" class2="C209" class3="H140" angle="1.911136" k="292.880000"/>
<Angle class1="S202" class2="C210" class3="C135" angle="2.001893" k="418.400000"/>
<Angle class1="S202" class2="C210" class3="H140" angle="1.911136" k="292.880000"/>
<Angle class1="C210" class2="C135" class3="H140" angle="1.932079" k="313.800000"/>
<Angle class1="H140" class2="C209" class3="H140" angle="1.881465" k="276.144000"/>
<Angle class1="H140" class2="C210" class3="H140" angle="1.881465" k="276.144000"/>
<Angle class1="C135" class2="C210" class3="H140" angle="1.932079" k="313.800000"/>
<Angle class1="H140" class2="C135" class3="H140" angle="1.881465" k="276.144000"/>
</HarmonicAngleForce>
<PeriodicTorsionForce>
<Proper class1="C135" class2="C210" class3="S202" class4="C209" k1="1.935100" k2="-1.204992" k3="1.416284" k4="0.000000" periodicity1="1" periodicity2="2" periodicity3="3" periodicity4="4" phase1="0.00" phase2="3.141592653589793" phase3="0.00" phase4="3.141592653589793"/>
<Proper class1="H140" class2="C135" class3="C210" class4="H140" k1="0.000000" k2="0.000000" k3="0.627600" k4="0.000000" periodicity1="1" periodicity2="2" periodicity3="3" periodicity4="4" phase1="0.00" phase2="3.141592653589793" phase3="0.00" phase4="3.141592653589793"/>
<Proper class1="H140" class2="C135" class3="C210" class4="S202" k1="0.000000" k2="0.000000" k3="0.945584" k4="0.000000" periodicity1="1" periodicity2="2" periodicity3="3" periodicity4="4" phase1="0.00" phase2="3.141592653589793" phase3="0.00" phase4="3.141592653589793"/>
<Proper class1="H140" class2="C209" class3="S202" class4="C210" k1="0.000000" k2="0.000000" k3="1.353524" k4="0.000000" periodicity1="1" periodicity2="2" periodicity3="3" periodicity4="4" phase1="0.00" phase2="3.141592653589793" phase3="0.00" phase4="3.141592653589793"/>
<Proper class1="H140" class2="C210" class3="S202" class4="C209" k1="0.000000" k2="0.000000" k3="1.353524" k4="0.000000" periodicity1="1" periodicity2="2" periodicity3="3" periodicity4="4" phase1="0.00" phase2="3.141592653589793" phase3="0.00" phase4="3.141592653589793"/>
</PeriodicTorsionForce>
<NonbondedForce coulomb14scale="0.5" lj14scale="0.5">
<Atom type="opls_140" charge="0.060000" sigma="0.250000" epsilon="0.125520" />
<Atom type="opls_202" charge="-0.335000" sigma="0.360000" epsilon="1.485320" />
<Atom type="opls_135" charge="-0.180000" sigma="0.350000" epsilon="0.276144" />
<Atom type="opls_210" charge="0.047500" sigma="0.350000" epsilon="0.276144" />
<Atom type="opls_209" charge="-0.012500" sigma="0.350000" epsilon="0.276144" />
</NonbondedForce>
</ForceField>
