<ForceField>
<AtomTypes>
<Type name="opls_185" class="H185" element="H" mass="1.008000" />
<Type name="opls_144" class="H144" element="H" mass="1.008000" />
<Type name="opls_179" class="O179" element="O" mass="15.999000" />
<Type name="opls_182" class="C182" element="C" mass="12.011000" />
<Type name="opls_142" class="C142" element="C" mass="12.011000" />
<Type name="opls_517" class="C517" element="C" mass="12.011000" />
<Type name="opls_143" class="C143" element="C" mass="12.011000" />
</AtomTypes>
<Residues>
<Residue name="NEU">
<Atom name="C00" type="opls_182" />
<Atom name="C01" type="opls_142" />
<Atom name="O02" type="opls_179" />
<Atom name="H03" type="opls_185" />
<Atom name="H04" type="opls_185" />
<Atom name="C05" type="opls_143" />
<Atom name="H06" type="opls_144" />
<Atom name="H07" type="opls_144" />
<Atom name="H08" type="opls_144" />
<Atom name="C09" type="opls_517" />
<Atom name="C0A" type="opls_143" />
<Atom name="H0B" type="opls_144" />
<Atom name="H0C" type="opls_144" />
<Atom name="H0D" type="opls_144" />
<Bond from="0" to="1"/>
<Bond from="0" to="2"/>
<Bond from="0" to="3"/>
<Bond from="0" to="4"/>
<Bond from="1" to="5"/>
<Bond from="1" to="6"/>
<Bond from="5" to="7"/>
<Bond from="5" to="8"/>
<Bond from="2" to="9"/>
<Bond from="9" to="10"/>
<Bond from="9" to="11"/>
<Bond from="10" to="12"/>
<Bond from="10" to="13"/>
</Residue>
</Residues>
<HarmonicBondForce>
<Bond class1="C142" class2="C182" length="0.151000" k="265265.600000"/>
<Bond class1="O179" class2="C182" length="0.141000" k="267776.000000"/>
<Bond class1="H185" class2="C182" length="0.109000" k="284512.000000"/>
<Bond class1="H185" class2="C182" length="0.109000" k="284512.000000"/>
<Bond class1="C143" class2="C142" length="0.134000" k="459403.200000"/>
<Bond class1="H144" class2="C142" length="0.108000" k="284512.000000"/>
<Bond class1="H144" class2="C143" length="0.108000" k="284512.000000"/>
<Bond class1="H144" class2="C143" length="0.108000" k="284512.000000"/>
<Bond class1="C517" class2="O179" length="0.137000" k="376560.000000"/>
<Bond class1="C143" class2="C517" length="0.134000" k="459403.200000"/>
<Bond class1="H144" class2="C517" length="0.108000" k="284512.000000"/>
<Bond class1="H144" class2="C143" length="0.108000" k="284512.000000"/>
<Bond class1="H144" class2="C143" length="0.108000" k="284512.000000"/>
</HarmonicBondForce>
<HarmonicAngleForce>
<Angle class1="C142" class2="C182" class3="O179" angle="1.911136" k="418.400000"/>
<Angle class1="C142" class2="C182" class3="H185" angle="1.911136" k="292.880000"/>
<Angle class1="C182" class2="C142" class3="C143" angle="2.164208" k="585.760000"/>
<Angle class1="C182" class2="C142" class3="H144" angle="2.042035" k="292.880000"/>
<Angle class1="C142" class2="C143" class3="H144" angle="2.094395" k="292.880000"/>
<Angle class1="C182" class2="O179" class3="C517" angle="1.937315" k="627.600000"/>
<Angle class1="O179" class2="C517" class3="C143" angle="2.146755" k="585.760000"/>
<Angle class1="O179" class2="C517" class3="H144" angle="1.998402" k="292.880000"/>
<Angle class1="C517" class2="C143" class3="H144" angle="2.094395" k="292.880000"/>
<Angle class1="H144" class2="C143" class3="H144" angle="2.042035" k="292.880000"/>
<Angle class1="O179" class2="C182" class3="H185" angle="1.911136" k="292.880000"/>
<Angle class1="C143" class2="C142" class3="H144" angle="2.094395" k="292.880000"/>
<Angle class1="C143" class2="C517" class3="H144" angle="2.094395" k="292.880000"/>
<Angle class1="H185" class2="C182" class3="H185" angle="1.881465" k="276.144000"/>
</HarmonicAngleForce>
<PeriodicTorsionForce>
<Proper class1="C143" class2="C142" class3="C182" class4="H185" k1="0.000000" k2="0.000000" k3="-0.778224" k4="0.000000" periodicity1="1" periodicity2="2" periodicity3="3" periodicity4="4" phase1="0.00" phase2="3.141592653589793" phase3="0.00" phase4="3.141592653589793"/>
<Proper class1="C143" class2="C142" class3="C182" class4="O179" k1="1.046000" k2="0.000000" k3="0.000000" k4="0.000000" periodicity1="1" periodicity2="2" periodicity3="3" periodicity4="4" phase1="0.00" phase2="3.141592653589793" phase3="0.00" phase4="3.141592653589793"/>
<Proper class1="C143" class2="C517" class3="O179" class4="C182" k1="-7.322000" k2="6.276000" k3="0.000000" k4="0.000000" periodicity1="1" periodicity2="2" periodicity3="3" periodicity4="4" phase1="0.00" phase2="3.141592653589793" phase3="0.00" phase4="3.141592653589793"/>
<Proper class1="C517" class2="O179" class3="C182" class4="C142" k1="1.359800" k2="-0.523000" k3="1.401640" k4="0.000000" periodicity1="1" periodicity2="2" periodicity3="3" periodicity4="4" phase1="0.00" phase2="3.141592653589793" phase3="0.00" phase4="3.141592653589793"/>
<Proper class1="C517" class2="O179" class3="C182" class4="H185" k1="0.000000" k2="0.000000" k3="1.589920" k4="0.000000" periodicity1="1" periodicity2="2" periodicity3="3" periodicity4="4" phase1="0.00" phase2="3.141592653589793" phase3="0.00" phase4="3.141592653589793"/>
<Proper class1="H144" class2="C142" class3="C182" class4="H185" k1="0.000000" k2="0.000000" k3="0.665256" k4="0.000000" periodicity1="1" periodicity2="2" periodicity3="3" periodicity4="4" phase1="0.00" phase2="3.141592653589793" phase3="0.00" phase4="3.141592653589793"/>
<Proper class1="H144" class2="C142" class3="C182" class4="O179" k1="0.000000" k2="0.000000" k3="0.979056" k4="0.000000" periodicity1="1" periodicity2="2" periodicity3="3" periodicity4="4" phase1="0.00" phase2="3.141592653589793" phase3="0.00" phase4="3.141592653589793"/>
<Proper class1="H144" class2="C143" class3="C142" class4="C182" k1="0.000000" k2="29.288000" k3="0.000000" k4="0.000000" periodicity1="1" periodicity2="2" periodicity3="3" periodicity4="4" phase1="0.00" phase2="3.141592653589793" phase3="0.00" phase4="3.141592653589793"/>
<Proper class1="H144" class2="C143" class3="C142" class4="H144" k1="0.000000" k2="29.288000" k3="0.000000" k4="0.000000" periodicity1="1" periodicity2="2" periodicity3="3" periodicity4="4" phase1="0.00" phase2="3.141592653589793" phase3="0.00" phase4="3.141592653589793"/>
<Proper class1="H144" class2="C143" class3="C517" class4="H144" k1="0.000000" k2="29.288000" k3="0.000000" k4="0.000000" periodicity1="1" periodicity2="2" periodicity3="3" periodicity4="4" phase1="0.00" phase2="3.141592653589793" phase3="0.00" phase4="3.141592653589793"/>
<Proper class1="H144" class2="C143" class3="C517" class4="O179" k1="0.000000" k2="29.288000" k3="0.000000" k4="0.000000" periodicity1="1" periodicity2="2" periodicity3="3" periodicity4="4" phase1="0.00" phase2="3.141592653589793" phase3="0.00" phase4="3.141592653589793"/>
<Proper class1="H144" class2="C517" class3="O179" class4="C182" k1="0.000000" k2="0.000000" k3="1.589920" k4="0.000000" periodicity1="1" periodicity2="2" periodicity3="3" periodicity4="4" phase1="0.00" phase2="3.141592653589793" phase3="0.00" phase4="3.141592653589793"/>
<Improper class1="C517" class2="C143" class3="H144" class4="O179" k1="0.000000" k2="10.460000" k3="0.000000" k4="0.000000" periodicity1="1" periodicity2="2" periodicity3="3" periodicity4="4" phase1="0.00" phase2="3.141592653589793" phase3="0.00" phase4="3.141592653589793"/>
<Improper class1="C142" class2="C182" class3="C143" class4="H144" k1="0.000000" k2="10.460000" k3="0.000000" k4="0.000000" periodicity1="1" periodicity2="2" periodicity3="3" periodicity4="4" phase1="0.00" phase2="3.141592653589793" phase3="0.00" phase4="3.141592653589793"/>
<Improper class1="C182" class2="C142" class3="O179" class4="H185" k1="0.000000" k2="0.000000" k3="0.000000" k4="0.000000" periodicity1="1" periodicity2="2" periodicity3="3" periodicity4="4" phase1="0.00" phase2="3.141592653589793" phase3="0.00" phase4="3.141592653589793"/>
</PeriodicTorsionForce>
<NonbondedForce coulomb14scale="0.5" lj14scale="0.5">
<Atom type="opls_182" charge="0.140000" sigma="0.350000" epsilon="0.276144" />
<Atom type="opls_144" charge="0.115000" sigma="0.242000" epsilon="0.125520" />
<Atom type="opls_143" charge="-0.230000" sigma="0.355000" epsilon="0.317984" />
<Atom type="opls_179" charge="-0.285000" sigma="0.290000" epsilon="0.585760" />
<Atom type="opls_517" charge="-0.030000" sigma="0.355000" epsilon="0.317984" />
<Atom type="opls_142" charge="-0.115000" sigma="0.355000" epsilon="0.317984" />
<Atom type="opls_185" charge="0.030000" sigma="0.250000" epsilon="0.125520" />
</NonbondedForce>
</ForceField>
