<ForceField>
<AtomTypes>
<Type name="opls_269" class="O269" element="O" mass="15.999000" />
<Type name="opls_267" class="C267" element="C" mass="12.011000" />
<Type name="opls_268" class="O268" element="O" mass="15.999000" />
<Type name="opls_279" class="H279" element="H" mass="1.008000" />
<Type name="opls_270" class="H270" element="H" mass="1.008000" />
</AtomTypes>
<Residues>
<Residue name="NEU">
<Atom name="C00" type="opls_267" />
<Atom name="O01" type="opls_269" />
<Atom name="O02" type="opls_268" />
<Atom name="H03" type="opls_270" />
<Atom name="H04" type="opls_279" />
<Bond from="0" to="1"/>
<Bond from="0" to="2"/>
<Bond from="2" to="3"/>
<Bond from="0" to="4"/>
</Residue>
</Residues>
<HarmonicBondForce>
<Bond class1="O269" class2="C267" length="0.122900" k="476976.000000"/>
<Bond class1="O268" class2="C267" length="0.136400" k="376560.000000"/>
<Bond class1="H270" class2="O268" length="0.094500" k="462750.400000"/>
<Bond class1="H279" class2="C267" length="0.109000" k="284512.000000"/>
</HarmonicBondForce>
<HarmonicAngleForce>
<Angle class1="O269" class2="C267" class3="O268" angle="2.111848" k="669.440000"/>
<Angle class1="C267" class2="O268" class3="H270" angle="1.972222" k="292.880000"/>
<Angle class1="O269" class2="C267" class3="H279" angle="2.146755" k="292.880000"/>
<Angle class1="O268" class2="C267" class3="H279" angle="2.007129" k="334.720000"/>
</HarmonicAngleForce>
<PeriodicTorsionForce>
<Proper class1="H270" class2="O268" class3="C267" class4="O269" k1="0.000000" k2="11.506000" k3="0.000000" k4="0.000000" periodicity1="1" periodicity2="2" periodicity3="3" periodicity4="4" phase1="0.00" phase2="3.141592653589793" phase3="0.00" phase4="3.141592653589793"/>
<Proper class1="H279" class2="C267" class3="O268" class4="H270" k1="3.138000" k2="11.506000" k3="0.000000" k4="0.000000" periodicity1="1" periodicity2="2" periodicity3="3" periodicity4="4" phase1="0.00" phase2="3.141592653589793" phase3="0.00" phase4="3.141592653589793"/>
<Improper class1="C267" class2="O269" class3="O268" class4="H279" k1="0.000000" k2="43.932000" k3="0.000000" k4="0.000000" periodicity1="1" periodicity2="2" periodicity3="3" periodicity4="4" phase1="0.00" phase2="3.141592653589793" phase3="0.00" phase4="3.141592653589793"/>
</PeriodicTorsionForce>
<NonbondedForce coulomb14scale="0.5" lj14scale="0.5">
<Atom type="opls_269" charge="-0.440000" sigma="0.296000" epsilon="0.878640" />
<Atom type="opls_279" charge="0.000000" sigma="0.242000" epsilon="0.062760" />
<Atom type="opls_268" charge="-0.530000" sigma="0.300000" epsilon="0.711280" />
<Atom type="opls_267" charge="0.520000" sigma="0.375000" epsilon="0.439320" />
<Atom type="opls_270" charge="0.450000" sigma="0.000000" epsilon="0.000000" />
</NonbondedForce>
</ForceField>
