<ForceField>
<AtomTypes>
<Type name="opls_135" class="C135" element="C" mass="12.011000" />
<Type name="opls_1015" class="H015" element="H" mass="1.008000" />
<Type name="opls_140" class="H140" element="H" mass="1.008000" />
<Type name="opls_1014" class="I014" element="I" mass="126.904470" />
<Type name="opls_1011" class="C011" element="C" mass="12.011000" />
</AtomTypes>
<Residues>
<Residue name="NEU">
<Atom name="C00" type="opls_1011" />
<Atom name="C01" type="opls_135" />
<Atom name="H02" type="opls_140" />
<Atom name="I03" type="opls_1014" />
<Atom name="H04" type="opls_1015" />
<Atom name="H05" type="opls_1015" />
<Atom name="H06" type="opls_140" />
<Atom name="H07" type="opls_140" />
<Bond from="0" to="1"/>
<Bond from="1" to="2"/>
<Bond from="0" to="3"/>
<Bond from="0" to="4"/>
<Bond from="0" to="5"/>
<Bond from="1" to="6"/>
<Bond from="1" to="7"/>
</Residue>
</Residues>
<HarmonicBondForce>
<Bond class1="C135" class2="C011" length="0.152900" k="224262.400000"/>
<Bond class1="H140" class2="C135" length="0.109000" k="284512.000000"/>
<Bond class1="I014" class2="C011" length="0.219000" k="167360.000000"/>
<Bond class1="H015" class2="C011" length="0.109000" k="284512.000000"/>
<Bond class1="H015" class2="C011" length="0.109000" k="284512.000000"/>
<Bond class1="H140" class2="C135" length="0.109000" k="284512.000000"/>
<Bond class1="H140" class2="C135" length="0.109000" k="284512.000000"/>
</HarmonicBondForce>
<HarmonicAngleForce>
<Angle class1="C011" class2="C135" class3="H140" angle="1.932079" k="313.800000"/>
<Angle class1="C135" class2="C011" class3="I014" angle="1.954769" k="627.600000"/>
<Angle class1="C135" class2="C011" class3="H015" angle="1.932079" k="313.800000"/>
<Angle class1="I014" class2="C011" class3="H015" angle="1.937315" k="627.600000"/>
<Angle class1="H015" class2="C011" class3="H015" angle="1.881465" k="276.144000"/>
<Angle class1="H140" class2="C135" class3="H140" angle="1.881465" k="276.144000"/>
</HarmonicAngleForce>
<PeriodicTorsionForce>
<Proper class1="H015" class2="C011" class3="C135" class4="H140" k1="0.000000" k2="0.000000" k3="0.627600" k4="0.000000" periodicity1="1" periodicity2="2" periodicity3="3" periodicity4="4" phase1="0.00" phase2="3.141592653589793" phase3="0.00" phase4="3.141592653589793"/>
<Proper class1="H140" class2="C135" class3="C011" class4="H015" k1="0.000000" k2="0.000000" k3="0.627600" k4="0.000000" periodicity1="1" periodicity2="2" periodicity3="3" periodicity4="4" phase1="0.00" phase2="3.141592653589793" phase3="0.00" phase4="3.141592653589793"/>
<Proper class1="H140" class2="C135" class3="C011" class4="I014" k1="0.000000" k2="0.000000" k3="0.836800" k4="0.000000" periodicity1="1" periodicity2="2" periodicity3="3" periodicity4="4" phase1="0.00" phase2="3.141592653589793" phase3="0.00" phase4="3.141592653589793"/>
<Proper class1="I014" class2="C011" class3="C135" class4="H140" k1="0.000000" k2="0.000000" k3="0.836800" k4="0.000000" periodicity1="1" periodicity2="2" periodicity3="3" periodicity4="4" phase1="0.00" phase2="3.141592653589793" phase3="0.00" phase4="3.141592653589793"/>
</PeriodicTorsionForce>
<NonbondedForce coulomb14scale="0.5" lj14scale="0.5">
<Atom type="opls_1014" charge="-0.130000" sigma="0.375000" epsilon="2.510400" />
<Atom type="opls_140" charge="0.060000" sigma="0.250000" epsilon="0.125520" />
<Atom type="opls_135" charge="-0.180000" sigma="0.350000" epsilon="0.276144" />
<Atom type="opls_1015" charge="0.100000" sigma="0.250000" epsilon="0.125520" />
<Atom type="opls_1011" charge="-0.070000" sigma="0.350000" epsilon="0.276144" />
</NonbondedForce>
</ForceField>
