<ForceField>
<AtomTypes>
<Type name="opls_145" class="C145" element="C" mass="12.011000" />
<Type name="opls_140" class="H140" element="H" mass="1.008000" />
<Type name="opls_515" class="C515" element="C" mass="12.011000" />
<Type name="opls_146" class="H146" element="H" mass="1.008000" />
<Type name="opls_136" class="C136" element="C" mass="12.011000" />
</AtomTypes>
<Residues>
<Residue name="NEU">
<Atom name="C00" type="opls_515" />
<Atom name="C01" type="opls_136" />
<Atom name="C02" type="opls_136" />
<Atom name="C03" type="opls_145" />
<Atom name="H04" type="opls_140" />
<Atom name="C05" type="opls_136" />
<Atom name="H06" type="opls_140" />
<Atom name="H07" type="opls_140" />
<Atom name="C08" type="opls_136" />
<Atom name="H09" type="opls_140" />
<Atom name="H0A" type="opls_140" />
<Atom name="C0B" type="opls_136" />
<Atom name="H0C" type="opls_140" />
<Atom name="H0D" type="opls_140" />
<Atom name="H0E" type="opls_140" />
<Atom name="H0F" type="opls_140" />
<Atom name="H0G" type="opls_140" />
<Atom name="H0H" type="opls_140" />
<Atom name="C0I" type="opls_145" />
<Atom name="C0J" type="opls_145" />
<Atom name="C0K" type="opls_145" />
<Atom name="H0M" type="opls_146" />
<Atom name="C0N" type="opls_145" />
<Atom name="H0O" type="opls_146" />
<Atom name="C0P" type="opls_145" />
<Atom name="H0Q" type="opls_146" />
<Atom name="H0R" type="opls_146" />
<Atom name="H0S" type="opls_146" />
<Bond from="0" to="1"/>
<Bond from="0" to="2"/>
<Bond from="0" to="3"/>
<Bond from="0" to="4"/>
<Bond from="1" to="5"/>
<Bond from="1" to="6"/>
<Bond from="1" to="7"/>
<Bond from="5" to="8"/>
<Bond from="5" to="9"/>
<Bond from="5" to="10"/>
<Bond from="2" to="11"/>
<Bond from="8" to="12"/>
<Bond from="8" to="13"/>
<Bond from="11" to="14"/>
<Bond from="11" to="15"/>
<Bond from="2" to="16"/>
<Bond from="2" to="17"/>
<Bond from="3" to="18"/>
<Bond from="3" to="19"/>
<Bond from="18" to="20"/>
<Bond from="18" to="21"/>
<Bond from="20" to="22"/>
<Bond from="20" to="23"/>
<Bond from="19" to="24"/>
<Bond from="22" to="25"/>
<Bond from="24" to="26"/>
<Bond from="19" to="27"/>
<Bond from="8" to="11"/>
<Bond from="22" to="24"/>
</Residue>
</Residues>
<HarmonicBondForce>
<Bond class1="C136" class2="C515" length="0.152900" k="224262.400000"/>
<Bond class1="C136" class2="C515" length="0.152900" k="224262.400000"/>
<Bond class1="C145" class2="C515" length="0.151000" k="265265.600000"/>
<Bond class1="H140" class2="C515" length="0.109000" k="284512.000000"/>
<Bond class1="C136" class2="C136" length="0.152900" k="224262.400000"/>
<Bond class1="H140" class2="C136" length="0.109000" k="284512.000000"/>
<Bond class1="H140" class2="C136" length="0.109000" k="284512.000000"/>
<Bond class1="C136" class2="C136" length="0.152900" k="224262.400000"/>
<Bond class1="H140" class2="C136" length="0.109000" k="284512.000000"/>
<Bond class1="H140" class2="C136" length="0.109000" k="284512.000000"/>
<Bond class1="C136" class2="C136" length="0.152900" k="224262.400000"/>
<Bond class1="H140" class2="C136" length="0.109000" k="284512.000000"/>
<Bond class1="H140" class2="C136" length="0.109000" k="284512.000000"/>
<Bond class1="H140" class2="C136" length="0.109000" k="284512.000000"/>
<Bond class1="H140" class2="C136" length="0.109000" k="284512.000000"/>
<Bond class1="H140" class2="C136" length="0.109000" k="284512.000000"/>
<Bond class1="H140" class2="C136" length="0.109000" k="284512.000000"/>
<Bond class1="C145" class2="C145" length="0.140000" k="392459.200000"/>
<Bond class1="C145" class2="C145" length="0.140000" k="392459.200000"/>
<Bond class1="C145" class2="C145" length="0.140000" k="392459.200000"/>
<Bond class1="H146" class2="C145" length="0.108000" k="307105.600000"/>
<Bond class1="C145" class2="C145" length="0.140000" k="392459.200000"/>
<Bond class1="H146" class2="C145" length="0.108000" k="307105.600000"/>
<Bond class1="C145" class2="C145" length="0.140000" k="392459.200000"/>
<Bond class1="H146" class2="C145" length="0.108000" k="307105.600000"/>
<Bond class1="H146" class2="C145" length="0.108000" k="307105.600000"/>
<Bond class1="H146" class2="C145" length="0.108000" k="307105.600000"/>
<Bond class1="C136" class2="C136" length="0.152900" k="224262.400000"/>
<Bond class1="C145" class2="C145" length="0.140000" k="392459.200000"/>
</HarmonicBondForce>
<HarmonicAngleForce>
<Angle class1="C136" class2="C515" class3="C136" angle="1.966986" k="488.272800"/>
<Angle class1="C136" class2="C515" class3="C145" angle="1.989675" k="527.184000"/>
<Angle class1="C136" class2="C515" class3="H140" angle="1.932079" k="313.800000"/>
<Angle class1="C515" class2="C136" class3="C136" angle="1.966986" k="488.272800"/>
<Angle class1="C515" class2="C136" class3="H140" angle="1.932079" k="313.800000"/>
<Angle class1="C136" class2="C136" class3="C136" angle="1.966986" k="488.272800"/>
<Angle class1="C136" class2="C136" class3="H140" angle="1.932079" k="313.800000"/>
<Angle class1="C515" class2="C145" class3="C145" angle="2.094395" k="585.760000"/>
<Angle class1="C145" class2="C145" class3="C145" angle="2.094395" k="527.184000"/>
<Angle class1="C145" class2="C145" class3="H146" angle="2.094395" k="292.880000"/>
<Angle class1="H140" class2="C136" class3="H140" angle="1.881465" k="276.144000"/>
<Angle class1="C145" class2="C515" class3="H140" angle="1.911136" k="292.880000"/>
</HarmonicAngleForce>
<PeriodicTorsionForce>
<Proper class1="C136" class2="C136" class3="C136" class4="C136" k1="2.719600" k2="-0.418400" k3="0.418400" k4="0.000000" periodicity1="1" periodicity2="2" periodicity3="3" periodicity4="4" phase1="0.00" phase2="3.141592653589793" phase3="0.00" phase4="3.141592653589793"/>
<Proper class1="C136" class2="C136" class3="C136" class4="C515" k1="2.719600" k2="-0.418400" k3="0.418400" k4="0.000000" periodicity1="1" periodicity2="2" periodicity3="3" periodicity4="4" phase1="0.00" phase2="3.141592653589793" phase3="0.00" phase4="3.141592653589793"/>
<Proper class1="C136" class2="C136" class3="C136" class4="H140" k1="0.000000" k2="0.000000" k3="0.627600" k4="0.000000" periodicity1="1" periodicity2="2" periodicity3="3" periodicity4="4" phase1="0.00" phase2="3.141592653589793" phase3="0.00" phase4="3.141592653589793"/>
<Proper class1="C136" class2="C136" class3="C515" class4="C136" k1="2.719600" k2="-0.418400" k3="0.418400" k4="0.000000" periodicity1="1" periodicity2="2" periodicity3="3" periodicity4="4" phase1="0.00" phase2="3.141592653589793" phase3="0.00" phase4="3.141592653589793"/>
<Proper class1="C136" class2="C136" class3="C515" class4="C145" k1="2.719600" k2="-0.418400" k3="0.418400" k4="0.000000" periodicity1="1" periodicity2="2" periodicity3="3" periodicity4="4" phase1="0.00" phase2="3.141592653589793" phase3="0.00" phase4="3.141592653589793"/>
<Proper class1="C136" class2="C136" class3="C515" class4="H140" k1="0.000000" k2="0.000000" k3="0.627600" k4="0.000000" periodicity1="1" periodicity2="2" periodicity3="3" periodicity4="4" phase1="0.00" phase2="3.141592653589793" phase3="0.00" phase4="3.141592653589793"/>
<Proper class1="C145" class2="C145" class3="C145" class4="C145" k1="0.000000" k2="15.167000" k3="0.000000" k4="0.000000" periodicity1="1" periodicity2="2" periodicity3="3" periodicity4="4" phase1="0.00" phase2="3.141592653589793" phase3="0.00" phase4="3.141592653589793"/>
<Proper class1="C145" class2="C145" class3="C145" class4="C515" k1="0.000000" k2="15.167000" k3="0.000000" k4="0.000000" periodicity1="1" periodicity2="2" periodicity3="3" periodicity4="4" phase1="0.00" phase2="3.141592653589793" phase3="0.00" phase4="3.141592653589793"/>
<Proper class1="C145" class2="C145" class3="C145" class4="H146" k1="0.000000" k2="15.167000" k3="0.000000" k4="0.000000" periodicity1="1" periodicity2="2" periodicity3="3" periodicity4="4" phase1="0.00" phase2="3.141592653589793" phase3="0.00" phase4="3.141592653589793"/>
<Proper class1="C145" class2="C145" class3="C515" class4="C136" k1="0.000000" k2="0.313800" k3="0.000000" k4="0.000000" periodicity1="1" periodicity2="2" periodicity3="3" periodicity4="4" phase1="0.00" phase2="3.141592653589793" phase3="0.00" phase4="3.141592653589793"/>
<Proper class1="C145" class2="C145" class3="C515" class4="H140" k1="0.000000" k2="0.000000" k3="0.000000" k4="0.000000" periodicity1="1" periodicity2="2" periodicity3="3" periodicity4="4" phase1="0.00" phase2="3.141592653589793" phase3="0.00" phase4="3.141592653589793"/>
<Proper class1="H140" class2="C136" class3="C136" class4="C136" k1="0.000000" k2="0.000000" k3="0.627600" k4="0.000000" periodicity1="1" periodicity2="2" periodicity3="3" periodicity4="4" phase1="0.00" phase2="3.141592653589793" phase3="0.00" phase4="3.141592653589793"/>
<Proper class1="H140" class2="C136" class3="C136" class4="C515" k1="0.000000" k2="0.000000" k3="0.627600" k4="0.000000" periodicity1="1" periodicity2="2" periodicity3="3" periodicity4="4" phase1="0.00" phase2="3.141592653589793" phase3="0.00" phase4="3.141592653589793"/>
<Proper class1="H140" class2="C136" class3="C136" class4="H140" k1="0.000000" k2="0.000000" k3="0.627600" k4="0.000000" periodicity1="1" periodicity2="2" periodicity3="3" periodicity4="4" phase1="0.00" phase2="3.141592653589793" phase3="0.00" phase4="3.141592653589793"/>
<Proper class1="H140" class2="C136" class3="C515" class4="C136" k1="0.000000" k2="0.000000" k3="0.627600" k4="0.000000" periodicity1="1" periodicity2="2" periodicity3="3" periodicity4="4" phase1="0.00" phase2="3.141592653589793" phase3="0.00" phase4="3.141592653589793"/>
<Proper class1="H140" class2="C136" class3="C515" class4="C145" k1="0.000000" k2="0.000000" k3="0.966504" k4="0.000000" periodicity1="1" periodicity2="2" periodicity3="3" periodicity4="4" phase1="0.00" phase2="3.141592653589793" phase3="0.00" phase4="3.141592653589793"/>
<Proper class1="H140" class2="C136" class3="C515" class4="H140" k1="0.000000" k2="0.000000" k3="0.627600" k4="0.000000" periodicity1="1" periodicity2="2" periodicity3="3" periodicity4="4" phase1="0.00" phase2="3.141592653589793" phase3="0.00" phase4="3.141592653589793"/>
<Proper class1="H146" class2="C145" class3="C145" class4="C145" k1="0.000000" k2="15.167000" k3="0.000000" k4="0.000000" periodicity1="1" periodicity2="2" periodicity3="3" periodicity4="4" phase1="0.00" phase2="3.141592653589793" phase3="0.00" phase4="3.141592653589793"/>
<Proper class1="H146" class2="C145" class3="C145" class4="C515" k1="0.000000" k2="15.167000" k3="0.000000" k4="0.000000" periodicity1="1" periodicity2="2" periodicity3="3" periodicity4="4" phase1="0.00" phase2="3.141592653589793" phase3="0.00" phase4="3.141592653589793"/>
<Proper class1="H146" class2="C145" class3="C145" class4="H146" k1="0.000000" k2="15.167000" k3="0.000000" k4="0.000000" periodicity1="1" periodicity2="2" periodicity3="3" periodicity4="4" phase1="0.00" phase2="3.141592653589793" phase3="0.00" phase4="3.141592653589793"/>
</PeriodicTorsionForce>
<NonbondedForce coulomb14scale="0.5" lj14scale="0.5">
<Atom type="opls_140" charge="0.060000" sigma="0.250000" epsilon="0.125520" />
<Atom type="opls_136" charge="-0.120000" sigma="0.350000" epsilon="0.276144" />
<Atom type="opls_515" charge="0.055000" sigma="0.350000" epsilon="0.276144" />
<Atom type="opls_145" charge="-0.115000" sigma="0.355000" epsilon="0.292880" />
<Atom type="opls_146" charge="0.115000" sigma="0.242000" epsilon="0.125520" />
</NonbondedForce>
</ForceField>
