<ForceField>
<AtomTypes>
<Type name="opls_905" class="C905" element="C" mass="12.011000" />
<Type name="opls_911" class="H911" element="H" mass="1.008000" />
<Type name="opls_902" class="N902" element="N" mass="14.007000" />
<Type name="opls_146" class="H146" element="H" mass="1.008000" />
<Type name="opls_918" class="C918" element="C" mass="12.011000" />
<Type name="opls_145" class="C145" element="C" mass="12.011000" />
</AtomTypes>
<Residues>
<Residue name="NEU">
<Atom name="C00" type="opls_918" />
<Atom name="C01" type="opls_145" />
<Atom name="C02" type="opls_145" />
<Atom name="C03" type="opls_145" />
<Atom name="C04" type="opls_145" />
<Atom name="C05" type="opls_145" />
<Atom name="N06" type="opls_902" />
<Atom name="H07" type="opls_146" />
<Atom name="H08" type="opls_146" />
<Atom name="H09" type="opls_146" />
<Atom name="H0A" type="opls_146" />
<Atom name="H0B" type="opls_146" />
<Atom name="C0C" type="opls_905" />
<Atom name="C0D" type="opls_905" />
<Atom name="H0E" type="opls_911" />
<Atom name="H0F" type="opls_911" />
<Atom name="H0G" type="opls_911" />
<Atom name="H0H" type="opls_911" />
<Atom name="H0I" type="opls_911" />
<Atom name="H0J" type="opls_911" />
<Bond from="0" to="1"/>
<Bond from="0" to="2"/>
<Bond from="1" to="3"/>
<Bond from="2" to="4"/>
<Bond from="3" to="5"/>
<Bond from="0" to="6"/>
<Bond from="1" to="7"/>
<Bond from="2" to="8"/>
<Bond from="3" to="9"/>
<Bond from="4" to="10"/>
<Bond from="5" to="11"/>
<Bond from="6" to="12"/>
<Bond from="6" to="13"/>
<Bond from="12" to="14"/>
<Bond from="12" to="15"/>
<Bond from="12" to="16"/>
<Bond from="13" to="17"/>
<Bond from="13" to="18"/>
<Bond from="13" to="19"/>
<Bond from="4" to="5"/>
</Residue>
</Residues>
<HarmonicBondForce>
<Bond class1="C145" class2="C918" length="0.140000" k="392459.200000"/>
<Bond class1="C145" class2="C918" length="0.140000" k="392459.200000"/>
<Bond class1="C145" class2="C145" length="0.140000" k="392459.200000"/>
<Bond class1="C145" class2="C145" length="0.140000" k="392459.200000"/>
<Bond class1="C145" class2="C145" length="0.140000" k="392459.200000"/>
<Bond class1="N902" class2="C918" length="0.134000" k="402500.800000"/>
<Bond class1="H146" class2="C145" length="0.108000" k="307105.600000"/>
<Bond class1="H146" class2="C145" length="0.108000" k="307105.600000"/>
<Bond class1="H146" class2="C145" length="0.108000" k="307105.600000"/>
<Bond class1="H146" class2="C145" length="0.108000" k="307105.600000"/>
<Bond class1="H146" class2="C145" length="0.108000" k="307105.600000"/>
<Bond class1="C905" class2="N902" length="0.144800" k="319657.600000"/>
<Bond class1="C905" class2="N902" length="0.144800" k="319657.600000"/>
<Bond class1="H911" class2="C905" length="0.109000" k="284512.000000"/>
<Bond class1="H911" class2="C905" length="0.109000" k="284512.000000"/>
<Bond class1="H911" class2="C905" length="0.109000" k="284512.000000"/>
<Bond class1="H911" class2="C905" length="0.109000" k="284512.000000"/>
<Bond class1="H911" class2="C905" length="0.109000" k="284512.000000"/>
<Bond class1="H911" class2="C905" length="0.109000" k="284512.000000"/>
<Bond class1="C145" class2="C145" length="0.140000" k="392459.200000"/>
</HarmonicBondForce>
<HarmonicAngleForce>
<Angle class1="C145" class2="C918" class3="C145" angle="2.094395" k="527.184000"/>
<Angle class1="C918" class2="C145" class3="C145" angle="2.094395" k="527.184000"/>
<Angle class1="C145" class2="C145" class3="C145" angle="2.094395" k="527.184000"/>
<Angle class1="C145" class2="C918" class3="N902" angle="2.094395" k="585.760000"/>
<Angle class1="C918" class2="C145" class3="H146" angle="2.094395" k="292.880000"/>
<Angle class1="C145" class2="C145" class3="H146" angle="2.094395" k="292.880000"/>
<Angle class1="C918" class2="N902" class3="C905" angle="2.024582" k="418.400000"/>
<Angle class1="N902" class2="C905" class3="H911" angle="1.911136" k="292.880000"/>
<Angle class1="H911" class2="C905" class3="H911" angle="1.881465" k="276.144000"/>
<Angle class1="C905" class2="N902" class3="C905" angle="1.870993" k="433.462400"/>
</HarmonicAngleForce>
<PeriodicTorsionForce>
<Proper class1="C145" class2="C145" class3="C145" class4="C145" k1="0.000000" k2="15.167000" k3="0.000000" k4="0.000000" periodicity1="1" periodicity2="2" periodicity3="3" periodicity4="4" phase1="0.00" phase2="3.141592653589793" phase3="0.00" phase4="3.141592653589793"/>
<Proper class1="C145" class2="C145" class3="C145" class4="C918" k1="0.000000" k2="15.167000" k3="0.000000" k4="0.000000" periodicity1="1" periodicity2="2" periodicity3="3" periodicity4="4" phase1="0.00" phase2="3.141592653589793" phase3="0.00" phase4="3.141592653589793"/>
<Proper class1="C145" class2="C145" class3="C918" class4="C145" k1="0.000000" k2="15.167000" k3="0.000000" k4="0.000000" periodicity1="1" periodicity2="2" periodicity3="3" periodicity4="4" phase1="0.00" phase2="3.141592653589793" phase3="0.00" phase4="3.141592653589793"/>
<Proper class1="C905" class2="N902" class3="C918" class4="C145" k1="0.000000" k2="8.116960" k3="0.000000" k4="0.313800" periodicity1="1" periodicity2="2" periodicity3="3" periodicity4="4" phase1="0.00" phase2="3.141592653589793" phase3="0.00" phase4="3.141592653589793"/>
<Proper class1="H146" class2="C145" class3="C145" class4="C145" k1="0.000000" k2="15.167000" k3="0.000000" k4="0.000000" periodicity1="1" periodicity2="2" periodicity3="3" periodicity4="4" phase1="0.00" phase2="3.141592653589793" phase3="0.00" phase4="3.141592653589793"/>
<Proper class1="H146" class2="C145" class3="C145" class4="C918" k1="0.000000" k2="15.167000" k3="0.000000" k4="0.000000" periodicity1="1" periodicity2="2" periodicity3="3" periodicity4="4" phase1="0.00" phase2="3.141592653589793" phase3="0.00" phase4="3.141592653589793"/>
<Proper class1="H146" class2="C145" class3="C145" class4="H146" k1="0.000000" k2="15.167000" k3="0.000000" k4="0.000000" periodicity1="1" periodicity2="2" periodicity3="3" periodicity4="4" phase1="0.00" phase2="3.141592653589793" phase3="0.00" phase4="3.141592653589793"/>
<Proper class1="H146" class2="C145" class3="C918" class4="C145" k1="0.000000" k2="15.167000" k3="0.000000" k4="0.000000" periodicity1="1" periodicity2="2" periodicity3="3" periodicity4="4" phase1="0.00" phase2="3.141592653589793" phase3="0.00" phase4="3.141592653589793"/>
<Proper class1="H146" class2="C145" class3="C918" class4="N902" k1="0.000000" k2="15.167000" k3="0.000000" k4="0.000000" periodicity1="1" periodicity2="2" periodicity3="3" periodicity4="4" phase1="0.00" phase2="3.141592653589793" phase3="0.00" phase4="3.141592653589793"/>
<Proper class1="H911" class2="C905" class3="N902" class4="C905" k1="0.000000" k2="0.000000" k3="1.171520" k4="0.000000" periodicity1="1" periodicity2="2" periodicity3="3" periodicity4="4" phase1="0.00" phase2="3.141592653589793" phase3="0.00" phase4="3.141592653589793"/>
<Proper class1="H911" class2="C905" class3="N902" class4="C918" k1="0.000000" k2="0.000000" k3="1.171520" k4="0.000000" periodicity1="1" periodicity2="2" periodicity3="3" periodicity4="4" phase1="0.00" phase2="3.141592653589793" phase3="0.00" phase4="3.141592653589793"/>
<Proper class1="N902" class2="C918" class3="C145" class4="C145" k1="0.000000" k2="15.167000" k3="0.000000" k4="0.000000" periodicity1="1" periodicity2="2" periodicity3="3" periodicity4="4" phase1="0.00" phase2="3.141592653589793" phase3="0.00" phase4="3.141592653589793"/>
</PeriodicTorsionForce>
<NonbondedForce coulomb14scale="0.5" lj14scale="0.5">
<Atom type="opls_918" charge="0.210000" sigma="0.355000" epsilon="0.292880" />
<Atom type="opls_911" charge="0.060000" sigma="0.250000" epsilon="0.062760" />
<Atom type="opls_905" charge="0.030000" sigma="0.350000" epsilon="0.276144" />
<Atom type="opls_145" charge="-0.115000" sigma="0.355000" epsilon="0.292880" />
<Atom type="opls_146" charge="0.115000" sigma="0.242000" epsilon="0.125520" />
<Atom type="opls_902" charge="-0.630000" sigma="0.330000" epsilon="0.711280" />
</NonbondedForce>
</ForceField>
