<ForceField>
<AtomTypes>
<Type name="opls_478" class="N478" element="N" mass="14.007000" />
<Type name="opls_479" class="H479" element="H" mass="1.008000" />
<Type name="opls_476" class="C476" element="C" mass="12.011000" />
<Type name="opls_474" class="S474" element="S" mass="32.060000" />
<Type name="opls_475" class="O475" element="O" mass="15.999000" />
<Type name="opls_477" class="H477" element="H" mass="1.008000" />
</AtomTypes>
<Residues>
<Residue name="NEU">
<Atom name="H00" type="opls_479" />
<Atom name="N01" type="opls_478" />
<Atom name="S02" type="opls_474" />
<Atom name="C03" type="opls_476" />
<Atom name="H04" type="opls_477" />
<Atom name="H05" type="opls_479" />
<Atom name="O06" type="opls_475" />
<Atom name="O07" type="opls_475" />
<Atom name="H08" type="opls_477" />
<Atom name="H09" type="opls_477" />
<Bond from="0" to="1"/>
<Bond from="1" to="2"/>
<Bond from="1" to="3"/>
<Bond from="1" to="4"/>
<Bond from="0" to="5"/>
<Bond from="0" to="6"/>
<Bond from="0" to="7"/>
<Bond from="2" to="8"/>
<Bond from="2" to="9"/>
</Residue>
</Residues>
<HarmonicBondForce>
<Bond class1="N478" class2="H479" length="0.101000" k="363171.200000"/>
<Bond class1="S474" class2="N478" length="0.167000" k="363171.200000"/>
<Bond class1="C476" class2="N478" length="0.144900" k="282001.600000"/>
<Bond class1="H477" class2="N478" length="0.099500" k="421805.776000"/>
<Bond class1="H479" class2="H479" length="0.068000" k="584354.176000"/>
<Bond class1="O475" class2="H479" length="0.076000" k="700568.960000"/>
<Bond class1="O475" class2="H479" length="0.076000" k="700568.960000"/>
<Bond class1="H477" class2="S474" length="0.135000" k="236780.928000"/>
<Bond class1="H477" class2="S474" length="0.135000" k="236780.928000"/>
</HarmonicBondForce>
<HarmonicAngleForce>
<Angle class1="H479" class2="N478" class3="S474" angle="1.937315" k="836.800000"/>
<Angle class1="H479" class2="N478" class3="C476" angle="2.066470" k="317.984000"/>
<Angle class1="H479" class2="N478" class3="H477" angle="2.070484" k="377.647840"/>
<Angle class1="N478" class2="H479" class3="H479" angle="1.910786" k="179.912000"/>
<Angle class1="N478" class2="H479" class3="O475" angle="1.910786" k="179.912000"/>
<Angle class1="N478" class2="S474" class3="H477" angle="1.821426" k="658.310560"/>
<Angle class1="H477" class2="S474" class3="H477" angle="1.821426" k="658.310560"/>
<Angle class1="O475" class2="H479" class3="O475" angle="1.910786" k="179.912000"/>
<Angle class1="H479" class2="H479" class3="O475" angle="1.910786" k="179.912000"/>
<Angle class1="S474" class2="N478" class3="C476" angle="2.094395" k="418.400000"/>
<Angle class1="S474" class2="N478" class3="H477" angle="2.070484" k="377.647840"/>
<Angle class1="C476" class2="N478" class3="H477" angle="2.070484" k="377.647840"/>
</HarmonicAngleForce>
<PeriodicTorsionForce>
<Proper class1="H477" class2="S474" class3="N478" class4="C476" k1="4.338808" k2="-6.204872" k3="5.173516" k4="0.000000" periodicity1="1" periodicity2="2" periodicity3="3" periodicity4="4" phase1="0.00" phase2="3.141592653589793" phase3="0.00" phase4="3.141592653589793"/>
<Proper class1="H477" class2="S474" class3="N478" class4="H477" k1="3.495732" k2="-10.252892" k3="1.399548" k4="0.000000" periodicity1="1" periodicity2="2" periodicity3="3" periodicity4="4" phase1="0.00" phase2="3.141592653589793" phase3="0.00" phase4="3.141592653589793"/>
<Proper class1="H477" class2="S474" class3="N478" class4="H479" k1="3.495732" k2="-10.252892" k3="1.399548" k4="0.000000" periodicity1="1" periodicity2="2" periodicity3="3" periodicity4="4" phase1="0.00" phase2="3.141592653589793" phase3="0.00" phase4="3.141592653589793"/>
<Proper class1="H479" class2="H479" class3="N478" class4="C476" k1="4.811600" k2="12.738188" k3="0.000000" k4="0.000000" periodicity1="1" periodicity2="2" periodicity3="3" periodicity4="4" phase1="0.00" phase2="3.141592653589793" phase3="0.00" phase4="3.141592653589793"/>
<Proper class1="H479" class2="H479" class3="N478" class4="H477" k1="0.000000" k2="10.250800" k3="0.000000" k4="0.000000" periodicity1="1" periodicity2="2" periodicity3="3" periodicity4="4" phase1="0.00" phase2="3.141592653589793" phase3="0.00" phase4="3.141592653589793"/>
<Proper class1="H479" class2="H479" class3="N478" class4="S474" k1="2.849304" k2="-3.048044" k3="0.311708" k4="0.000000" periodicity1="1" periodicity2="2" periodicity3="3" periodicity4="4" phase1="0.00" phase2="3.141592653589793" phase3="0.00" phase4="3.141592653589793"/>
<Proper class1="O475" class2="H479" class3="N478" class4="C476" k1="0.000000" k2="12.738188" k3="0.000000" k4="0.000000" periodicity1="1" periodicity2="2" periodicity3="3" periodicity4="4" phase1="0.00" phase2="3.141592653589793" phase3="0.00" phase4="3.141592653589793"/>
<Proper class1="O475" class2="H479" class3="N478" class4="H477" k1="0.000000" k2="10.250800" k3="0.000000" k4="0.000000" periodicity1="1" periodicity2="2" periodicity3="3" periodicity4="4" phase1="0.00" phase2="3.141592653589793" phase3="0.00" phase4="3.141592653589793"/>
<Proper class1="O475" class2="H479" class3="N478" class4="S474" k1="0.000000" k2="12.738188" k3="0.000000" k4="0.000000" periodicity1="1" periodicity2="2" periodicity3="3" periodicity4="4" phase1="0.00" phase2="3.141592653589793" phase3="0.00" phase4="3.141592653589793"/>
<Improper class1="N478" class2="H479" class3="S474" class4="C476" k1="0.000000" k2="10.460000" k3="0.000000" k4="0.000000" periodicity1="1" periodicity2="2" periodicity3="3" periodicity4="4" phase1="0.00" phase2="3.141592653589793" phase3="0.00" phase4="3.141592653589793"/>
<Improper class1="N478" class2="H479" class3="S474" class4="H477" k1="0.000000" k2="10.460000" k3="0.000000" k4="0.000000" periodicity1="1" periodicity2="2" periodicity3="3" periodicity4="4" phase1="0.00" phase2="3.141592653589793" phase3="0.00" phase4="3.141592653589793"/>
</PeriodicTorsionForce>
<NonbondedForce coulomb14scale="0.5" lj14scale="0.5">
<Atom type="opls_475" charge="-0.680000" sigma="0.296000" epsilon="0.711280" />
<Atom type="opls_476" charge="-0.540000" sigma="0.350000" epsilon="0.276144" />
<Atom type="opls_479" charge="0.440000" sigma="0.000000" epsilon="0.000000" />
<Atom type="opls_478" charge="-1.000000" sigma="0.325000" epsilon="0.711280" />
<Atom type="opls_477" charge="0.180000" sigma="0.250000" epsilon="0.125520" />
<Atom type="opls_474" charge="1.480000" sigma="0.355000" epsilon="1.046000" />
</NonbondedForce>
</ForceField>
