<ForceField>
<AtomTypes>
<Type name="opls_180" class="O180" element="O" mass="15.999000" />
<Type name="opls_905" class="C905" element="C" mass="12.011000" />
<Type name="opls_902" class="N902" element="N" mass="14.007000" />
<Type name="opls_185" class="H185" element="H" mass="1.008000" />
<Type name="opls_911" class="H911" element="H" mass="1.008000" />
<Type name="opls_908" class="C908" element="C" mass="12.011000" />
<Type name="opls_182" class="C182" element="C" mass="12.011000" />
</AtomTypes>
<Residues>
<Residue name="NEU">
<Atom name="N00" type="opls_902" />
<Atom name="C01" type="opls_908" />
<Atom name="C02" type="opls_908" />
<Atom name="C03" type="opls_905" />
<Atom name="C04" type="opls_182" />
<Atom name="H05" type="opls_911" />
<Atom name="H06" type="opls_911" />
<Atom name="O07" type="opls_180" />
<Atom name="H08" type="opls_185" />
<Atom name="H09" type="opls_185" />
<Atom name="C0A" type="opls_182" />
<Atom name="H0B" type="opls_185" />
<Atom name="H0C" type="opls_185" />
<Atom name="H0D" type="opls_911" />
<Atom name="H0E" type="opls_911" />
<Atom name="H0F" type="opls_911" />
<Atom name="H0G" type="opls_911" />
<Atom name="H0H" type="opls_911" />
<Bond from="0" to="1"/>
<Bond from="0" to="2"/>
<Bond from="0" to="3"/>
<Bond from="1" to="4"/>
<Bond from="1" to="5"/>
<Bond from="1" to="6"/>
<Bond from="4" to="7"/>
<Bond from="4" to="8"/>
<Bond from="4" to="9"/>
<Bond from="2" to="10"/>
<Bond from="10" to="11"/>
<Bond from="10" to="12"/>
<Bond from="2" to="13"/>
<Bond from="2" to="14"/>
<Bond from="3" to="15"/>
<Bond from="3" to="16"/>
<Bond from="3" to="17"/>
<Bond from="7" to="10"/>
</Residue>
</Residues>
<HarmonicBondForce>
<Bond class1="C908" class2="N902" length="0.144800" k="319657.600000"/>
<Bond class1="C908" class2="N902" length="0.144800" k="319657.600000"/>
<Bond class1="C905" class2="N902" length="0.144800" k="319657.600000"/>
<Bond class1="C182" class2="C908" length="0.152900" k="224262.400000"/>
<Bond class1="H911" class2="C908" length="0.109000" k="284512.000000"/>
<Bond class1="H911" class2="C908" length="0.109000" k="284512.000000"/>
<Bond class1="O180" class2="C182" length="0.141000" k="267776.000000"/>
<Bond class1="H185" class2="C182" length="0.109000" k="284512.000000"/>
<Bond class1="H185" class2="C182" length="0.109000" k="284512.000000"/>
<Bond class1="C182" class2="C908" length="0.152900" k="224262.400000"/>
<Bond class1="H185" class2="C182" length="0.109000" k="284512.000000"/>
<Bond class1="H185" class2="C182" length="0.109000" k="284512.000000"/>
<Bond class1="H911" class2="C908" length="0.109000" k="284512.000000"/>
<Bond class1="H911" class2="C908" length="0.109000" k="284512.000000"/>
<Bond class1="H911" class2="C905" length="0.109000" k="284512.000000"/>
<Bond class1="H911" class2="C905" length="0.109000" k="284512.000000"/>
<Bond class1="H911" class2="C905" length="0.109000" k="284512.000000"/>
<Bond class1="C182" class2="O180" length="0.141000" k="267776.000000"/>
</HarmonicBondForce>
<HarmonicAngleForce>
<Angle class1="C908" class2="N902" class3="C908" angle="1.870993" k="433.462400"/>
<Angle class1="C908" class2="N902" class3="C905" angle="1.870993" k="433.462400"/>
<Angle class1="N902" class2="C908" class3="C182" angle="1.910612" k="470.281600"/>
<Angle class1="N902" class2="C908" class3="H911" angle="1.911136" k="292.880000"/>
<Angle class1="C908" class2="C182" class3="O180" angle="1.911136" k="418.400000"/>
<Angle class1="C908" class2="C182" class3="H185" angle="1.932079" k="313.800000"/>
<Angle class1="N902" class2="C905" class3="H911" angle="1.911136" k="292.880000"/>
<Angle class1="C182" class2="C908" class3="H911" angle="1.932079" k="313.800000"/>
<Angle class1="H911" class2="C908" class3="H911" angle="1.881465" k="276.144000"/>
<Angle class1="H911" class2="C905" class3="H911" angle="1.881465" k="276.144000"/>
<Angle class1="O180" class2="C182" class3="H185" angle="1.911136" k="292.880000"/>
<Angle class1="H185" class2="C182" class3="H185" angle="1.881465" k="276.144000"/>
<Angle class1="C182" class2="O180" class3="C182" angle="1.911136" k="502.080000"/>
</HarmonicAngleForce>
<PeriodicTorsionForce>
<Proper class1="C182" class2="C908" class3="N902" class4="C905" k1="0.870272" k2="-0.267776" k3="1.453940" k4="0.000000" periodicity1="1" periodicity2="2" periodicity3="3" periodicity4="4" phase1="0.00" phase2="3.141592653589793" phase3="0.00" phase4="3.141592653589793"/>
<Proper class1="C182" class2="C908" class3="N902" class4="C908" k1="0.870272" k2="-0.267776" k3="1.453940" k4="0.000000" periodicity1="1" periodicity2="2" periodicity3="3" periodicity4="4" phase1="0.00" phase2="3.141592653589793" phase3="0.00" phase4="3.141592653589793"/>
<Proper class1="C182" class2="O180" class3="C182" class4="C908" k1="1.359800" k2="-0.523000" k3="1.401640" k4="0.000000" periodicity1="1" periodicity2="2" periodicity3="3" periodicity4="4" phase1="0.00" phase2="3.141592653589793" phase3="0.00" phase4="3.141592653589793"/>
<Proper class1="C182" class2="O180" class3="C182" class4="H185" k1="0.000000" k2="0.000000" k3="1.589920" k4="0.000000" periodicity1="1" periodicity2="2" periodicity3="3" periodicity4="4" phase1="0.00" phase2="3.141592653589793" phase3="0.00" phase4="3.141592653589793"/>
<Proper class1="H185" class2="C182" class3="C908" class4="H911" k1="0.000000" k2="0.000000" k3="0.627600" k4="0.000000" periodicity1="1" periodicity2="2" periodicity3="3" periodicity4="4" phase1="0.00" phase2="3.141592653589793" phase3="0.00" phase4="3.141592653589793"/>
<Proper class1="H185" class2="C182" class3="C908" class4="N902" k1="-2.119196" k2="-1.483228" k3="0.989516" k4="0.000000" periodicity1="1" periodicity2="2" periodicity3="3" periodicity4="4" phase1="0.00" phase2="3.141592653589793" phase3="0.00" phase4="3.141592653589793"/>
<Proper class1="H185" class2="C182" class3="O180" class4="C182" k1="0.000000" k2="0.000000" k3="1.589920" k4="0.000000" periodicity1="1" periodicity2="2" periodicity3="3" periodicity4="4" phase1="0.00" phase2="3.141592653589793" phase3="0.00" phase4="3.141592653589793"/>
<Proper class1="H911" class2="C905" class3="N902" class4="C908" k1="0.000000" k2="0.000000" k3="1.171520" k4="0.000000" periodicity1="1" periodicity2="2" periodicity3="3" periodicity4="4" phase1="0.00" phase2="3.141592653589793" phase3="0.00" phase4="3.141592653589793"/>
<Proper class1="H911" class2="C908" class3="C182" class4="H185" k1="0.000000" k2="0.000000" k3="0.627600" k4="0.000000" periodicity1="1" periodicity2="2" periodicity3="3" periodicity4="4" phase1="0.00" phase2="3.141592653589793" phase3="0.00" phase4="3.141592653589793"/>
<Proper class1="H911" class2="C908" class3="C182" class4="O180" k1="0.000000" k2="0.000000" k3="0.979056" k4="0.000000" periodicity1="1" periodicity2="2" periodicity3="3" periodicity4="4" phase1="0.00" phase2="3.141592653589793" phase3="0.00" phase4="3.141592653589793"/>
<Proper class1="H911" class2="C908" class3="N902" class4="C905" k1="0.000000" k2="0.000000" k3="1.171520" k4="0.000000" periodicity1="1" periodicity2="2" periodicity3="3" periodicity4="4" phase1="0.00" phase2="3.141592653589793" phase3="0.00" phase4="3.141592653589793"/>
<Proper class1="H911" class2="C908" class3="N902" class4="C908" k1="0.000000" k2="0.000000" k3="1.171520" k4="0.000000" periodicity1="1" periodicity2="2" periodicity3="3" periodicity4="4" phase1="0.00" phase2="3.141592653589793" phase3="0.00" phase4="3.141592653589793"/>
<Proper class1="O180" class2="C182" class3="C908" class4="H911" k1="0.000000" k2="0.000000" k3="0.979056" k4="0.000000" periodicity1="1" periodicity2="2" periodicity3="3" periodicity4="4" phase1="0.00" phase2="3.141592653589793" phase3="0.00" phase4="3.141592653589793"/>
<Proper class1="O180" class2="C182" class3="C908" class4="N902" k1="16.736000" k2="0.000000" k3="0.000000" k4="0.000000" periodicity1="1" periodicity2="2" periodicity3="3" periodicity4="4" phase1="0.00" phase2="3.141592653589793" phase3="0.00" phase4="3.141592653589793"/>
</PeriodicTorsionForce>
<NonbondedForce coulomb14scale="0.5" lj14scale="0.5">
<Atom type="opls_908" charge="0.090000" sigma="0.350000" epsilon="0.276144" />
<Atom type="opls_911" charge="0.060000" sigma="0.250000" epsilon="0.062760" />
<Atom type="opls_182" charge="0.140000" sigma="0.350000" epsilon="0.276144" />
<Atom type="opls_902" charge="-0.630000" sigma="0.330000" epsilon="0.711280" />
<Atom type="opls_180" charge="-0.400000" sigma="0.290000" epsilon="0.585760" />
<Atom type="opls_905" charge="0.030000" sigma="0.350000" epsilon="0.276144" />
<Atom type="opls_185" charge="0.030000" sigma="0.250000" epsilon="0.125520" />
</NonbondedForce>
</ForceField>
