<ForceField>
<AtomTypes>
<Type name="opls_533" class="C533" element="C" mass="12.011000" />
<Type name="opls_535" class="H535" element="H" mass="1.008000" />
<Type name="opls_536" class="H536" element="H" mass="1.008000" />
<Type name="opls_530" class="N530" element="N" mass="14.007000" />
<Type name="opls_534" class="H534" element="H" mass="1.008000" />
<Type name="opls_531" class="C531" element="C" mass="12.011000" />
<Type name="opls_532" class="C532" element="C" mass="12.011000" />
</AtomTypes>
<Residues>
<Residue name="NEU">
<Atom name="C00" type="opls_531" />
<Atom name="N01" type="opls_530" />
<Atom name="C02" type="opls_532" />
<Atom name="N03" type="opls_530" />
<Atom name="C04" type="opls_532" />
<Atom name="C05" type="opls_533" />
<Atom name="H06" type="opls_534" />
<Atom name="H07" type="opls_535" />
<Atom name="H08" type="opls_535" />
<Atom name="H09" type="opls_536" />
<Bond from="0" to="1"/>
<Bond from="1" to="2"/>
<Bond from="0" to="3"/>
<Bond from="3" to="4"/>
<Bond from="2" to="5"/>
<Bond from="0" to="6"/>
<Bond from="2" to="7"/>
<Bond from="4" to="8"/>
<Bond from="5" to="9"/>
<Bond from="4" to="5"/>
</Residue>
</Residues>
<HarmonicBondForce>
<Bond class1="N530" class2="C531" length="0.132400" k="420073.600000"/>
<Bond class1="C532" class2="N530" length="0.133900" k="404174.400000"/>
<Bond class1="N530" class2="C531" length="0.132400" k="420073.600000"/>
<Bond class1="C532" class2="N530" length="0.133900" k="404174.400000"/>
<Bond class1="C533" class2="C532" length="0.140000" k="392459.200000"/>
<Bond class1="H534" class2="C531" length="0.108000" k="307105.600000"/>
<Bond class1="H535" class2="C532" length="0.108000" k="307105.600000"/>
<Bond class1="H535" class2="C532" length="0.108000" k="307105.600000"/>
<Bond class1="H536" class2="C533" length="0.108000" k="307105.600000"/>
<Bond class1="C533" class2="C532" length="0.140000" k="392459.200000"/>
</HarmonicBondForce>
<HarmonicAngleForce>
<Angle class1="C531" class2="N530" class3="C532" angle="2.069960" k="585.760000"/>
<Angle class1="N530" class2="C531" class3="N530" angle="2.253220" k="585.760000"/>
<Angle class1="N530" class2="C532" class3="C533" angle="2.164208" k="585.760000"/>
<Angle class1="N530" class2="C531" class3="H534" angle="2.014983" k="292.880000"/>
<Angle class1="N530" class2="C532" class3="H535" angle="2.024582" k="292.880000"/>
<Angle class1="C532" class2="C533" class3="H536" angle="2.094395" k="292.880000"/>
<Angle class1="C533" class2="C532" class3="H535" angle="2.094395" k="292.880000"/>
<Angle class1="C532" class2="C533" class3="C532" angle="2.094395" k="527.184000"/>
</HarmonicAngleForce>
<PeriodicTorsionForce>
<Proper class1="C532" class2="C533" class3="C532" class4="N530" k1="0.000000" k2="15.167000" k3="0.000000" k4="0.000000" periodicity1="1" periodicity2="2" periodicity3="3" periodicity4="4" phase1="0.00" phase2="3.141592653589793" phase3="0.00" phase4="3.141592653589793"/>
<Proper class1="C532" class2="N530" class3="C531" class4="N530" k1="0.000000" k2="15.167000" k3="0.000000" k4="0.000000" periodicity1="1" periodicity2="2" periodicity3="3" periodicity4="4" phase1="0.00" phase2="3.141592653589793" phase3="0.00" phase4="3.141592653589793"/>
<Proper class1="C533" class2="C532" class3="N530" class4="C531" k1="0.000000" k2="15.167000" k3="0.000000" k4="0.000000" periodicity1="1" periodicity2="2" periodicity3="3" periodicity4="4" phase1="0.00" phase2="3.141592653589793" phase3="0.00" phase4="3.141592653589793"/>
<Proper class1="H534" class2="C531" class3="N530" class4="C532" k1="0.000000" k2="15.167000" k3="0.000000" k4="0.000000" periodicity1="1" periodicity2="2" periodicity3="3" periodicity4="4" phase1="0.00" phase2="3.141592653589793" phase3="0.00" phase4="3.141592653589793"/>
<Proper class1="H535" class2="C532" class3="C533" class4="C532" k1="0.000000" k2="15.167000" k3="0.000000" k4="0.000000" periodicity1="1" periodicity2="2" periodicity3="3" periodicity4="4" phase1="0.00" phase2="3.141592653589793" phase3="0.00" phase4="3.141592653589793"/>
<Proper class1="H535" class2="C532" class3="N530" class4="C531" k1="0.000000" k2="15.167000" k3="0.000000" k4="0.000000" periodicity1="1" periodicity2="2" periodicity3="3" periodicity4="4" phase1="0.00" phase2="3.141592653589793" phase3="0.00" phase4="3.141592653589793"/>
<Proper class1="H536" class2="C533" class3="C532" class4="H535" k1="0.000000" k2="15.167000" k3="0.000000" k4="0.000000" periodicity1="1" periodicity2="2" periodicity3="3" periodicity4="4" phase1="0.00" phase2="3.141592653589793" phase3="0.00" phase4="3.141592653589793"/>
<Proper class1="H536" class2="C533" class3="C532" class4="N530" k1="0.000000" k2="15.167000" k3="0.000000" k4="0.000000" periodicity1="1" periodicity2="2" periodicity3="3" periodicity4="4" phase1="0.00" phase2="3.141592653589793" phase3="0.00" phase4="3.141592653589793"/>
<Proper class1="N530" class2="C531" class3="N530" class4="C532" k1="0.000000" k2="15.167000" k3="0.000000" k4="0.000000" periodicity1="1" periodicity2="2" periodicity3="3" periodicity4="4" phase1="0.00" phase2="3.141592653589793" phase3="0.00" phase4="3.141592653589793"/>
<Proper class1="N530" class2="C532" class3="C533" class4="C532" k1="0.000000" k2="15.167000" k3="0.000000" k4="0.000000" periodicity1="1" periodicity2="2" periodicity3="3" periodicity4="4" phase1="0.00" phase2="3.141592653589793" phase3="0.00" phase4="3.141592653589793"/>
<Improper class1="C532" class2="N530" class3="C533" class4="H535" k1="0.000000" k2="10.460000" k3="0.000000" k4="0.000000" periodicity1="1" periodicity2="2" periodicity3="3" periodicity4="4" phase1="0.00" phase2="3.141592653589793" phase3="0.00" phase4="3.141592653589793"/>
</PeriodicTorsionForce>
<NonbondedForce coulomb14scale="0.5" lj14scale="0.5">
<Atom type="opls_534" charge="-0.032000" sigma="0.242000" epsilon="0.125520" />
<Atom type="opls_532" charge="0.653000" sigma="0.355000" epsilon="0.292880" />
<Atom type="opls_531" charge="0.874000" sigma="0.355000" epsilon="0.292880" />
<Atom type="opls_533" charge="-0.689000" sigma="0.355000" epsilon="0.292880" />
<Atom type="opls_535" charge="0.011000" sigma="0.242000" epsilon="0.125520" />
<Atom type="opls_536" charge="0.197000" sigma="0.242000" epsilon="0.125520" />
<Atom type="opls_530" charge="-0.839000" sigma="0.325000" epsilon="0.711280" />
</NonbondedForce>
</ForceField>
