<ForceField>
<AtomTypes>
<Type name="opls_537" class="N537" element="N" mass="14.007000" />
<Type name="opls_539" class="C539" element="C" mass="12.011000" />
<Type name="opls_541" class="H541" element="H" mass="1.008000" />
<Type name="opls_538" class="C538" element="C" mass="12.011000" />
<Type name="opls_540" class="H540" element="H" mass="1.008000" />
</AtomTypes>
<Residues>
<Residue name="NEU">
<Atom name="N00" type="opls_537" />
<Atom name="N01" type="opls_537" />
<Atom name="C02" type="opls_538" />
<Atom name="C03" type="opls_538" />
<Atom name="C04" type="opls_539" />
<Atom name="C05" type="opls_539" />
<Atom name="H06" type="opls_540" />
<Atom name="H07" type="opls_540" />
<Atom name="H08" type="opls_541" />
<Atom name="H09" type="opls_541" />
<Bond from="0" to="1"/>
<Bond from="1" to="2"/>
<Bond from="0" to="3"/>
<Bond from="3" to="4"/>
<Bond from="2" to="5"/>
<Bond from="2" to="6"/>
<Bond from="3" to="7"/>
<Bond from="4" to="8"/>
<Bond from="5" to="9"/>
<Bond from="4" to="5"/>
</Residue>
</Residues>
<HarmonicBondForce>
<Bond class1="N537" class2="N537" length="0.132000" k="418400.000000"/>
<Bond class1="C538" class2="N537" length="0.133900" k="404174.400000"/>
<Bond class1="C538" class2="N537" length="0.133900" k="404174.400000"/>
<Bond class1="C539" class2="C538" length="0.140000" k="392459.200000"/>
<Bond class1="C539" class2="C538" length="0.140000" k="392459.200000"/>
<Bond class1="H540" class2="C538" length="0.108000" k="307105.600000"/>
<Bond class1="H540" class2="C538" length="0.108000" k="307105.600000"/>
<Bond class1="H541" class2="C539" length="0.108000" k="307105.600000"/>
<Bond class1="H541" class2="C539" length="0.108000" k="307105.600000"/>
<Bond class1="C539" class2="C539" length="0.140000" k="392459.200000"/>
</HarmonicBondForce>
<HarmonicAngleForce>
<Angle class1="N537" class2="N537" class3="C538" angle="2.042035" k="585.760000"/>
<Angle class1="N537" class2="C538" class3="C539" angle="2.164208" k="585.760000"/>
<Angle class1="N537" class2="C538" class3="H540" angle="2.024582" k="292.880000"/>
<Angle class1="C538" class2="C539" class3="H541" angle="2.094395" k="292.880000"/>
<Angle class1="C539" class2="C538" class3="H540" angle="2.094395" k="292.880000"/>
<Angle class1="C538" class2="C539" class3="C539" angle="2.094395" k="527.184000"/>
<Angle class1="C539" class2="C539" class3="H541" angle="2.094395" k="292.880000"/>
</HarmonicAngleForce>
<PeriodicTorsionForce>
<Proper class1="C538" class2="C539" class3="C539" class4="C538" k1="0.000000" k2="15.167000" k3="0.000000" k4="0.000000" periodicity1="1" periodicity2="2" periodicity3="3" periodicity4="4" phase1="0.00" phase2="3.141592653589793" phase3="0.00" phase4="3.141592653589793"/>
<Proper class1="C538" class2="N537" class3="N537" class4="C538" k1="0.000000" k2="15.167000" k3="0.000000" k4="0.000000" periodicity1="1" periodicity2="2" periodicity3="3" periodicity4="4" phase1="0.00" phase2="3.141592653589793" phase3="0.00" phase4="3.141592653589793"/>
<Proper class1="C539" class2="C538" class3="N537" class4="N537" k1="0.000000" k2="15.167000" k3="0.000000" k4="0.000000" periodicity1="1" periodicity2="2" periodicity3="3" periodicity4="4" phase1="0.00" phase2="3.141592653589793" phase3="0.00" phase4="3.141592653589793"/>
<Proper class1="C539" class2="C539" class3="C538" class4="N537" k1="0.000000" k2="15.167000" k3="0.000000" k4="0.000000" periodicity1="1" periodicity2="2" periodicity3="3" periodicity4="4" phase1="0.00" phase2="3.141592653589793" phase3="0.00" phase4="3.141592653589793"/>
<Proper class1="H540" class2="C538" class3="C539" class4="C539" k1="0.000000" k2="15.167000" k3="0.000000" k4="0.000000" periodicity1="1" periodicity2="2" periodicity3="3" periodicity4="4" phase1="0.00" phase2="3.141592653589793" phase3="0.00" phase4="3.141592653589793"/>
<Proper class1="H540" class2="C538" class3="N537" class4="N537" k1="0.000000" k2="15.167000" k3="0.000000" k4="0.000000" periodicity1="1" periodicity2="2" periodicity3="3" periodicity4="4" phase1="0.00" phase2="3.141592653589793" phase3="0.00" phase4="3.141592653589793"/>
<Proper class1="H541" class2="C539" class3="C538" class4="H540" k1="0.000000" k2="15.167000" k3="0.000000" k4="0.000000" periodicity1="1" periodicity2="2" periodicity3="3" periodicity4="4" phase1="0.00" phase2="3.141592653589793" phase3="0.00" phase4="3.141592653589793"/>
<Proper class1="H541" class2="C539" class3="C538" class4="N537" k1="0.000000" k2="15.167000" k3="0.000000" k4="0.000000" periodicity1="1" periodicity2="2" periodicity3="3" periodicity4="4" phase1="0.00" phase2="3.141592653589793" phase3="0.00" phase4="3.141592653589793"/>
<Proper class1="H541" class2="C539" class3="C539" class4="C538" k1="0.000000" k2="15.167000" k3="0.000000" k4="0.000000" periodicity1="1" periodicity2="2" periodicity3="3" periodicity4="4" phase1="0.00" phase2="3.141592653589793" phase3="0.00" phase4="3.141592653589793"/>
<Proper class1="H541" class2="C539" class3="C539" class4="H541" k1="0.000000" k2="15.167000" k3="0.000000" k4="0.000000" periodicity1="1" periodicity2="2" periodicity3="3" periodicity4="4" phase1="0.00" phase2="3.141592653589793" phase3="0.00" phase4="3.141592653589793"/>
<Improper class1="C538" class2="N537" class3="C539" class4="H540" k1="0.000000" k2="10.460000" k3="0.000000" k4="0.000000" periodicity1="1" periodicity2="2" periodicity3="3" periodicity4="4" phase1="0.00" phase2="3.141592653589793" phase3="0.00" phase4="3.141592653589793"/>
<Improper class1="C538" class2="N537" class3="C539" class4="H540" k1="0.000000" k2="10.460000" k3="0.000000" k4="0.000000" periodicity1="1" periodicity2="2" periodicity3="3" periodicity4="4" phase1="0.00" phase2="3.141592653589793" phase3="0.00" phase4="3.141592653589793"/>
</PeriodicTorsionForce>
<NonbondedForce coulomb14scale="0.5" lj14scale="0.5">
<Atom type="opls_540" charge="-0.009000" sigma="0.242000" epsilon="0.125520" />
<Atom type="opls_537" charge="-0.331000" sigma="0.325000" epsilon="0.711280" />
<Atom type="opls_541" charge="0.122000" sigma="0.242000" epsilon="0.125520" />
<Atom type="opls_538" charge="0.378000" sigma="0.355000" epsilon="0.292880" />
<Atom type="opls_539" charge="-0.160000" sigma="0.355000" epsilon="0.292880" />
</NonbondedForce>
</ForceField>
