<ForceField>
<AtomTypes>
<Type name="opls_611" class="C611" element="C" mass="12.011000" />
<Type name="opls_613" class="H613" element="H" mass="1.008000" />
<Type name="opls_604" class="C604" element="C" mass="12.011000" />
<Type name="opls_616" class="H616" element="H" mass="1.008000" />
<Type name="opls_609" class="C609" element="C" mass="12.011000" />
<Type name="opls_619" class="H619" element="H" mass="1.008000" />
<Type name="opls_614" class="H614" element="H" mass="1.008000" />
<Type name="opls_610" class="C610" element="C" mass="12.011000" />
<Type name="opls_618" class="H618" element="H" mass="1.008000" />
<Type name="opls_617" class="H617" element="H" mass="1.008000" />
<Type name="opls_606" class="C606" element="C" mass="12.011000" />
<Type name="opls_605" class="C605" element="C" mass="12.011000" />
<Type name="opls_608" class="C608" element="C" mass="12.011000" />
<Type name="opls_615" class="H615" element="H" mass="1.008000" />
<Type name="opls_607" class="C607" element="C" mass="12.011000" />
<Type name="opls_612" class="C612" element="C" mass="12.011000" />
<Type name="opls_603" class="N603" element="N" mass="14.007000" />
</AtomTypes>
<Residues>
<Residue name="NEU">
<Atom name="C00" type="opls_611" />
<Atom name="N01" type="opls_603" />
<Atom name="C02" type="opls_604" />
<Atom name="C03" type="opls_612" />
<Atom name="C04" type="opls_606" />
<Atom name="C05" type="opls_605" />
<Atom name="C06" type="opls_610" />
<Atom name="C07" type="opls_609" />
<Atom name="C08" type="opls_607" />
<Atom name="C09" type="opls_608" />
<Atom name="H0A" type="opls_613" />
<Atom name="H0B" type="opls_615" />
<Atom name="H0C" type="opls_614" />
<Atom name="H0D" type="opls_619" />
<Atom name="H0E" type="opls_618" />
<Atom name="H0F" type="opls_616" />
<Atom name="H0G" type="opls_617" />
<Bond from="0" to="1"/>
<Bond from="1" to="2"/>
<Bond from="0" to="3"/>
<Bond from="3" to="4"/>
<Bond from="2" to="5"/>
<Bond from="0" to="6"/>
<Bond from="6" to="7"/>
<Bond from="3" to="8"/>
<Bond from="7" to="9"/>
<Bond from="2" to="10"/>
<Bond from="4" to="11"/>
<Bond from="5" to="12"/>
<Bond from="6" to="13"/>
<Bond from="7" to="14"/>
<Bond from="8" to="15"/>
<Bond from="9" to="16"/>
<Bond from="4" to="5"/>
<Bond from="8" to="9"/>
</Residue>
</Residues>
<HarmonicBondForce>
<Bond class1="N603" class2="C611" length="0.133900" k="404174.400000"/>
<Bond class1="C604" class2="N603" length="0.133900" k="404174.400000"/>
<Bond class1="C612" class2="C611" length="0.140000" k="392459.200000"/>
<Bond class1="C606" class2="C612" length="0.140000" k="392459.200000"/>
<Bond class1="C605" class2="C604" length="0.140000" k="392459.200000"/>
<Bond class1="C610" class2="C611" length="0.140000" k="392459.200000"/>
<Bond class1="C609" class2="C610" length="0.140000" k="392459.200000"/>
<Bond class1="C607" class2="C612" length="0.140000" k="392459.200000"/>
<Bond class1="C608" class2="C609" length="0.140000" k="392459.200000"/>
<Bond class1="H613" class2="C604" length="0.108000" k="307105.600000"/>
<Bond class1="H615" class2="C606" length="0.108000" k="307105.600000"/>
<Bond class1="H614" class2="C605" length="0.108000" k="307105.600000"/>
<Bond class1="H619" class2="C610" length="0.108000" k="307105.600000"/>
<Bond class1="H618" class2="C609" length="0.108000" k="307105.600000"/>
<Bond class1="H616" class2="C607" length="0.108000" k="307105.600000"/>
<Bond class1="H617" class2="C608" length="0.108000" k="307105.600000"/>
<Bond class1="C605" class2="C606" length="0.140000" k="392459.200000"/>
<Bond class1="C608" class2="C607" length="0.140000" k="392459.200000"/>
</HarmonicBondForce>
<HarmonicAngleForce>
<Angle class1="C611" class2="N603" class3="C604" angle="2.042035" k="585.760000"/>
<Angle class1="N603" class2="C611" class3="C612" angle="2.164208" k="585.760000"/>
<Angle class1="C611" class2="C612" class3="C606" angle="2.094395" k="527.184000"/>
<Angle class1="N603" class2="C604" class3="C605" angle="2.164208" k="585.760000"/>
<Angle class1="N603" class2="C611" class3="C610" angle="2.164208" k="585.760000"/>
<Angle class1="C611" class2="C610" class3="C609" angle="2.094395" k="527.184000"/>
<Angle class1="C611" class2="C612" class3="C607" angle="2.094395" k="527.184000"/>
<Angle class1="C610" class2="C609" class3="C608" angle="2.094395" k="527.184000"/>
<Angle class1="N603" class2="C604" class3="H613" angle="2.024582" k="292.880000"/>
<Angle class1="C612" class2="C606" class3="H615" angle="2.094395" k="292.880000"/>
<Angle class1="C604" class2="C605" class3="H614" angle="2.094395" k="292.880000"/>
<Angle class1="C611" class2="C610" class3="H619" angle="2.094395" k="292.880000"/>
<Angle class1="C610" class2="C609" class3="H618" angle="2.094395" k="292.880000"/>
<Angle class1="C612" class2="C607" class3="H616" angle="2.094395" k="292.880000"/>
<Angle class1="C609" class2="C608" class3="H617" angle="2.094395" k="292.880000"/>
<Angle class1="C605" class2="C604" class3="H613" angle="2.094395" k="292.880000"/>
<Angle class1="C606" class2="C612" class3="C607" angle="2.094395" k="527.184000"/>
<Angle class1="C609" class2="C608" class3="C607" angle="2.094395" k="527.184000"/>
<Angle class1="C608" class2="C607" class3="H616" angle="2.094395" k="292.880000"/>
<Angle class1="C605" class2="C606" class3="H615" angle="2.094395" k="292.880000"/>
<Angle class1="C604" class2="C605" class3="C606" angle="2.094395" k="527.184000"/>
<Angle class1="C612" class2="C606" class3="C605" angle="2.094395" k="527.184000"/>
<Angle class1="C612" class2="C607" class3="C608" angle="2.094395" k="527.184000"/>
<Angle class1="C607" class2="C608" class3="H617" angle="2.094395" k="292.880000"/>
<Angle class1="C612" class2="C611" class3="C610" angle="2.094395" k="527.184000"/>
<Angle class1="C608" class2="C609" class3="H618" angle="2.094395" k="292.880000"/>
<Angle class1="C606" class2="C605" class3="H614" angle="2.094395" k="292.880000"/>
<Angle class1="C609" class2="C610" class3="H619" angle="2.094395" k="292.880000"/>
</HarmonicAngleForce>
<PeriodicTorsionForce>
<Proper class1="C605" class2="C604" class3="N603" class4="C611" k1="0.000000" k2="15.167000" k3="0.000000" k4="0.000000" periodicity1="1" periodicity2="2" periodicity3="3" periodicity4="4" phase1="0.00" phase2="3.141592653589793" phase3="0.00" phase4="3.141592653589793"/>
<Proper class1="C605" class2="C606" class3="C612" class4="C611" k1="0.000000" k2="15.167000" k3="0.000000" k4="0.000000" periodicity1="1" periodicity2="2" periodicity3="3" periodicity4="4" phase1="0.00" phase2="3.141592653589793" phase3="0.00" phase4="3.141592653589793"/>
<Proper class1="C606" class2="C605" class3="C604" class4="N603" k1="0.000000" k2="15.167000" k3="0.000000" k4="0.000000" periodicity1="1" periodicity2="2" periodicity3="3" periodicity4="4" phase1="0.00" phase2="3.141592653589793" phase3="0.00" phase4="3.141592653589793"/>
<Proper class1="C606" class2="C612" class3="C611" class4="N603" k1="0.000000" k2="15.167000" k3="0.000000" k4="0.000000" periodicity1="1" periodicity2="2" periodicity3="3" periodicity4="4" phase1="0.00" phase2="3.141592653589793" phase3="0.00" phase4="3.141592653589793"/>
<Proper class1="C607" class2="C608" class3="C609" class4="C610" k1="0.000000" k2="15.167000" k3="0.000000" k4="0.000000" periodicity1="1" periodicity2="2" periodicity3="3" periodicity4="4" phase1="0.00" phase2="3.141592653589793" phase3="0.00" phase4="3.141592653589793"/>
<Proper class1="C607" class2="C612" class3="C606" class4="C605" k1="0.000000" k2="15.167000" k3="0.000000" k4="0.000000" periodicity1="1" periodicity2="2" periodicity3="3" periodicity4="4" phase1="0.00" phase2="3.141592653589793" phase3="0.00" phase4="3.141592653589793"/>
<Proper class1="C607" class2="C612" class3="C611" class4="C610" k1="0.000000" k2="15.167000" k3="0.000000" k4="0.000000" periodicity1="1" periodicity2="2" periodicity3="3" periodicity4="4" phase1="0.00" phase2="3.141592653589793" phase3="0.00" phase4="3.141592653589793"/>
<Proper class1="C607" class2="C612" class3="C611" class4="N603" k1="0.000000" k2="15.167000" k3="0.000000" k4="0.000000" periodicity1="1" periodicity2="2" periodicity3="3" periodicity4="4" phase1="0.00" phase2="3.141592653589793" phase3="0.00" phase4="3.141592653589793"/>
<Proper class1="C608" class2="C607" class3="C612" class4="C606" k1="0.000000" k2="15.167000" k3="0.000000" k4="0.000000" periodicity1="1" periodicity2="2" periodicity3="3" periodicity4="4" phase1="0.00" phase2="3.141592653589793" phase3="0.00" phase4="3.141592653589793"/>
<Proper class1="C608" class2="C607" class3="C612" class4="C611" k1="0.000000" k2="15.167000" k3="0.000000" k4="0.000000" periodicity1="1" periodicity2="2" periodicity3="3" periodicity4="4" phase1="0.00" phase2="3.141592653589793" phase3="0.00" phase4="3.141592653589793"/>
<Proper class1="C608" class2="C609" class3="C610" class4="C611" k1="0.000000" k2="15.167000" k3="0.000000" k4="0.000000" periodicity1="1" periodicity2="2" periodicity3="3" periodicity4="4" phase1="0.00" phase2="3.141592653589793" phase3="0.00" phase4="3.141592653589793"/>
<Proper class1="C609" class2="C608" class3="C607" class4="C612" k1="0.000000" k2="15.167000" k3="0.000000" k4="0.000000" periodicity1="1" periodicity2="2" periodicity3="3" periodicity4="4" phase1="0.00" phase2="3.141592653589793" phase3="0.00" phase4="3.141592653589793"/>
<Proper class1="C609" class2="C610" class3="C611" class4="C612" k1="0.000000" k2="15.167000" k3="0.000000" k4="0.000000" periodicity1="1" periodicity2="2" periodicity3="3" periodicity4="4" phase1="0.00" phase2="3.141592653589793" phase3="0.00" phase4="3.141592653589793"/>
<Proper class1="C609" class2="C610" class3="C611" class4="N603" k1="0.000000" k2="15.167000" k3="0.000000" k4="0.000000" periodicity1="1" periodicity2="2" periodicity3="3" periodicity4="4" phase1="0.00" phase2="3.141592653589793" phase3="0.00" phase4="3.141592653589793"/>
<Proper class1="C610" class2="C611" class3="C612" class4="C606" k1="0.000000" k2="15.167000" k3="0.000000" k4="0.000000" periodicity1="1" periodicity2="2" periodicity3="3" periodicity4="4" phase1="0.00" phase2="3.141592653589793" phase3="0.00" phase4="3.141592653589793"/>
<Proper class1="C610" class2="C611" class3="N603" class4="C604" k1="0.000000" k2="15.167000" k3="0.000000" k4="0.000000" periodicity1="1" periodicity2="2" periodicity3="3" periodicity4="4" phase1="0.00" phase2="3.141592653589793" phase3="0.00" phase4="3.141592653589793"/>
<Proper class1="C612" class2="C606" class3="C605" class4="C604" k1="0.000000" k2="15.167000" k3="0.000000" k4="0.000000" periodicity1="1" periodicity2="2" periodicity3="3" periodicity4="4" phase1="0.00" phase2="3.141592653589793" phase3="0.00" phase4="3.141592653589793"/>
<Proper class1="C612" class2="C611" class3="N603" class4="C604" k1="0.000000" k2="15.167000" k3="0.000000" k4="0.000000" periodicity1="1" periodicity2="2" periodicity3="3" periodicity4="4" phase1="0.00" phase2="3.141592653589793" phase3="0.00" phase4="3.141592653589793"/>
<Proper class1="H613" class2="C604" class3="C605" class4="C606" k1="0.000000" k2="15.167000" k3="0.000000" k4="0.000000" periodicity1="1" periodicity2="2" periodicity3="3" periodicity4="4" phase1="0.00" phase2="3.141592653589793" phase3="0.00" phase4="3.141592653589793"/>
<Proper class1="H613" class2="C604" class3="N603" class4="C611" k1="0.000000" k2="15.167000" k3="0.000000" k4="0.000000" periodicity1="1" periodicity2="2" periodicity3="3" periodicity4="4" phase1="0.00" phase2="3.141592653589793" phase3="0.00" phase4="3.141592653589793"/>
<Proper class1="H614" class2="C605" class3="C604" class4="H613" k1="0.000000" k2="15.167000" k3="0.000000" k4="0.000000" periodicity1="1" periodicity2="2" periodicity3="3" periodicity4="4" phase1="0.00" phase2="3.141592653589793" phase3="0.00" phase4="3.141592653589793"/>
<Proper class1="H614" class2="C605" class3="C604" class4="N603" k1="0.000000" k2="15.167000" k3="0.000000" k4="0.000000" periodicity1="1" periodicity2="2" periodicity3="3" periodicity4="4" phase1="0.00" phase2="3.141592653589793" phase3="0.00" phase4="3.141592653589793"/>
<Proper class1="H614" class2="C605" class3="C606" class4="C612" k1="0.000000" k2="15.167000" k3="0.000000" k4="0.000000" periodicity1="1" periodicity2="2" periodicity3="3" periodicity4="4" phase1="0.00" phase2="3.141592653589793" phase3="0.00" phase4="3.141592653589793"/>
<Proper class1="H614" class2="C605" class3="C606" class4="H615" k1="0.000000" k2="15.167000" k3="0.000000" k4="0.000000" periodicity1="1" periodicity2="2" periodicity3="3" periodicity4="4" phase1="0.00" phase2="3.141592653589793" phase3="0.00" phase4="3.141592653589793"/>
<Proper class1="H615" class2="C606" class3="C605" class4="C604" k1="0.000000" k2="15.167000" k3="0.000000" k4="0.000000" periodicity1="1" periodicity2="2" periodicity3="3" periodicity4="4" phase1="0.00" phase2="3.141592653589793" phase3="0.00" phase4="3.141592653589793"/>
<Proper class1="H615" class2="C606" class3="C612" class4="C607" k1="0.000000" k2="15.167000" k3="0.000000" k4="0.000000" periodicity1="1" periodicity2="2" periodicity3="3" periodicity4="4" phase1="0.00" phase2="3.141592653589793" phase3="0.00" phase4="3.141592653589793"/>
<Proper class1="H615" class2="C606" class3="C612" class4="C611" k1="0.000000" k2="15.167000" k3="0.000000" k4="0.000000" periodicity1="1" periodicity2="2" periodicity3="3" periodicity4="4" phase1="0.00" phase2="3.141592653589793" phase3="0.00" phase4="3.141592653589793"/>
<Proper class1="H616" class2="C607" class3="C608" class4="C609" k1="0.000000" k2="15.167000" k3="0.000000" k4="0.000000" periodicity1="1" periodicity2="2" periodicity3="3" periodicity4="4" phase1="0.00" phase2="3.141592653589793" phase3="0.00" phase4="3.141592653589793"/>
<Proper class1="H616" class2="C607" class3="C612" class4="C606" k1="0.000000" k2="15.167000" k3="0.000000" k4="0.000000" periodicity1="1" periodicity2="2" periodicity3="3" periodicity4="4" phase1="0.00" phase2="3.141592653589793" phase3="0.00" phase4="3.141592653589793"/>
<Proper class1="H616" class2="C607" class3="C612" class4="C611" k1="0.000000" k2="15.167000" k3="0.000000" k4="0.000000" periodicity1="1" periodicity2="2" periodicity3="3" periodicity4="4" phase1="0.00" phase2="3.141592653589793" phase3="0.00" phase4="3.141592653589793"/>
<Proper class1="H617" class2="C608" class3="C607" class4="C612" k1="0.000000" k2="15.167000" k3="0.000000" k4="0.000000" periodicity1="1" periodicity2="2" periodicity3="3" periodicity4="4" phase1="0.00" phase2="3.141592653589793" phase3="0.00" phase4="3.141592653589793"/>
<Proper class1="H617" class2="C608" class3="C607" class4="H616" k1="0.000000" k2="15.167000" k3="0.000000" k4="0.000000" periodicity1="1" periodicity2="2" periodicity3="3" periodicity4="4" phase1="0.00" phase2="3.141592653589793" phase3="0.00" phase4="3.141592653589793"/>
<Proper class1="H617" class2="C608" class3="C609" class4="C610" k1="0.000000" k2="15.167000" k3="0.000000" k4="0.000000" periodicity1="1" periodicity2="2" periodicity3="3" periodicity4="4" phase1="0.00" phase2="3.141592653589793" phase3="0.00" phase4="3.141592653589793"/>
<Proper class1="H617" class2="C608" class3="C609" class4="H618" k1="0.000000" k2="15.167000" k3="0.000000" k4="0.000000" periodicity1="1" periodicity2="2" periodicity3="3" periodicity4="4" phase1="0.00" phase2="3.141592653589793" phase3="0.00" phase4="3.141592653589793"/>
<Proper class1="H618" class2="C609" class3="C608" class4="C607" k1="0.000000" k2="15.167000" k3="0.000000" k4="0.000000" periodicity1="1" periodicity2="2" periodicity3="3" periodicity4="4" phase1="0.00" phase2="3.141592653589793" phase3="0.00" phase4="3.141592653589793"/>
<Proper class1="H618" class2="C609" class3="C610" class4="C611" k1="0.000000" k2="15.167000" k3="0.000000" k4="0.000000" periodicity1="1" periodicity2="2" periodicity3="3" periodicity4="4" phase1="0.00" phase2="3.141592653589793" phase3="0.00" phase4="3.141592653589793"/>
<Proper class1="H618" class2="C609" class3="C610" class4="H619" k1="0.000000" k2="15.167000" k3="0.000000" k4="0.000000" periodicity1="1" periodicity2="2" periodicity3="3" periodicity4="4" phase1="0.00" phase2="3.141592653589793" phase3="0.00" phase4="3.141592653589793"/>
<Proper class1="H619" class2="C610" class3="C609" class4="C608" k1="0.000000" k2="15.167000" k3="0.000000" k4="0.000000" periodicity1="1" periodicity2="2" periodicity3="3" periodicity4="4" phase1="0.00" phase2="3.141592653589793" phase3="0.00" phase4="3.141592653589793"/>
<Proper class1="H619" class2="C610" class3="C611" class4="C612" k1="0.000000" k2="15.167000" k3="0.000000" k4="0.000000" periodicity1="1" periodicity2="2" periodicity3="3" periodicity4="4" phase1="0.00" phase2="3.141592653589793" phase3="0.00" phase4="3.141592653589793"/>
<Proper class1="H619" class2="C610" class3="C611" class4="N603" k1="0.000000" k2="15.167000" k3="0.000000" k4="0.000000" periodicity1="1" periodicity2="2" periodicity3="3" periodicity4="4" phase1="0.00" phase2="3.141592653589793" phase3="0.00" phase4="3.141592653589793"/>
<Improper class1="C605" class2="H614" class3="C604" class4="C606" k1="0.000000" k2="10.460000" k3="0.000000" k4="0.000000" periodicity1="1" periodicity2="2" periodicity3="3" periodicity4="4" phase1="0.00" phase2="3.141592653589793" phase3="0.00" phase4="3.141592653589793"/>
<Improper class1="C609" class2="C608" class3="C610" class4="H618" k1="0.000000" k2="10.460000" k3="0.000000" k4="0.000000" periodicity1="1" periodicity2="2" periodicity3="3" periodicity4="4" phase1="0.00" phase2="3.141592653589793" phase3="0.00" phase4="3.141592653589793"/>
<Improper class1="C608" class2="C607" class3="H617" class4="C609" k1="0.000000" k2="10.460000" k3="0.000000" k4="0.000000" periodicity1="1" periodicity2="2" periodicity3="3" periodicity4="4" phase1="0.00" phase2="3.141592653589793" phase3="0.00" phase4="3.141592653589793"/>
<Improper class1="C610" class2="C611" class3="H619" class4="C609" k1="0.000000" k2="10.460000" k3="0.000000" k4="0.000000" periodicity1="1" periodicity2="2" periodicity3="3" periodicity4="4" phase1="0.00" phase2="3.141592653589793" phase3="0.00" phase4="3.141592653589793"/>
<Improper class1="C612" class2="C611" class3="C607" class4="C606" k1="0.000000" k2="10.460000" k3="0.000000" k4="0.000000" periodicity1="1" periodicity2="2" periodicity3="3" periodicity4="4" phase1="0.00" phase2="3.141592653589793" phase3="0.00" phase4="3.141592653589793"/>
<Improper class1="C606" class2="C612" class3="H615" class4="C605" k1="0.000000" k2="10.460000" k3="0.000000" k4="0.000000" periodicity1="1" periodicity2="2" periodicity3="3" periodicity4="4" phase1="0.00" phase2="3.141592653589793" phase3="0.00" phase4="3.141592653589793"/>
<Improper class1="C607" class2="C608" class3="C612" class4="H616" k1="0.000000" k2="10.460000" k3="0.000000" k4="0.000000" periodicity1="1" periodicity2="2" periodicity3="3" periodicity4="4" phase1="0.00" phase2="3.141592653589793" phase3="0.00" phase4="3.141592653589793"/>
<Improper class1="C604" class2="N603" class3="H613" class4="C605" k1="0.000000" k2="10.460000" k3="0.000000" k4="0.000000" periodicity1="1" periodicity2="2" periodicity3="3" periodicity4="4" phase1="0.00" phase2="3.141592653589793" phase3="0.00" phase4="3.141592653589793"/>
<Improper class1="C611" class2="N603" class3="C612" class4="C610" k1="0.000000" k2="10.460000" k3="0.000000" k4="0.000000" periodicity1="1" periodicity2="2" periodicity3="3" periodicity4="4" phase1="0.00" phase2="3.141592653589793" phase3="0.00" phase4="3.141592653589793"/>
</PeriodicTorsionForce>
<NonbondedForce coulomb14scale="0.5" lj14scale="0.5">
<Atom type="opls_609" charge="-0.070000" sigma="0.355000" epsilon="0.292880" />
<Atom type="opls_616" charge="0.133000" sigma="0.242000" epsilon="0.125520" />
<Atom type="opls_619" charge="0.157000" sigma="0.242000" epsilon="0.125520" />
<Atom type="opls_613" charge="0.028000" sigma="0.242000" epsilon="0.125520" />
<Atom type="opls_604" charge="0.425000" sigma="0.355000" epsilon="0.292880" />
<Atom type="opls_603" charge="-0.694000" sigma="0.325000" epsilon="0.711280" />
<Atom type="opls_610" charge="-0.307000" sigma="0.355000" epsilon="0.292880" />
<Atom type="opls_607" charge="-0.197000" sigma="0.355000" epsilon="0.292880" />
<Atom type="opls_614" charge="0.146000" sigma="0.242000" epsilon="0.125520" />
<Atom type="opls_618" charge="0.114000" sigma="0.242000" epsilon="0.125520" />
<Atom type="opls_615" charge="0.119000" sigma="0.242000" epsilon="0.125520" />
<Atom type="opls_617" charge="0.113000" sigma="0.242000" epsilon="0.125520" />
<Atom type="opls_605" charge="-0.359000" sigma="0.355000" epsilon="0.292880" />
<Atom type="opls_606" charge="-0.008000" sigma="0.355000" epsilon="0.292880" />
<Atom type="opls_608" charge="-0.112000" sigma="0.355000" epsilon="0.292880" />
<Atom type="opls_611" charge="0.563000" sigma="0.355000" epsilon="0.292880" />
<Atom type="opls_612" charge="-0.051000" sigma="0.355000" epsilon="0.292880" />
</NonbondedForce>
</ForceField>
