<ForceField>
<AtomTypes>
<Type name="opls_140" class="H140" element="H" mass="1.008000" />
<Type name="opls_711" class="C711" element="C" mass="12.011000" />
<Type name="opls_146" class="H146" element="H" mass="1.008000" />
<Type name="opls_733" class="C733" element="C" mass="12.011000" />
<Type name="opls_145" class="C145" element="C" mass="12.011000" />
</AtomTypes>
<Residues>
<Residue name="NEU">
<Atom name="C00" type="opls_145" />
<Atom name="C01" type="opls_145" />
<Atom name="C02" type="opls_145" />
<Atom name="C03" type="opls_145" />
<Atom name="C04" type="opls_145" />
<Atom name="C05" type="opls_145" />
<Atom name="C06" type="opls_733" />
<Atom name="H07" type="opls_146" />
<Atom name="H08" type="opls_146" />
<Atom name="H09" type="opls_146" />
<Atom name="H0A" type="opls_146" />
<Atom name="H0B" type="opls_146" />
<Atom name="H0C" type="opls_140" />
<Atom name="C0D" type="opls_711" />
<Atom name="C0E" type="opls_711" />
<Atom name="H0F" type="opls_140" />
<Atom name="H0G" type="opls_140" />
<Atom name="H0H" type="opls_140" />
<Atom name="H0I" type="opls_140" />
<Bond from="0" to="1"/>
<Bond from="0" to="2"/>
<Bond from="1" to="3"/>
<Bond from="2" to="4"/>
<Bond from="3" to="5"/>
<Bond from="0" to="6"/>
<Bond from="1" to="7"/>
<Bond from="2" to="8"/>
<Bond from="3" to="9"/>
<Bond from="4" to="10"/>
<Bond from="5" to="11"/>
<Bond from="6" to="12"/>
<Bond from="6" to="13"/>
<Bond from="6" to="14"/>
<Bond from="13" to="15"/>
<Bond from="13" to="16"/>
<Bond from="14" to="17"/>
<Bond from="14" to="18"/>
<Bond from="4" to="5"/>
<Bond from="13" to="14"/>
</Residue>
</Residues>
<HarmonicBondForce>
<Bond class1="C145" class2="C145" length="0.140000" k="392459.200000"/>
<Bond class1="C145" class2="C145" length="0.140000" k="392459.200000"/>
<Bond class1="C145" class2="C145" length="0.140000" k="392459.200000"/>
<Bond class1="C145" class2="C145" length="0.140000" k="392459.200000"/>
<Bond class1="C145" class2="C145" length="0.140000" k="392459.200000"/>
<Bond class1="C733" class2="C145" length="0.149000" k="265265.600000"/>
<Bond class1="H146" class2="C145" length="0.108000" k="307105.600000"/>
<Bond class1="H146" class2="C145" length="0.108000" k="307105.600000"/>
<Bond class1="H146" class2="C145" length="0.108000" k="307105.600000"/>
<Bond class1="H146" class2="C145" length="0.108000" k="307105.600000"/>
<Bond class1="H146" class2="C145" length="0.108000" k="307105.600000"/>
<Bond class1="H140" class2="C733" length="0.108800" k="284512.000000"/>
<Bond class1="C711" class2="C733" length="0.152000" k="217568.000000"/>
<Bond class1="C711" class2="C733" length="0.152000" k="217568.000000"/>
<Bond class1="H140" class2="C711" length="0.108800" k="284512.000000"/>
<Bond class1="H140" class2="C711" length="0.108800" k="284512.000000"/>
<Bond class1="H140" class2="C711" length="0.108800" k="284512.000000"/>
<Bond class1="H140" class2="C711" length="0.108800" k="284512.000000"/>
<Bond class1="C145" class2="C145" length="0.140000" k="392459.200000"/>
<Bond class1="C711" class2="C711" length="0.152000" k="217568.000000"/>
</HarmonicBondForce>
<HarmonicAngleForce>
<Angle class1="C145" class2="C145" class3="C145" angle="2.094395" k="527.184000"/>
<Angle class1="C145" class2="C145" class3="C733" angle="2.106612" k="585.760000"/>
<Angle class1="C145" class2="C145" class3="H146" angle="2.094395" k="292.880000"/>
<Angle class1="C145" class2="C733" class3="H140" angle="1.989675" k="292.880000"/>
<Angle class1="C145" class2="C733" class3="C711" angle="2.117084" k="313.800000"/>
<Angle class1="C733" class2="C711" class3="H140" angle="2.045526" k="313.800000"/>
<Angle class1="C711" class2="C711" class3="H140" angle="2.045526" k="313.800000"/>
<Angle class1="H140" class2="C711" class3="H140" angle="1.994911" k="292.880000"/>
<Angle class1="H140" class2="C733" class3="C711" angle="2.045526" k="313.800000"/>
</HarmonicAngleForce>
<PeriodicTorsionForce>
<Proper class1="C145" class2="C145" class3="C145" class4="C145" k1="0.000000" k2="15.167000" k3="0.000000" k4="0.000000" periodicity1="1" periodicity2="2" periodicity3="3" periodicity4="4" phase1="0.00" phase2="3.141592653589793" phase3="0.00" phase4="3.141592653589793"/>
<Proper class1="C711" class2="C733" class3="C145" class4="C145" k1="0.000000" k2="3.974800" k3="0.000000" k4="0.000000" periodicity1="1" periodicity2="2" periodicity3="3" periodicity4="4" phase1="0.00" phase2="3.141592653589793" phase3="0.00" phase4="3.141592653589793"/>
<Proper class1="C733" class2="C145" class3="C145" class4="C145" k1="0.000000" k2="15.167000" k3="0.000000" k4="0.000000" periodicity1="1" periodicity2="2" periodicity3="3" periodicity4="4" phase1="0.00" phase2="3.141592653589793" phase3="0.00" phase4="3.141592653589793"/>
<Proper class1="H140" class2="C711" class3="C711" class4="H140" k1="0.000000" k2="0.000000" k3="0.000000" k4="0.000000" periodicity1="1" periodicity2="2" periodicity3="3" periodicity4="4" phase1="0.00" phase2="3.141592653589793" phase3="0.00" phase4="3.141592653589793"/>
<Proper class1="H140" class2="C711" class3="C733" class4="C145" k1="0.000000" k2="0.000000" k3="0.000000" k4="0.000000" periodicity1="1" periodicity2="2" periodicity3="3" periodicity4="4" phase1="0.00" phase2="3.141592653589793" phase3="0.00" phase4="3.141592653589793"/>
<Proper class1="H140" class2="C711" class3="C733" class4="H140" k1="0.000000" k2="0.000000" k3="0.000000" k4="0.000000" periodicity1="1" periodicity2="2" periodicity3="3" periodicity4="4" phase1="0.00" phase2="3.141592653589793" phase3="0.00" phase4="3.141592653589793"/>
<Proper class1="H140" class2="C733" class3="C145" class4="C145" k1="0.000000" k2="0.000000" k3="0.000000" k4="0.000000" periodicity1="1" periodicity2="2" periodicity3="3" periodicity4="4" phase1="0.00" phase2="3.141592653589793" phase3="0.00" phase4="3.141592653589793"/>
<Proper class1="H146" class2="C145" class3="C145" class4="C145" k1="0.000000" k2="15.167000" k3="0.000000" k4="0.000000" periodicity1="1" periodicity2="2" periodicity3="3" periodicity4="4" phase1="0.00" phase2="3.141592653589793" phase3="0.00" phase4="3.141592653589793"/>
<Proper class1="H146" class2="C145" class3="C145" class4="C733" k1="0.000000" k2="15.167000" k3="0.000000" k4="0.000000" periodicity1="1" periodicity2="2" periodicity3="3" periodicity4="4" phase1="0.00" phase2="3.141592653589793" phase3="0.00" phase4="3.141592653589793"/>
<Proper class1="H146" class2="C145" class3="C145" class4="H146" k1="0.000000" k2="15.167000" k3="0.000000" k4="0.000000" periodicity1="1" periodicity2="2" periodicity3="3" periodicity4="4" phase1="0.00" phase2="3.141592653589793" phase3="0.00" phase4="3.141592653589793"/>
</PeriodicTorsionForce>
<NonbondedForce coulomb14scale="0.5" lj14scale="0.5">
<Atom type="opls_145" charge="-0.115000" sigma="0.355000" epsilon="0.292880" />
<Atom type="opls_146" charge="0.115000" sigma="0.242000" epsilon="0.125520" />
<Atom type="opls_711" charge="-0.120000" sigma="0.343000" epsilon="0.368192" />
<Atom type="opls_140" charge="0.060000" sigma="0.250000" epsilon="0.125520" />
<Atom type="opls_733" charge="0.055000" sigma="0.350000" epsilon="0.276144" />
</NonbondedForce>
</ForceField>
