<ForceField>
<AtomTypes>
<Type name="opls_761" class="O761" element="O" mass="15.999000" />
<Type name="opls_760" class="N760" element="N" mass="14.007000" />
<Type name="opls_763" class="H763" element="H" mass="1.008000" />
<Type name="opls_762" class="C762" element="C" mass="12.011000" />
</AtomTypes>
<Residues>
<Residue name="NEU">
<Atom name="N00" type="opls_760" />
<Atom name="O01" type="opls_761" />
<Atom name="O02" type="opls_761" />
<Atom name="C03" type="opls_762" />
<Atom name="H04" type="opls_763" />
<Atom name="H05" type="opls_763" />
<Atom name="H06" type="opls_763" />
<Bond from="0" to="1"/>
<Bond from="0" to="2"/>
<Bond from="0" to="3"/>
<Bond from="3" to="4"/>
<Bond from="3" to="5"/>
<Bond from="3" to="6"/>
</Residue>
</Residues>
<HarmonicBondForce>
<Bond class1="O761" class2="N760" length="0.122500" k="460240.000000"/>
<Bond class1="O761" class2="N760" length="0.122500" k="460240.000000"/>
<Bond class1="C762" class2="N760" length="0.149000" k="313800.000000"/>
<Bond class1="H763" class2="C762" length="0.109000" k="284512.000000"/>
<Bond class1="H763" class2="C762" length="0.109000" k="284512.000000"/>
<Bond class1="H763" class2="C762" length="0.109000" k="284512.000000"/>
</HarmonicBondForce>
<HarmonicAngleForce>
<Angle class1="O761" class2="N760" class3="O761" angle="2.181662" k="669.440000"/>
<Angle class1="O761" class2="N760" class3="C762" angle="2.050762" k="669.440000"/>
<Angle class1="N760" class2="C762" class3="H763" angle="1.832596" k="292.880000"/>
<Angle class1="H763" class2="C762" class3="H763" angle="1.881465" k="276.144000"/>
</HarmonicAngleForce>
<PeriodicTorsionForce>
<Proper class1="H763" class2="C762" class3="N760" class4="O761" k1="0.000000" k2="0.000000" k3="0.000000" k4="0.000000" periodicity1="1" periodicity2="2" periodicity3="3" periodicity4="4" phase1="0.00" phase2="3.141592653589793" phase3="0.00" phase4="3.141592653589793"/>
</PeriodicTorsionForce>
<NonbondedForce coulomb14scale="0.5" lj14scale="0.5">
<Atom type="opls_762" charge="0.020000" sigma="0.350000" epsilon="0.276144" />
<Atom type="opls_760" charge="0.540000" sigma="0.325000" epsilon="0.502080" />
<Atom type="opls_761" charge="-0.370000" sigma="0.296000" epsilon="0.711280" />
<Atom type="opls_763" charge="0.060000" sigma="0.250000" epsilon="0.062760" />
</NonbondedForce>
</ForceField>
