<ForceField>
<AtomTypes>
<Type name="opls_907" class="C907" element="C" mass="12.011000" />
<Type name="opls_182" class="C182" element="C" mass="12.011000" />
<Type name="opls_910" class="H910" element="H" mass="1.008000" />
<Type name="opls_180" class="O180" element="O" mass="15.999000" />
<Type name="opls_911" class="H911" element="H" mass="1.008000" />
<Type name="opls_185" class="H185" element="H" mass="1.008000" />
<Type name="opls_901" class="N901" element="N" mass="14.007000" />
</AtomTypes>
<Residues>
<Residue name="NEU">
<Atom name="O00" type="opls_180" />
<Atom name="C01" type="opls_182" />
<Atom name="C02" type="opls_182" />
<Atom name="C03" type="opls_907" />
<Atom name="H04" type="opls_185" />
<Atom name="H05" type="opls_185" />
<Atom name="N06" type="opls_901" />
<Atom name="H07" type="opls_911" />
<Atom name="H08" type="opls_911" />
<Atom name="C09" type="opls_907" />
<Atom name="H0A" type="opls_910" />
<Atom name="C0B" type="opls_182" />
<Atom name="H0C" type="opls_911" />
<Atom name="H0D" type="opls_911" />
<Atom name="O0E" type="opls_180" />
<Atom name="H0F" type="opls_185" />
<Atom name="H0G" type="opls_185" />
<Atom name="C0H" type="opls_182" />
<Atom name="C0I" type="opls_182" />
<Atom name="H0J" type="opls_185" />
<Atom name="H0K" type="opls_185" />
<Atom name="O0M" type="opls_180" />
<Atom name="H0N" type="opls_185" />
<Atom name="H0O" type="opls_185" />
<Atom name="C0P" type="opls_182" />
<Atom name="C0Q" type="opls_907" />
<Atom name="H0R" type="opls_185" />
<Atom name="H0S" type="opls_185" />
<Atom name="N0T" type="opls_901" />
<Atom name="H0U" type="opls_911" />
<Atom name="H0V" type="opls_911" />
<Atom name="C0W" type="opls_907" />
<Atom name="H0X" type="opls_910" />
<Atom name="C0Y" type="opls_182" />
<Atom name="H0Z" type="opls_911" />
<Atom name="H10" type="opls_911" />
<Atom name="O11" type="opls_180" />
<Atom name="H12" type="opls_185" />
<Atom name="H13" type="opls_185" />
<Atom name="C14" type="opls_182" />
<Atom name="H15" type="opls_185" />
<Atom name="H16" type="opls_185" />
<Atom name="H17" type="opls_185" />
<Atom name="H18" type="opls_185" />
<Bond from="0" to="1"/>
<Bond from="0" to="2"/>
<Bond from="1" to="3"/>
<Bond from="1" to="4"/>
<Bond from="1" to="5"/>
<Bond from="3" to="6"/>
<Bond from="3" to="7"/>
<Bond from="3" to="8"/>
<Bond from="6" to="9"/>
<Bond from="6" to="10"/>
<Bond from="9" to="11"/>
<Bond from="9" to="12"/>
<Bond from="9" to="13"/>
<Bond from="11" to="14"/>
<Bond from="11" to="15"/>
<Bond from="11" to="16"/>
<Bond from="14" to="17"/>
<Bond from="17" to="18"/>
<Bond from="17" to="19"/>
<Bond from="17" to="20"/>
<Bond from="18" to="21"/>
<Bond from="18" to="22"/>
<Bond from="18" to="23"/>
<Bond from="21" to="24"/>
<Bond from="24" to="25"/>
<Bond from="24" to="26"/>
<Bond from="24" to="27"/>
<Bond from="25" to="28"/>
<Bond from="25" to="29"/>
<Bond from="25" to="30"/>
<Bond from="28" to="31"/>
<Bond from="28" to="32"/>
<Bond from="31" to="33"/>
<Bond from="31" to="34"/>
<Bond from="31" to="35"/>
<Bond from="33" to="36"/>
<Bond from="33" to="37"/>
<Bond from="33" to="38"/>
<Bond from="2" to="39"/>
<Bond from="39" to="40"/>
<Bond from="39" to="41"/>
<Bond from="2" to="42"/>
<Bond from="2" to="43"/>
<Bond from="36" to="39"/>
</Residue>
</Residues>
<HarmonicBondForce>
<Bond class1="C182" class2="O180" length="0.141000" k="267776.000000"/>
<Bond class1="C182" class2="O180" length="0.141000" k="267776.000000"/>
<Bond class1="C907" class2="C182" length="0.152900" k="224262.400000"/>
<Bond class1="H185" class2="C182" length="0.109000" k="284512.000000"/>
<Bond class1="H185" class2="C182" length="0.109000" k="284512.000000"/>
<Bond class1="N901" class2="C907" length="0.144800" k="319657.600000"/>
<Bond class1="H911" class2="C907" length="0.109000" k="284512.000000"/>
<Bond class1="H911" class2="C907" length="0.109000" k="284512.000000"/>
<Bond class1="C907" class2="N901" length="0.144800" k="319657.600000"/>
<Bond class1="H910" class2="N901" length="0.101000" k="363171.200000"/>
<Bond class1="C182" class2="C907" length="0.152900" k="224262.400000"/>
<Bond class1="H911" class2="C907" length="0.109000" k="284512.000000"/>
<Bond class1="H911" class2="C907" length="0.109000" k="284512.000000"/>
<Bond class1="O180" class2="C182" length="0.141000" k="267776.000000"/>
<Bond class1="H185" class2="C182" length="0.109000" k="284512.000000"/>
<Bond class1="H185" class2="C182" length="0.109000" k="284512.000000"/>
<Bond class1="C182" class2="O180" length="0.141000" k="267776.000000"/>
<Bond class1="C182" class2="C182" length="0.152900" k="224262.400000"/>
<Bond class1="H185" class2="C182" length="0.109000" k="284512.000000"/>
<Bond class1="H185" class2="C182" length="0.109000" k="284512.000000"/>
<Bond class1="O180" class2="C182" length="0.141000" k="267776.000000"/>
<Bond class1="H185" class2="C182" length="0.109000" k="284512.000000"/>
<Bond class1="H185" class2="C182" length="0.109000" k="284512.000000"/>
<Bond class1="C182" class2="O180" length="0.141000" k="267776.000000"/>
<Bond class1="C907" class2="C182" length="0.152900" k="224262.400000"/>
<Bond class1="H185" class2="C182" length="0.109000" k="284512.000000"/>
<Bond class1="H185" class2="C182" length="0.109000" k="284512.000000"/>
<Bond class1="N901" class2="C907" length="0.144800" k="319657.600000"/>
<Bond class1="H911" class2="C907" length="0.109000" k="284512.000000"/>
<Bond class1="H911" class2="C907" length="0.109000" k="284512.000000"/>
<Bond class1="C907" class2="N901" length="0.144800" k="319657.600000"/>
<Bond class1="H910" class2="N901" length="0.101000" k="363171.200000"/>
<Bond class1="C182" class2="C907" length="0.152900" k="224262.400000"/>
<Bond class1="H911" class2="C907" length="0.109000" k="284512.000000"/>
<Bond class1="H911" class2="C907" length="0.109000" k="284512.000000"/>
<Bond class1="O180" class2="C182" length="0.141000" k="267776.000000"/>
<Bond class1="H185" class2="C182" length="0.109000" k="284512.000000"/>
<Bond class1="H185" class2="C182" length="0.109000" k="284512.000000"/>
<Bond class1="C182" class2="C182" length="0.152900" k="224262.400000"/>
<Bond class1="H185" class2="C182" length="0.109000" k="284512.000000"/>
<Bond class1="H185" class2="C182" length="0.109000" k="284512.000000"/>
<Bond class1="H185" class2="C182" length="0.109000" k="284512.000000"/>
<Bond class1="H185" class2="C182" length="0.109000" k="284512.000000"/>
<Bond class1="C182" class2="O180" length="0.141000" k="267776.000000"/>
</HarmonicBondForce>
<HarmonicAngleForce>
<Angle class1="C182" class2="O180" class3="C182" angle="1.911136" k="502.080000"/>
<Angle class1="O180" class2="C182" class3="C907" angle="1.911136" k="418.400000"/>
<Angle class1="O180" class2="C182" class3="H185" angle="1.911136" k="292.880000"/>
<Angle class1="C182" class2="C907" class3="N901" angle="1.910612" k="470.281600"/>
<Angle class1="C182" class2="C907" class3="H911" angle="1.932079" k="313.800000"/>
<Angle class1="C907" class2="N901" class3="C907" angle="1.870993" k="433.462400"/>
<Angle class1="C907" class2="N901" class3="H910" angle="1.911136" k="292.880000"/>
<Angle class1="N901" class2="C907" class3="C182" angle="1.910612" k="470.281600"/>
<Angle class1="N901" class2="C907" class3="H911" angle="1.911136" k="292.880000"/>
<Angle class1="C907" class2="C182" class3="O180" angle="1.911136" k="418.400000"/>
<Angle class1="C907" class2="C182" class3="H185" angle="1.932079" k="313.800000"/>
<Angle class1="O180" class2="C182" class3="C182" angle="1.911136" k="418.400000"/>
<Angle class1="C182" class2="C182" class3="O180" angle="1.911136" k="418.400000"/>
<Angle class1="C182" class2="C182" class3="H185" angle="1.932079" k="313.800000"/>
<Angle class1="H185" class2="C182" class3="H185" angle="1.881465" k="276.144000"/>
<Angle class1="H911" class2="C907" class3="H911" angle="1.881465" k="276.144000"/>
</HarmonicAngleForce>
<PeriodicTorsionForce>
<Proper class1="C182" class2="C182" class3="O180" class4="C182" k1="1.359800" k2="-0.523000" k3="1.401640" k4="0.000000" periodicity1="1" periodicity2="2" periodicity3="3" periodicity4="4" phase1="0.00" phase2="3.141592653589793" phase3="0.00" phase4="3.141592653589793"/>
<Proper class1="C182" class2="C907" class3="N901" class4="C907" k1="0.870272" k2="-0.267776" k3="1.453940" k4="0.000000" periodicity1="1" periodicity2="2" periodicity3="3" periodicity4="4" phase1="0.00" phase2="3.141592653589793" phase3="0.00" phase4="3.141592653589793"/>
<Proper class1="C182" class2="C907" class3="N901" class4="H910" k1="-0.397480" k2="-0.872364" k3="0.874456" k4="0.000000" periodicity1="1" periodicity2="2" periodicity3="3" periodicity4="4" phase1="0.00" phase2="3.141592653589793" phase3="0.00" phase4="3.141592653589793"/>
<Proper class1="C182" class2="O180" class3="C182" class4="C182" k1="1.359800" k2="-0.523000" k3="1.401640" k4="0.000000" periodicity1="1" periodicity2="2" periodicity3="3" periodicity4="4" phase1="0.00" phase2="3.141592653589793" phase3="0.00" phase4="3.141592653589793"/>
<Proper class1="C182" class2="O180" class3="C182" class4="C907" k1="1.359800" k2="-0.523000" k3="1.401640" k4="0.000000" periodicity1="1" periodicity2="2" periodicity3="3" periodicity4="4" phase1="0.00" phase2="3.141592653589793" phase3="0.00" phase4="3.141592653589793"/>
<Proper class1="C182" class2="O180" class3="C182" class4="H185" k1="0.000000" k2="0.000000" k3="1.589920" k4="0.000000" periodicity1="1" periodicity2="2" periodicity3="3" periodicity4="4" phase1="0.00" phase2="3.141592653589793" phase3="0.00" phase4="3.141592653589793"/>
<Proper class1="C907" class2="C182" class3="O180" class4="C182" k1="1.359800" k2="-0.523000" k3="1.401640" k4="0.000000" periodicity1="1" periodicity2="2" periodicity3="3" periodicity4="4" phase1="0.00" phase2="3.141592653589793" phase3="0.00" phase4="3.141592653589793"/>
<Proper class1="C907" class2="N901" class3="C907" class4="C182" k1="0.870272" k2="-0.267776" k3="1.453940" k4="0.000000" periodicity1="1" periodicity2="2" periodicity3="3" periodicity4="4" phase1="0.00" phase2="3.141592653589793" phase3="0.00" phase4="3.141592653589793"/>
<Proper class1="C907" class2="N901" class3="C907" class4="H911" k1="0.000000" k2="0.000000" k3="1.171520" k4="0.000000" periodicity1="1" periodicity2="2" periodicity3="3" periodicity4="4" phase1="0.00" phase2="3.141592653589793" phase3="0.00" phase4="3.141592653589793"/>
<Proper class1="H185" class2="C182" class3="C182" class4="H185" k1="0.000000" k2="0.000000" k3="0.627600" k4="0.000000" periodicity1="1" periodicity2="2" periodicity3="3" periodicity4="4" phase1="0.00" phase2="3.141592653589793" phase3="0.00" phase4="3.141592653589793"/>
<Proper class1="H185" class2="C182" class3="C182" class4="O180" k1="0.000000" k2="0.000000" k3="0.979056" k4="0.000000" periodicity1="1" periodicity2="2" periodicity3="3" periodicity4="4" phase1="0.00" phase2="3.141592653589793" phase3="0.00" phase4="3.141592653589793"/>
<Proper class1="H185" class2="C182" class3="C907" class4="H911" k1="0.000000" k2="0.000000" k3="0.627600" k4="0.000000" periodicity1="1" periodicity2="2" periodicity3="3" periodicity4="4" phase1="0.00" phase2="3.141592653589793" phase3="0.00" phase4="3.141592653589793"/>
<Proper class1="H185" class2="C182" class3="C907" class4="N901" k1="-2.119196" k2="-1.483228" k3="0.989516" k4="0.000000" periodicity1="1" periodicity2="2" periodicity3="3" periodicity4="4" phase1="0.00" phase2="3.141592653589793" phase3="0.00" phase4="3.141592653589793"/>
<Proper class1="H185" class2="C182" class3="O180" class4="C182" k1="0.000000" k2="0.000000" k3="1.589920" k4="0.000000" periodicity1="1" periodicity2="2" periodicity3="3" periodicity4="4" phase1="0.00" phase2="3.141592653589793" phase3="0.00" phase4="3.141592653589793"/>
<Proper class1="H910" class2="N901" class3="C907" class4="C182" k1="-0.397480" k2="-0.872364" k3="0.874456" k4="0.000000" periodicity1="1" periodicity2="2" periodicity3="3" periodicity4="4" phase1="0.00" phase2="3.141592653589793" phase3="0.00" phase4="3.141592653589793"/>
<Proper class1="H910" class2="N901" class3="C907" class4="H911" k1="0.000000" k2="0.000000" k3="0.836800" k4="0.000000" periodicity1="1" periodicity2="2" periodicity3="3" periodicity4="4" phase1="0.00" phase2="3.141592653589793" phase3="0.00" phase4="3.141592653589793"/>
<Proper class1="H911" class2="C907" class3="C182" class4="H185" k1="0.000000" k2="0.000000" k3="0.627600" k4="0.000000" periodicity1="1" periodicity2="2" periodicity3="3" periodicity4="4" phase1="0.00" phase2="3.141592653589793" phase3="0.00" phase4="3.141592653589793"/>
<Proper class1="H911" class2="C907" class3="C182" class4="O180" k1="0.000000" k2="0.000000" k3="0.979056" k4="0.000000" periodicity1="1" periodicity2="2" periodicity3="3" periodicity4="4" phase1="0.00" phase2="3.141592653589793" phase3="0.00" phase4="3.141592653589793"/>
<Proper class1="H911" class2="C907" class3="N901" class4="C907" k1="0.000000" k2="0.000000" k3="1.171520" k4="0.000000" periodicity1="1" periodicity2="2" periodicity3="3" periodicity4="4" phase1="0.00" phase2="3.141592653589793" phase3="0.00" phase4="3.141592653589793"/>
<Proper class1="H911" class2="C907" class3="N901" class4="H910" k1="0.000000" k2="0.000000" k3="0.836800" k4="0.000000" periodicity1="1" periodicity2="2" periodicity3="3" periodicity4="4" phase1="0.00" phase2="3.141592653589793" phase3="0.00" phase4="3.141592653589793"/>
<Proper class1="N901" class2="C907" class3="C182" class4="H185" k1="-2.119196" k2="-1.483228" k3="0.989516" k4="0.000000" periodicity1="1" periodicity2="2" periodicity3="3" periodicity4="4" phase1="0.00" phase2="3.141592653589793" phase3="0.00" phase4="3.141592653589793"/>
<Proper class1="N901" class2="C907" class3="C182" class4="O180" k1="16.736000" k2="0.000000" k3="0.000000" k4="0.000000" periodicity1="1" periodicity2="2" periodicity3="3" periodicity4="4" phase1="0.00" phase2="3.141592653589793" phase3="0.00" phase4="3.141592653589793"/>
<Proper class1="O180" class2="C182" class3="C182" class4="H185" k1="0.000000" k2="0.000000" k3="0.979056" k4="0.000000" periodicity1="1" periodicity2="2" periodicity3="3" periodicity4="4" phase1="0.00" phase2="3.141592653589793" phase3="0.00" phase4="3.141592653589793"/>
<Proper class1="O180" class2="C182" class3="C182" class4="O180" k1="-1.150600" k2="0.000000" k3="0.000000" k4="0.000000" periodicity1="1" periodicity2="2" periodicity3="3" periodicity4="4" phase1="0.00" phase2="3.141592653589793" phase3="0.00" phase4="3.141592653589793"/>
<Proper class1="O180" class2="C182" class3="C907" class4="H911" k1="0.000000" k2="0.000000" k3="0.979056" k4="0.000000" periodicity1="1" periodicity2="2" periodicity3="3" periodicity4="4" phase1="0.00" phase2="3.141592653589793" phase3="0.00" phase4="3.141592653589793"/>
<Proper class1="O180" class2="C182" class3="C907" class4="N901" k1="16.736000" k2="0.000000" k3="0.000000" k4="0.000000" periodicity1="1" periodicity2="2" periodicity3="3" periodicity4="4" phase1="0.00" phase2="3.141592653589793" phase3="0.00" phase4="3.141592653589793"/>
</PeriodicTorsionForce>
<NonbondedForce coulomb14scale="0.5" lj14scale="0.5">
<Atom type="opls_185" charge="0.030000" sigma="0.250000" epsilon="0.125520" />
<Atom type="opls_901" charge="-0.780000" sigma="0.330000" epsilon="0.711280" />
<Atom type="opls_907" charge="0.080000" sigma="0.350000" epsilon="0.276144" />
<Atom type="opls_910" charge="0.380000" sigma="0.000000" epsilon="0.000000" />
<Atom type="opls_911" charge="0.060000" sigma="0.250000" epsilon="0.062760" />
<Atom type="opls_180" charge="-0.400000" sigma="0.290000" epsilon="0.585760" />
<Atom type="opls_182" charge="0.140000" sigma="0.350000" epsilon="0.276144" />
</NonbondedForce>
</ForceField>
