<ForceField>
<AtomTypes>
<Type name="opls_569" class="H569" element="H" mass="1.008000" />
<Type name="opls_568" class="C568" element="C" mass="12.011000" />
<Type name="opls_570" class="H570" element="H" mass="1.008000" />
<Type name="opls_566" class="O566" element="O" mass="15.999000" />
<Type name="opls_567" class="C567" element="C" mass="12.011000" />
</AtomTypes>
<Residues>
<Residue name="NEU">
<Atom name="O00" type="opls_566" />
<Atom name="C01" type="opls_567" />
<Atom name="C02" type="opls_568" />
<Atom name="C03" type="opls_567" />
<Atom name="C04" type="opls_568" />
<Atom name="H05" type="opls_569" />
<Atom name="H06" type="opls_570" />
<Atom name="H07" type="opls_569" />
<Atom name="H08" type="opls_570" />
<Bond from="0" to="1"/>
<Bond from="1" to="2"/>
<Bond from="0" to="3"/>
<Bond from="2" to="4"/>
<Bond from="1" to="5"/>
<Bond from="2" to="6"/>
<Bond from="3" to="7"/>
<Bond from="4" to="8"/>
<Bond from="3" to="4"/>
</Residue>
</Residues>
<HarmonicBondForce>
<Bond class1="C567" class2="O566" length="0.136000" k="284512.000000"/>
<Bond class1="C568" class2="C567" length="0.136700" k="456892.800000"/>
<Bond class1="C567" class2="O566" length="0.136000" k="284512.000000"/>
<Bond class1="C568" class2="C568" length="0.142400" k="392459.200000"/>
<Bond class1="H569" class2="C567" length="0.108000" k="307105.600000"/>
<Bond class1="H570" class2="C568" length="0.108000" k="307105.600000"/>
<Bond class1="H569" class2="C567" length="0.108000" k="307105.600000"/>
<Bond class1="H570" class2="C568" length="0.108000" k="307105.600000"/>
<Bond class1="C568" class2="C567" length="0.136700" k="456892.800000"/>
</HarmonicBondForce>
<HarmonicAngleForce>
<Angle class1="O566" class2="C567" class3="C568" angle="1.916372" k="585.760000"/>
<Angle class1="C567" class2="O566" class3="C567" angle="1.874484" k="585.760000"/>
<Angle class1="C567" class2="C568" class3="C568" angle="1.872738" k="585.760000"/>
<Angle class1="O566" class2="C567" class3="H569" angle="1.979203" k="292.880000"/>
<Angle class1="C567" class2="C568" class3="H570" angle="2.193879" k="292.880000"/>
<Angle class1="C568" class2="C568" class3="H570" angle="2.225295" k="292.880000"/>
<Angle class1="C568" class2="C568" class3="C567" angle="1.872738" k="585.760000"/>
<Angle class1="C568" class2="C567" class3="H569" angle="2.305580" k="292.880000"/>
</HarmonicAngleForce>
<PeriodicTorsionForce>
<Proper class1="C567" class2="O566" class3="C567" class4="C568" k1="0.000000" k2="15.167000" k3="0.000000" k4="0.000000" periodicity1="1" periodicity2="2" periodicity3="3" periodicity4="4" phase1="0.00" phase2="3.141592653589793" phase3="0.00" phase4="3.141592653589793"/>
<Proper class1="C568" class2="C568" class3="C567" class4="O566" k1="0.000000" k2="15.167000" k3="0.000000" k4="0.000000" periodicity1="1" periodicity2="2" periodicity3="3" periodicity4="4" phase1="0.00" phase2="3.141592653589793" phase3="0.00" phase4="3.141592653589793"/>
<Proper class1="H569" class2="C567" class3="C568" class4="C568" k1="0.000000" k2="15.167000" k3="0.000000" k4="0.000000" periodicity1="1" periodicity2="2" periodicity3="3" periodicity4="4" phase1="0.00" phase2="3.141592653589793" phase3="0.00" phase4="3.141592653589793"/>
<Proper class1="H569" class2="C567" class3="O566" class4="C567" k1="0.000000" k2="15.167000" k3="0.000000" k4="0.000000" periodicity1="1" periodicity2="2" periodicity3="3" periodicity4="4" phase1="0.00" phase2="3.141592653589793" phase3="0.00" phase4="3.141592653589793"/>
<Proper class1="H570" class2="C568" class3="C567" class4="H569" k1="0.000000" k2="15.167000" k3="0.000000" k4="0.000000" periodicity1="1" periodicity2="2" periodicity3="3" periodicity4="4" phase1="0.00" phase2="3.141592653589793" phase3="0.00" phase4="3.141592653589793"/>
<Proper class1="H570" class2="C568" class3="C567" class4="O566" k1="0.000000" k2="15.167000" k3="0.000000" k4="0.000000" periodicity1="1" periodicity2="2" periodicity3="3" periodicity4="4" phase1="0.00" phase2="3.141592653589793" phase3="0.00" phase4="3.141592653589793"/>
<Proper class1="H570" class2="C568" class3="C568" class4="C567" k1="0.000000" k2="15.167000" k3="0.000000" k4="0.000000" periodicity1="1" periodicity2="2" periodicity3="3" periodicity4="4" phase1="0.00" phase2="3.141592653589793" phase3="0.00" phase4="3.141592653589793"/>
<Proper class1="H570" class2="C568" class3="C568" class4="H570" k1="0.000000" k2="15.167000" k3="0.000000" k4="0.000000" periodicity1="1" periodicity2="2" periodicity3="3" periodicity4="4" phase1="0.00" phase2="3.141592653589793" phase3="0.00" phase4="3.141592653589793"/>
<Improper class1="C567" class2="O566" class3="C568" class4="H569" k1="0.000000" k2="10.460000" k3="0.000000" k4="0.000000" periodicity1="1" periodicity2="2" periodicity3="3" periodicity4="4" phase1="0.00" phase2="3.141592653589793" phase3="0.00" phase4="3.141592653589793"/>
<Improper class1="C567" class2="O566" class3="C568" class4="H569" k1="0.000000" k2="10.460000" k3="0.000000" k4="0.000000" periodicity1="1" periodicity2="2" periodicity3="3" periodicity4="4" phase1="0.00" phase2="3.141592653589793" phase3="0.00" phase4="3.141592653589793"/>
</PeriodicTorsionForce>
<NonbondedForce coulomb14scale="0.5" lj14scale="0.5">
<Atom type="opls_570" charge="0.126000" sigma="0.242000" epsilon="0.125520" />
<Atom type="opls_568" charge="-0.154000" sigma="0.355000" epsilon="0.317984" />
<Atom type="opls_566" charge="-0.190000" sigma="0.290000" epsilon="0.585760" />
<Atom type="opls_569" charge="0.142000" sigma="0.242000" epsilon="0.125520" />
<Atom type="opls_567" charge="-0.019000" sigma="0.355000" epsilon="0.292880" />
</NonbondedForce>
</ForceField>
