<ForceField>
<AtomTypes>
<Type name="opls_542" class="N542" element="N" mass="14.007000" />
<Type name="opls_547" class="H547" element="H" mass="1.008000" />
<Type name="opls_545" class="H545" element="H" mass="1.008000" />
<Type name="opls_679" class="C679" element="C" mass="12.011000" />
<Type name="opls_135" class="C135" element="C" mass="12.011000" />
<Type name="opls_544" class="C544" element="C" mass="12.011000" />
<Type name="opls_546" class="H546" element="H" mass="1.008000" />
<Type name="opls_140" class="H140" element="H" mass="1.008000" />
<Type name="opls_543" class="C543" element="C" mass="12.011000" />
</AtomTypes>
<Residues>
<Residue name="NEU">
<Atom name="N00" type="opls_542" />
<Atom name="C01" type="opls_543" />
<Atom name="C02" type="opls_544" />
<Atom name="C03" type="opls_543" />
<Atom name="C04" type="opls_544" />
<Atom name="H05" type="opls_545" />
<Atom name="C06" type="opls_679" />
<Atom name="H07" type="opls_547" />
<Atom name="H08" type="opls_546" />
<Atom name="H09" type="opls_547" />
<Atom name="C0A" type="opls_135" />
<Atom name="H0B" type="opls_140" />
<Atom name="H0C" type="opls_140" />
<Atom name="H0D" type="opls_140" />
<Atom name="H0E" type="opls_140" />
<Atom name="H0F" type="opls_140" />
<Bond from="0" to="1"/>
<Bond from="1" to="2"/>
<Bond from="0" to="3"/>
<Bond from="2" to="4"/>
<Bond from="0" to="5"/>
<Bond from="1" to="6"/>
<Bond from="2" to="7"/>
<Bond from="3" to="8"/>
<Bond from="4" to="9"/>
<Bond from="6" to="10"/>
<Bond from="6" to="11"/>
<Bond from="6" to="12"/>
<Bond from="10" to="13"/>
<Bond from="10" to="14"/>
<Bond from="10" to="15"/>
<Bond from="3" to="4"/>
</Residue>
</Residues>
<HarmonicBondForce>
<Bond class1="C543" class2="N542" length="0.138100" k="357313.600000"/>
<Bond class1="C544" class2="C543" length="0.136700" k="456892.800000"/>
<Bond class1="C543" class2="N542" length="0.138100" k="357313.600000"/>
<Bond class1="C544" class2="C544" length="0.142400" k="392459.200000"/>
<Bond class1="H545" class2="N542" length="0.101000" k="363171.200000"/>
<Bond class1="C679" class2="C543" length="0.148800" k="232630.400000"/>
<Bond class1="H547" class2="C544" length="0.108000" k="307105.600000"/>
<Bond class1="H546" class2="C543" length="0.108000" k="307105.600000"/>
<Bond class1="H547" class2="C544" length="0.108000" k="307105.600000"/>
<Bond class1="C135" class2="C679" length="0.152900" k="224262.400000"/>
<Bond class1="H140" class2="C679" length="0.109000" k="284512.000000"/>
<Bond class1="H140" class2="C679" length="0.109000" k="284512.000000"/>
<Bond class1="H140" class2="C135" length="0.109000" k="284512.000000"/>
<Bond class1="H140" class2="C135" length="0.109000" k="284512.000000"/>
<Bond class1="H140" class2="C135" length="0.109000" k="284512.000000"/>
<Bond class1="C544" class2="C543" length="0.136700" k="456892.800000"/>
</HarmonicBondForce>
<HarmonicAngleForce>
<Angle class1="N542" class2="C543" class3="C544" angle="1.879720" k="585.760000"/>
<Angle class1="C543" class2="N542" class3="C543" angle="1.916372" k="585.760000"/>
<Angle class1="C543" class2="C544" class3="C544" angle="1.872738" k="585.760000"/>
<Angle class1="C543" class2="N542" class3="H545" angle="2.164208" k="292.880000"/>
<Angle class1="N542" class2="C543" class3="C679" angle="2.122320" k="585.760000"/>
<Angle class1="C543" class2="C544" class3="H547" angle="2.193879" k="292.880000"/>
<Angle class1="N542" class2="C543" class3="H546" angle="2.122320" k="292.880000"/>
<Angle class1="C544" class2="C544" class3="H547" angle="2.225295" k="292.880000"/>
<Angle class1="C543" class2="C679" class3="C135" angle="1.989675" k="527.184000"/>
<Angle class1="C543" class2="C679" class3="H140" angle="1.911136" k="292.880000"/>
<Angle class1="C679" class2="C135" class3="H140" angle="1.932079" k="313.800000"/>
<Angle class1="C135" class2="C679" class3="H140" angle="1.932079" k="313.800000"/>
<Angle class1="C544" class2="C543" class3="H546" angle="2.305580" k="292.880000"/>
<Angle class1="C544" class2="C544" class3="C543" angle="1.872738" k="585.760000"/>
<Angle class1="H140" class2="C135" class3="H140" angle="1.881465" k="276.144000"/>
<Angle class1="C544" class2="C543" class3="C679" angle="2.338741" k="585.760000"/>
<Angle class1="H140" class2="C679" class3="H140" angle="1.881465" k="276.144000"/>
</HarmonicAngleForce>
<PeriodicTorsionForce>
<Proper class1="C135" class2="C679" class3="C543" class4="C544" k1="0.000000" k2="0.313800" k3="0.000000" k4="0.000000" periodicity1="1" periodicity2="2" periodicity3="3" periodicity4="4" phase1="0.00" phase2="3.141592653589793" phase3="0.00" phase4="3.141592653589793"/>
<Proper class1="C135" class2="C679" class3="C543" class4="N542" k1="2.602448" k2="0.000000" k3="0.349364" k4="0.000000" periodicity1="1" periodicity2="2" periodicity3="3" periodicity4="4" phase1="0.00" phase2="3.141592653589793" phase3="0.00" phase4="3.141592653589793"/>
<Proper class1="C543" class2="N542" class3="C543" class4="C544" k1="0.000000" k2="10.460000" k3="0.000000" k4="0.000000" periodicity1="1" periodicity2="2" periodicity3="3" periodicity4="4" phase1="0.00" phase2="3.141592653589793" phase3="0.00" phase4="3.141592653589793"/>
<Proper class1="C544" class2="C544" class3="C543" class4="N542" k1="0.000000" k2="15.167000" k3="0.000000" k4="0.000000" periodicity1="1" periodicity2="2" periodicity3="3" periodicity4="4" phase1="0.00" phase2="3.141592653589793" phase3="0.00" phase4="3.141592653589793"/>
<Proper class1="C679" class2="C543" class3="C544" class4="C544" k1="0.000000" k2="15.167000" k3="0.000000" k4="0.000000" periodicity1="1" periodicity2="2" periodicity3="3" periodicity4="4" phase1="0.00" phase2="3.141592653589793" phase3="0.00" phase4="3.141592653589793"/>
<Proper class1="C679" class2="C543" class3="N542" class4="C543" k1="0.000000" k2="10.460000" k3="0.000000" k4="0.000000" periodicity1="1" periodicity2="2" periodicity3="3" periodicity4="4" phase1="0.00" phase2="3.141592653589793" phase3="0.00" phase4="3.141592653589793"/>
<Proper class1="C679" class2="C543" class3="N542" class4="H545" k1="0.000000" k2="10.460000" k3="0.000000" k4="0.000000" periodicity1="1" periodicity2="2" periodicity3="3" periodicity4="4" phase1="0.00" phase2="3.141592653589793" phase3="0.00" phase4="3.141592653589793"/>
<Proper class1="H140" class2="C135" class3="C679" class4="C543" k1="0.000000" k2="0.000000" k3="0.966504" k4="0.000000" periodicity1="1" periodicity2="2" periodicity3="3" periodicity4="4" phase1="0.00" phase2="3.141592653589793" phase3="0.00" phase4="3.141592653589793"/>
<Proper class1="H140" class2="C135" class3="C679" class4="H140" k1="0.000000" k2="0.000000" k3="0.627600" k4="0.000000" periodicity1="1" periodicity2="2" periodicity3="3" periodicity4="4" phase1="0.00" phase2="3.141592653589793" phase3="0.00" phase4="3.141592653589793"/>
<Proper class1="H140" class2="C679" class3="C543" class4="C544" k1="0.000000" k2="0.000000" k3="0.000000" k4="0.000000" periodicity1="1" periodicity2="2" periodicity3="3" periodicity4="4" phase1="0.00" phase2="3.141592653589793" phase3="0.00" phase4="3.141592653589793"/>
<Proper class1="H140" class2="C679" class3="C543" class4="N542" k1="0.148532" k2="0.000000" k3="0.393296" k4="0.000000" periodicity1="1" periodicity2="2" periodicity3="3" periodicity4="4" phase1="0.00" phase2="3.141592653589793" phase3="0.00" phase4="3.141592653589793"/>
<Proper class1="H545" class2="N542" class3="C543" class4="C544" k1="0.000000" k2="10.460000" k3="0.000000" k4="0.000000" periodicity1="1" periodicity2="2" periodicity3="3" periodicity4="4" phase1="0.00" phase2="3.141592653589793" phase3="0.00" phase4="3.141592653589793"/>
<Proper class1="H546" class2="C543" class3="C544" class4="C544" k1="0.000000" k2="15.167000" k3="0.000000" k4="0.000000" periodicity1="1" periodicity2="2" periodicity3="3" periodicity4="4" phase1="0.00" phase2="3.141592653589793" phase3="0.00" phase4="3.141592653589793"/>
<Proper class1="H546" class2="C543" class3="N542" class4="C543" k1="0.000000" k2="10.460000" k3="0.000000" k4="0.000000" periodicity1="1" periodicity2="2" periodicity3="3" periodicity4="4" phase1="0.00" phase2="3.141592653589793" phase3="0.00" phase4="3.141592653589793"/>
<Proper class1="H546" class2="C543" class3="N542" class4="H545" k1="0.000000" k2="10.460000" k3="0.000000" k4="0.000000" periodicity1="1" periodicity2="2" periodicity3="3" periodicity4="4" phase1="0.00" phase2="3.141592653589793" phase3="0.00" phase4="3.141592653589793"/>
<Proper class1="H547" class2="C544" class3="C543" class4="C679" k1="0.000000" k2="15.167000" k3="0.000000" k4="0.000000" periodicity1="1" periodicity2="2" periodicity3="3" periodicity4="4" phase1="0.00" phase2="3.141592653589793" phase3="0.00" phase4="3.141592653589793"/>
<Proper class1="H547" class2="C544" class3="C543" class4="H546" k1="0.000000" k2="15.167000" k3="0.000000" k4="0.000000" periodicity1="1" periodicity2="2" periodicity3="3" periodicity4="4" phase1="0.00" phase2="3.141592653589793" phase3="0.00" phase4="3.141592653589793"/>
<Proper class1="H547" class2="C544" class3="C543" class4="N542" k1="0.000000" k2="15.167000" k3="0.000000" k4="0.000000" periodicity1="1" periodicity2="2" periodicity3="3" periodicity4="4" phase1="0.00" phase2="3.141592653589793" phase3="0.00" phase4="3.141592653589793"/>
<Proper class1="H547" class2="C544" class3="C544" class4="C543" k1="0.000000" k2="15.167000" k3="0.000000" k4="0.000000" periodicity1="1" periodicity2="2" periodicity3="3" periodicity4="4" phase1="0.00" phase2="3.141592653589793" phase3="0.00" phase4="3.141592653589793"/>
<Proper class1="H547" class2="C544" class3="C544" class4="H547" k1="0.000000" k2="15.167000" k3="0.000000" k4="0.000000" periodicity1="1" periodicity2="2" periodicity3="3" periodicity4="4" phase1="0.00" phase2="3.141592653589793" phase3="0.00" phase4="3.141592653589793"/>
<Improper class1="C543" class2="N542" class3="C544" class4="C679" k1="0.000000" k2="10.460000" k3="0.000000" k4="0.000000" periodicity1="1" periodicity2="2" periodicity3="3" periodicity4="4" phase1="0.00" phase2="3.141592653589793" phase3="0.00" phase4="3.141592653589793"/>
<Improper class1="C543" class2="N542" class3="H546" class4="C544" k1="0.000000" k2="10.460000" k3="0.000000" k4="0.000000" periodicity1="1" periodicity2="2" periodicity3="3" periodicity4="4" phase1="0.00" phase2="3.141592653589793" phase3="0.00" phase4="3.141592653589793"/>
</PeriodicTorsionForce>
<NonbondedForce coulomb14scale="0.5" lj14scale="0.5">
<Atom type="opls_542" charge="-0.239000" sigma="0.325000" epsilon="0.711280" />
<Atom type="opls_543" charge="-0.163000" sigma="0.355000" epsilon="0.292880" />
<Atom type="opls_135" charge="-0.180000" sigma="0.350000" epsilon="0.276144" />
<Atom type="opls_140" charge="0.060000" sigma="0.250000" epsilon="0.125520" />
<Atom type="opls_679" charge="0.035000" sigma="0.350000" epsilon="0.276144" />
<Atom type="opls_544" charge="-0.149000" sigma="0.355000" epsilon="0.292880" />
<Atom type="opls_547" charge="0.118000" sigma="0.242000" epsilon="0.125520" />
<Atom type="opls_545" charge="0.317000" sigma="0.000000" epsilon="0.000000" />
<Atom type="opls_546" charge="0.155000" sigma="0.242000" epsilon="0.125520" />
</NonbondedForce>
</ForceField>
