<ForceField>
<AtomTypes>
<Type name="opls_186" class="O186" element="O" mass="15.999000" />
<Type name="opls_185" class="H185" element="H" mass="1.008000" />
<Type name="opls_190" class="H190" element="H" mass="1.008000" />
<Type name="opls_181" class="C181" element="C" mass="12.011000" />
<Type name="opls_189" class="C189" element="C" mass="12.011000" />
</AtomTypes>
<Residues>
<Residue name="NEU">
<Atom name="O00" type="opls_186" />
<Atom name="C01" type="opls_189" />
<Atom name="C02" type="opls_181" />
<Atom name="O03" type="opls_186" />
<Atom name="H04" type="opls_190" />
<Atom name="H05" type="opls_190" />
<Atom name="C06" type="opls_181" />
<Atom name="H07" type="opls_185" />
<Atom name="H08" type="opls_185" />
<Atom name="H09" type="opls_185" />
<Atom name="H0A" type="opls_185" />
<Atom name="H0B" type="opls_185" />
<Atom name="H0C" type="opls_185" />
<Bond from="0" to="1"/>
<Bond from="0" to="2"/>
<Bond from="1" to="3"/>
<Bond from="1" to="4"/>
<Bond from="1" to="5"/>
<Bond from="3" to="6"/>
<Bond from="6" to="7"/>
<Bond from="6" to="8"/>
<Bond from="6" to="9"/>
<Bond from="2" to="10"/>
<Bond from="2" to="11"/>
<Bond from="2" to="12"/>
</Residue>
</Residues>
<HarmonicBondForce>
<Bond class1="C189" class2="O186" length="0.138000" k="267776.000000"/>
<Bond class1="C181" class2="O186" length="0.141000" k="267776.000000"/>
<Bond class1="O186" class2="C189" length="0.138000" k="267776.000000"/>
<Bond class1="H190" class2="C189" length="0.109000" k="284512.000000"/>
<Bond class1="H190" class2="C189" length="0.109000" k="284512.000000"/>
<Bond class1="C181" class2="O186" length="0.141000" k="267776.000000"/>
<Bond class1="H185" class2="C181" length="0.109000" k="284512.000000"/>
<Bond class1="H185" class2="C181" length="0.109000" k="284512.000000"/>
<Bond class1="H185" class2="C181" length="0.109000" k="284512.000000"/>
<Bond class1="H185" class2="C181" length="0.109000" k="284512.000000"/>
<Bond class1="H185" class2="C181" length="0.109000" k="284512.000000"/>
<Bond class1="H185" class2="C181" length="0.109000" k="284512.000000"/>
</HarmonicBondForce>
<HarmonicAngleForce>
<Angle class1="C189" class2="O186" class3="C181" angle="1.911136" k="502.080000"/>
<Angle class1="O186" class2="C189" class3="O186" angle="1.946915" k="774.876800"/>
<Angle class1="O186" class2="C189" class3="H190" angle="1.911136" k="292.880000"/>
<Angle class1="O186" class2="C181" class3="H185" angle="1.911136" k="292.880000"/>
<Angle class1="H185" class2="C181" class3="H185" angle="1.881465" k="276.144000"/>
<Angle class1="H190" class2="C189" class3="H190" angle="1.911136" k="276.144000"/>
</HarmonicAngleForce>
<PeriodicTorsionForce>
<Proper class1="C181" class2="O186" class3="C189" class4="H190" k1="0.000000" k2="0.000000" k3="1.589920" k4="0.000000" periodicity1="1" periodicity2="2" periodicity3="3" periodicity4="4" phase1="0.00" phase2="3.141592653589793" phase3="0.00" phase4="3.141592653589793"/>
<Proper class1="C181" class2="O186" class3="C189" class4="O186" k1="-0.784500" k2="-2.840936" k3="0.008368" k4="0.000000" periodicity1="1" periodicity2="2" periodicity3="3" periodicity4="4" phase1="0.00" phase2="3.141592653589793" phase3="0.00" phase4="3.141592653589793"/>
<Proper class1="H185" class2="C181" class3="O186" class4="C189" k1="0.000000" k2="0.000000" k3="1.589920" k4="0.000000" periodicity1="1" periodicity2="2" periodicity3="3" periodicity4="4" phase1="0.00" phase2="3.141592653589793" phase3="0.00" phase4="3.141592653589793"/>
<Proper class1="H190" class2="C189" class3="O186" class4="C181" k1="0.000000" k2="0.000000" k3="1.589920" k4="0.000000" periodicity1="1" periodicity2="2" periodicity3="3" periodicity4="4" phase1="0.00" phase2="3.141592653589793" phase3="0.00" phase4="3.141592653589793"/>
<Proper class1="O186" class2="C189" class3="O186" class4="C181" k1="-0.784500" k2="-2.840936" k3="0.008368" k4="0.000000" periodicity1="1" periodicity2="2" periodicity3="3" periodicity4="4" phase1="0.00" phase2="3.141592653589793" phase3="0.00" phase4="3.141592653589793"/>
</PeriodicTorsionForce>
<NonbondedForce coulomb14scale="0.5" lj14scale="0.5">
<Atom type="opls_186" charge="-0.400000" sigma="0.290000" epsilon="0.585760" />
<Atom type="opls_185" charge="0.030000" sigma="0.250000" epsilon="0.125520" />
<Atom type="opls_181" charge="0.110000" sigma="0.350000" epsilon="0.276144" />
<Atom type="opls_190" charge="0.100000" sigma="0.250000" epsilon="0.125520" />
<Atom type="opls_189" charge="0.200000" sigma="0.350000" epsilon="0.276144" />
</NonbondedForce>
</ForceField>
