<ForceField>
<AtomTypes>
<Type name="opls_909" class="H909" element="H" mass="1.008000" />
<Type name="opls_903" class="C903" element="C" mass="12.011000" />
<Type name="opls_911" class="H911" element="H" mass="1.008000" />
<Type name="opls_900" class="N900" element="N" mass="14.007000" />
</AtomTypes>
<Residues>
<Residue name="NEU">
<Atom name="N00" type="opls_900" />
<Atom name="C01" type="opls_903" />
<Atom name="H02" type="opls_909" />
<Atom name="H03" type="opls_909" />
<Atom name="H04" type="opls_911" />
<Atom name="H05" type="opls_911" />
<Atom name="H06" type="opls_911" />
<Bond from="0" to="1"/>
<Bond from="0" to="2"/>
<Bond from="0" to="3"/>
<Bond from="1" to="4"/>
<Bond from="1" to="5"/>
<Bond from="1" to="6"/>
</Residue>
</Residues>
<HarmonicBondForce>
<Bond class1="C903" class2="N900" length="0.144800" k="319657.600000"/>
<Bond class1="H909" class2="N900" length="0.101000" k="363171.200000"/>
<Bond class1="H909" class2="N900" length="0.101000" k="363171.200000"/>
<Bond class1="H911" class2="C903" length="0.109000" k="284512.000000"/>
<Bond class1="H911" class2="C903" length="0.109000" k="284512.000000"/>
<Bond class1="H911" class2="C903" length="0.109000" k="284512.000000"/>
</HarmonicBondForce>
<HarmonicAngleForce>
<Angle class1="C903" class2="N900" class3="H909" angle="1.911136" k="292.880000"/>
<Angle class1="N900" class2="C903" class3="H911" angle="1.911136" k="292.880000"/>
<Angle class1="H909" class2="N900" class3="H909" angle="1.857030" k="364.844800"/>
<Angle class1="H911" class2="C903" class3="H911" angle="1.881465" k="276.144000"/>
</HarmonicAngleForce>
<PeriodicTorsionForce>
<Proper class1="H911" class2="C903" class3="N900" class4="H909" k1="0.000000" k2="0.000000" k3="0.836800" k4="0.000000" periodicity1="1" periodicity2="2" periodicity3="3" periodicity4="4" phase1="0.00" phase2="3.141592653589793" phase3="0.00" phase4="3.141592653589793"/>
</PeriodicTorsionForce>
<NonbondedForce coulomb14scale="0.5" lj14scale="0.5">
<Atom type="opls_909" charge="0.360000" sigma="0.000000" epsilon="0.000000" />
<Atom type="opls_911" charge="0.060000" sigma="0.250000" epsilon="0.062760" />
<Atom type="opls_903" charge="0.000000" sigma="0.350000" epsilon="0.276144" />
<Atom type="opls_900" charge="-0.900000" sigma="0.330000" epsilon="0.711280" />
</NonbondedForce>
</ForceField>
