<ForceField>
<AtomTypes>
<Type name="opls_154" class="O154" element="O" mass="15.999000" />
<Type name="opls_142" class="C142" element="C" mass="12.011000" />
<Type name="opls_140" class="H140" element="H" mass="1.008000" />
<Type name="opls_158" class="C158" element="C" mass="12.011000" />
<Type name="opls_137" class="C137" element="C" mass="12.011000" />
<Type name="opls_135" class="C135" element="C" mass="12.011000" />
<Type name="opls_139" class="C139" element="C" mass="12.011000" />
<Type name="opls_136" class="C136" element="C" mass="12.011000" />
<Type name="opls_144" class="H144" element="H" mass="1.008000" />
<Type name="opls_141" class="C141" element="C" mass="12.011000" />
<Type name="opls_155" class="H155" element="H" mass="1.008000" />
</AtomTypes>
<Residues>
<Residue name="NEU">
<Atom name="C00" type="opls_136" />
<Atom name="C01" type="opls_137" />
<Atom name="C02" type="opls_137" />
<Atom name="C03" type="opls_136" />
<Atom name="C04" type="opls_142" />
<Atom name="C05" type="opls_141" />
<Atom name="C06" type="opls_139" />
<Atom name="C07" type="opls_136" />
<Atom name="C08" type="opls_136" />
<Atom name="C09" type="opls_136" />
<Atom name="C0A" type="opls_158" />
<Atom name="C0B" type="opls_137" />
<Atom name="C0C" type="opls_139" />
<Atom name="C0D" type="opls_136" />
<Atom name="C0E" type="opls_137" />
<Atom name="C0F" type="opls_136" />
<Atom name="C0G" type="opls_136" />
<Atom name="C0H" type="opls_137" />
<Atom name="C0I" type="opls_136" />
<Atom name="C0J" type="opls_136" />
<Atom name="C0K" type="opls_136" />
<Atom name="C0M" type="opls_137" />
<Atom name="C0N" type="opls_135" />
<Atom name="C0O" type="opls_135" />
<Atom name="C0P" type="opls_135" />
<Atom name="C0Q" type="opls_135" />
<Atom name="C0R" type="opls_135" />
<Atom name="O0S" type="opls_154" />
<Atom name="H0T" type="opls_155" />
<Atom name="H0U" type="opls_140" />
<Atom name="H0V" type="opls_140" />
<Atom name="H0W" type="opls_140" />
<Atom name="H0X" type="opls_140" />
<Atom name="H0Y" type="opls_140" />
<Atom name="H0Z" type="opls_140" />
<Atom name="H10" type="opls_140" />
<Atom name="H11" type="opls_144" />
<Atom name="H12" type="opls_140" />
<Atom name="H13" type="opls_140" />
<Atom name="H14" type="opls_140" />
<Atom name="H15" type="opls_140" />
<Atom name="H16" type="opls_140" />
<Atom name="H17" type="opls_140" />
<Atom name="H18" type="opls_140" />
<Atom name="H19" type="opls_140" />
<Atom name="H1A" type="opls_140" />
<Atom name="H1B" type="opls_140" />
<Atom name="H1C" type="opls_140" />
<Atom name="H1D" type="opls_140" />
<Atom name="H1E" type="opls_140" />
<Atom name="H1F" type="opls_140" />
<Atom name="H1G" type="opls_140" />
<Atom name="H1H" type="opls_140" />
<Atom name="H1I" type="opls_140" />
<Atom name="H1J" type="opls_140" />
<Atom name="H1K" type="opls_140" />
<Atom name="H1M" type="opls_140" />
<Atom name="H1N" type="opls_140" />
<Atom name="H1O" type="opls_140" />
<Atom name="H1P" type="opls_140" />
<Atom name="H1Q" type="opls_140" />
<Atom name="H1R" type="opls_140" />
<Atom name="H1S" type="opls_140" />
<Atom name="H1T" type="opls_140" />
<Atom name="H1U" type="opls_140" />
<Atom name="H1V" type="opls_140" />
<Atom name="H1W" type="opls_140" />
<Atom name="H1X" type="opls_140" />
<Atom name="H1Y" type="opls_140" />
<Atom name="H1Z" type="opls_140" />
<Atom name="H20" type="opls_140" />
<Atom name="H21" type="opls_140" />
<Atom name="H22" type="opls_140" />
<Atom name="H23" type="opls_140" />
<Bond from="0" to="1"/>
<Bond from="1" to="2"/>
<Bond from="2" to="3"/>
<Bond from="3" to="4"/>
<Bond from="4" to="5"/>
<Bond from="1" to="6"/>
<Bond from="5" to="7"/>
<Bond from="6" to="8"/>
<Bond from="8" to="9"/>
<Bond from="7" to="10"/>
<Bond from="2" to="11"/>
<Bond from="11" to="12"/>
<Bond from="0" to="13"/>
<Bond from="12" to="14"/>
<Bond from="14" to="15"/>
<Bond from="11" to="16"/>
<Bond from="14" to="17"/>
<Bond from="17" to="18"/>
<Bond from="18" to="19"/>
<Bond from="19" to="20"/>
<Bond from="20" to="21"/>
<Bond from="21" to="22"/>
<Bond from="21" to="23"/>
<Bond from="17" to="24"/>
<Bond from="12" to="25"/>
<Bond from="6" to="26"/>
<Bond from="10" to="27"/>
<Bond from="27" to="28"/>
<Bond from="10" to="29"/>
<Bond from="7" to="30"/>
<Bond from="7" to="31"/>
<Bond from="9" to="32"/>
<Bond from="9" to="33"/>
<Bond from="8" to="34"/>
<Bond from="8" to="35"/>
<Bond from="4" to="36"/>
<Bond from="3" to="37"/>
<Bond from="3" to="38"/>
<Bond from="1" to="39"/>
<Bond from="0" to="40"/>
<Bond from="0" to="41"/>
<Bond from="2" to="42"/>
<Bond from="11" to="43"/>
<Bond from="16" to="44"/>
<Bond from="16" to="45"/>
<Bond from="15" to="46"/>
<Bond from="15" to="47"/>
<Bond from="14" to="48"/>
<Bond from="13" to="49"/>
<Bond from="13" to="50"/>
<Bond from="26" to="51"/>
<Bond from="26" to="52"/>
<Bond from="26" to="53"/>
<Bond from="25" to="54"/>
<Bond from="25" to="55"/>
<Bond from="25" to="56"/>
<Bond from="17" to="57"/>
<Bond from="24" to="58"/>
<Bond from="24" to="59"/>
<Bond from="24" to="60"/>
<Bond from="18" to="61"/>
<Bond from="18" to="62"/>
<Bond from="19" to="63"/>
<Bond from="19" to="64"/>
<Bond from="20" to="65"/>
<Bond from="20" to="66"/>
<Bond from="21" to="67"/>
<Bond from="22" to="68"/>
<Bond from="22" to="69"/>
<Bond from="22" to="70"/>
<Bond from="23" to="71"/>
<Bond from="23" to="72"/>
<Bond from="23" to="73"/>
<Bond from="5" to="6"/>
<Bond from="9" to="10"/>
<Bond from="12" to="13"/>
<Bond from="15" to="16"/>
</Residue>
</Residues>
<HarmonicBondForce>
<Bond class1="C137" class2="C136" length="0.152900" k="224262.400000"/>
<Bond class1="C137" class2="C137" length="0.152900" k="224262.400000"/>
<Bond class1="C136" class2="C137" length="0.152900" k="224262.400000"/>
<Bond class1="C142" class2="C136" length="0.151000" k="265265.600000"/>
<Bond class1="C141" class2="C142" length="0.134000" k="459403.200000"/>
<Bond class1="C139" class2="C137" length="0.152900" k="224262.400000"/>
<Bond class1="C136" class2="C141" length="0.151000" k="265265.600000"/>
<Bond class1="C136" class2="C139" length="0.152900" k="224262.400000"/>
<Bond class1="C136" class2="C136" length="0.152900" k="224262.400000"/>
<Bond class1="C158" class2="C136" length="0.152900" k="224262.400000"/>
<Bond class1="C137" class2="C137" length="0.152900" k="224262.400000"/>
<Bond class1="C139" class2="C137" length="0.152900" k="224262.400000"/>
<Bond class1="C136" class2="C136" length="0.152900" k="224262.400000"/>
<Bond class1="C137" class2="C139" length="0.152900" k="224262.400000"/>
<Bond class1="C136" class2="C137" length="0.152900" k="224262.400000"/>
<Bond class1="C136" class2="C137" length="0.152900" k="224262.400000"/>
<Bond class1="C137" class2="C137" length="0.152900" k="224262.400000"/>
<Bond class1="C136" class2="C137" length="0.152900" k="224262.400000"/>
<Bond class1="C136" class2="C136" length="0.152900" k="224262.400000"/>
<Bond class1="C136" class2="C136" length="0.152900" k="224262.400000"/>
<Bond class1="C137" class2="C136" length="0.152900" k="224262.400000"/>
<Bond class1="C135" class2="C137" length="0.152900" k="224262.400000"/>
<Bond class1="C135" class2="C137" length="0.152900" k="224262.400000"/>
<Bond class1="C135" class2="C137" length="0.152900" k="224262.400000"/>
<Bond class1="C135" class2="C139" length="0.152900" k="224262.400000"/>
<Bond class1="C135" class2="C139" length="0.152900" k="224262.400000"/>
<Bond class1="O154" class2="C158" length="0.141000" k="267776.000000"/>
<Bond class1="H155" class2="O154" length="0.094500" k="462750.400000"/>
<Bond class1="H140" class2="C158" length="0.109000" k="284512.000000"/>
<Bond class1="H140" class2="C136" length="0.109000" k="284512.000000"/>
<Bond class1="H140" class2="C136" length="0.109000" k="284512.000000"/>
<Bond class1="H140" class2="C136" length="0.109000" k="284512.000000"/>
<Bond class1="H140" class2="C136" length="0.109000" k="284512.000000"/>
<Bond class1="H140" class2="C136" length="0.109000" k="284512.000000"/>
<Bond class1="H140" class2="C136" length="0.109000" k="284512.000000"/>
<Bond class1="H144" class2="C142" length="0.108000" k="284512.000000"/>
<Bond class1="H140" class2="C136" length="0.109000" k="284512.000000"/>
<Bond class1="H140" class2="C136" length="0.109000" k="284512.000000"/>
<Bond class1="H140" class2="C137" length="0.109000" k="284512.000000"/>
<Bond class1="H140" class2="C136" length="0.109000" k="284512.000000"/>
<Bond class1="H140" class2="C136" length="0.109000" k="284512.000000"/>
<Bond class1="H140" class2="C137" length="0.109000" k="284512.000000"/>
<Bond class1="H140" class2="C137" length="0.109000" k="284512.000000"/>
<Bond class1="H140" class2="C136" length="0.109000" k="284512.000000"/>
<Bond class1="H140" class2="C136" length="0.109000" k="284512.000000"/>
<Bond class1="H140" class2="C136" length="0.109000" k="284512.000000"/>
<Bond class1="H140" class2="C136" length="0.109000" k="284512.000000"/>
<Bond class1="H140" class2="C137" length="0.109000" k="284512.000000"/>
<Bond class1="H140" class2="C136" length="0.109000" k="284512.000000"/>
<Bond class1="H140" class2="C136" length="0.109000" k="284512.000000"/>
<Bond class1="H140" class2="C135" length="0.109000" k="284512.000000"/>
<Bond class1="H140" class2="C135" length="0.109000" k="284512.000000"/>
<Bond class1="H140" class2="C135" length="0.109000" k="284512.000000"/>
<Bond class1="H140" class2="C135" length="0.109000" k="284512.000000"/>
<Bond class1="H140" class2="C135" length="0.109000" k="284512.000000"/>
<Bond class1="H140" class2="C135" length="0.109000" k="284512.000000"/>
<Bond class1="H140" class2="C137" length="0.109000" k="284512.000000"/>
<Bond class1="H140" class2="C135" length="0.109000" k="284512.000000"/>
<Bond class1="H140" class2="C135" length="0.109000" k="284512.000000"/>
<Bond class1="H140" class2="C135" length="0.109000" k="284512.000000"/>
<Bond class1="H140" class2="C136" length="0.109000" k="284512.000000"/>
<Bond class1="H140" class2="C136" length="0.109000" k="284512.000000"/>
<Bond class1="H140" class2="C136" length="0.109000" k="284512.000000"/>
<Bond class1="H140" class2="C136" length="0.109000" k="284512.000000"/>
<Bond class1="H140" class2="C136" length="0.109000" k="284512.000000"/>
<Bond class1="H140" class2="C136" length="0.109000" k="284512.000000"/>
<Bond class1="H140" class2="C137" length="0.109000" k="284512.000000"/>
<Bond class1="H140" class2="C135" length="0.109000" k="284512.000000"/>
<Bond class1="H140" class2="C135" length="0.109000" k="284512.000000"/>
<Bond class1="H140" class2="C135" length="0.109000" k="284512.000000"/>
<Bond class1="H140" class2="C135" length="0.109000" k="284512.000000"/>
<Bond class1="H140" class2="C135" length="0.109000" k="284512.000000"/>
<Bond class1="H140" class2="C135" length="0.109000" k="284512.000000"/>
<Bond class1="C139" class2="C141" length="0.151000" k="265265.600000"/>
<Bond class1="C158" class2="C136" length="0.152900" k="224262.400000"/>
<Bond class1="C136" class2="C139" length="0.152900" k="224262.400000"/>
<Bond class1="C136" class2="C136" length="0.152900" k="224262.400000"/>
</HarmonicBondForce>
<HarmonicAngleForce>
<Angle class1="C136" class2="C137" class3="C137" angle="1.966986" k="488.272800"/>
<Angle class1="C137" class2="C137" class3="C136" angle="1.966986" k="488.272800"/>
<Angle class1="C137" class2="C136" class3="C142" angle="1.939061" k="527.184000"/>
<Angle class1="C136" class2="C142" class3="C141" angle="2.164208" k="585.760000"/>
<Angle class1="C136" class2="C137" class3="C139" angle="1.966986" k="488.272800"/>
<Angle class1="C142" class2="C141" class3="C136" angle="2.164208" k="585.760000"/>
<Angle class1="C137" class2="C139" class3="C136" angle="1.966986" k="488.272800"/>
<Angle class1="C139" class2="C136" class3="C136" angle="1.966986" k="488.272800"/>
<Angle class1="C141" class2="C136" class3="C158" angle="1.939061" k="527.184000"/>
<Angle class1="C137" class2="C137" class3="C137" angle="1.966986" k="488.272800"/>
<Angle class1="C137" class2="C137" class3="C139" angle="1.966986" k="488.272800"/>
<Angle class1="C137" class2="C136" class3="C136" angle="1.966986" k="488.272800"/>
<Angle class1="C137" class2="C139" class3="C137" angle="1.966986" k="488.272800"/>
<Angle class1="C139" class2="C137" class3="C136" angle="1.966986" k="488.272800"/>
<Angle class1="C139" class2="C137" class3="C137" angle="1.966986" k="488.272800"/>
<Angle class1="C136" class2="C136" class3="C136" angle="1.966986" k="488.272800"/>
<Angle class1="C136" class2="C136" class3="C137" angle="1.966986" k="488.272800"/>
<Angle class1="C136" class2="C137" class3="C135" angle="1.966986" k="488.272800"/>
<Angle class1="C137" class2="C137" class3="C135" angle="1.966986" k="488.272800"/>
<Angle class1="C137" class2="C139" class3="C135" angle="1.966986" k="488.272800"/>
<Angle class1="C136" class2="C158" class3="O154" angle="1.911136" k="418.400000"/>
<Angle class1="C158" class2="O154" class3="H155" angle="1.893682" k="460.240000"/>
<Angle class1="C136" class2="C158" class3="H140" angle="1.932079" k="313.800000"/>
<Angle class1="C141" class2="C136" class3="H140" angle="1.911136" k="292.880000"/>
<Angle class1="C136" class2="C136" class3="H140" angle="1.932079" k="313.800000"/>
<Angle class1="C139" class2="C136" class3="H140" angle="1.932079" k="313.800000"/>
<Angle class1="C136" class2="C142" class3="H144" angle="2.042035" k="292.880000"/>
<Angle class1="C137" class2="C136" class3="H140" angle="1.932079" k="313.800000"/>
<Angle class1="C136" class2="C137" class3="H140" angle="1.932079" k="313.800000"/>
<Angle class1="C137" class2="C137" class3="H140" angle="1.932079" k="313.800000"/>
<Angle class1="C139" class2="C137" class3="H140" angle="1.932079" k="313.800000"/>
<Angle class1="C139" class2="C135" class3="H140" angle="1.932079" k="313.800000"/>
<Angle class1="C137" class2="C135" class3="H140" angle="1.932079" k="313.800000"/>
<Angle class1="C158" class2="C136" class3="H140" angle="1.932079" k="313.800000"/>
<Angle class1="C141" class2="C139" class3="C135" angle="1.939061" k="527.184000"/>
<Angle class1="H140" class2="C135" class3="H140" angle="1.881465" k="276.144000"/>
<Angle class1="H140" class2="C136" class3="H140" angle="1.881465" k="276.144000"/>
<Angle class1="C136" class2="C158" class3="C136" angle="1.966986" k="488.272800"/>
<Angle class1="O154" class2="C158" class3="H140" angle="1.911136" k="292.880000"/>
<Angle class1="C142" class2="C141" class3="C139" angle="2.164208" k="585.760000"/>
<Angle class1="C136" class2="C139" class3="C137" angle="1.966986" k="488.272800"/>
<Angle class1="C135" class2="C137" class3="H140" angle="1.932079" k="313.800000"/>
<Angle class1="C141" class2="C139" class3="C136" angle="1.939061" k="527.184000"/>
<Angle class1="C136" class2="C136" class3="C158" angle="1.966986" k="488.272800"/>
<Angle class1="C136" class2="C139" class3="C135" angle="1.966986" k="488.272800"/>
<Angle class1="C141" class2="C142" class3="H144" angle="2.094395" k="292.880000"/>
<Angle class1="C137" class2="C139" class3="C141" angle="1.939061" k="527.184000"/>
<Angle class1="C142" class2="C136" class3="H140" angle="1.911136" k="292.880000"/>
<Angle class1="C139" class2="C141" class3="C136" angle="2.268928" k="585.760000"/>
<Angle class1="C136" class2="C136" class3="C139" angle="1.966986" k="488.272800"/>
<Angle class1="C135" class2="C137" class3="C135" angle="1.966986" k="488.272800"/>
</HarmonicAngleForce>
<PeriodicTorsionForce>
<Proper class1="C135" class2="C137" class3="C136" class4="C136" k1="2.719600" k2="-0.418400" k3="0.418400" k4="0.000000" periodicity1="1" periodicity2="2" periodicity3="3" periodicity4="4" phase1="0.00" phase2="3.141592653589793" phase3="0.00" phase4="3.141592653589793"/>
<Proper class1="C135" class2="C137" class3="C137" class4="C136" k1="2.719600" k2="-0.418400" k3="0.418400" k4="0.000000" periodicity1="1" periodicity2="2" periodicity3="3" periodicity4="4" phase1="0.00" phase2="3.141592653589793" phase3="0.00" phase4="3.141592653589793"/>
<Proper class1="C135" class2="C137" class3="C137" class4="C139" k1="2.719600" k2="-0.418400" k3="0.418400" k4="0.000000" periodicity1="1" periodicity2="2" periodicity3="3" periodicity4="4" phase1="0.00" phase2="3.141592653589793" phase3="0.00" phase4="3.141592653589793"/>
<Proper class1="C135" class2="C139" class3="C136" class4="C136" k1="2.719600" k2="-0.418400" k3="0.418400" k4="0.000000" periodicity1="1" periodicity2="2" periodicity3="3" periodicity4="4" phase1="0.00" phase2="3.141592653589793" phase3="0.00" phase4="3.141592653589793"/>
<Proper class1="C135" class2="C139" class3="C137" class4="C136" k1="2.719600" k2="-0.418400" k3="0.418400" k4="0.000000" periodicity1="1" periodicity2="2" periodicity3="3" periodicity4="4" phase1="0.00" phase2="3.141592653589793" phase3="0.00" phase4="3.141592653589793"/>
<Proper class1="C135" class2="C139" class3="C137" class4="C137" k1="2.719600" k2="-0.418400" k3="0.418400" k4="0.000000" periodicity1="1" periodicity2="2" periodicity3="3" periodicity4="4" phase1="0.00" phase2="3.141592653589793" phase3="0.00" phase4="3.141592653589793"/>
<Proper class1="C135" class2="C139" class3="C141" class4="C136" k1="5.893164" k2="-0.353548" k3="1.135956" k4="0.000000" periodicity1="1" periodicity2="2" periodicity3="3" periodicity4="4" phase1="0.00" phase2="3.141592653589793" phase3="0.00" phase4="3.141592653589793"/>
<Proper class1="C135" class2="C139" class3="C141" class4="C142" k1="0.723832" k2="0.847260" k3="-1.891168" k4="0.000000" periodicity1="1" periodicity2="2" periodicity3="3" periodicity4="4" phase1="0.00" phase2="3.141592653589793" phase3="0.00" phase4="3.141592653589793"/>
<Proper class1="C136" class2="C136" class3="C136" class4="C137" k1="2.719600" k2="-0.418400" k3="0.418400" k4="0.000000" periodicity1="1" periodicity2="2" periodicity3="3" periodicity4="4" phase1="0.00" phase2="3.141592653589793" phase3="0.00" phase4="3.141592653589793"/>
<Proper class1="C136" class2="C136" class3="C137" class4="C137" k1="2.719600" k2="-0.418400" k3="0.418400" k4="0.000000" periodicity1="1" periodicity2="2" periodicity3="3" periodicity4="4" phase1="0.00" phase2="3.141592653589793" phase3="0.00" phase4="3.141592653589793"/>
<Proper class1="C136" class2="C136" class3="C137" class4="C139" k1="2.719600" k2="-0.418400" k3="0.418400" k4="0.000000" periodicity1="1" periodicity2="2" periodicity3="3" periodicity4="4" phase1="0.00" phase2="3.141592653589793" phase3="0.00" phase4="3.141592653589793"/>
<Proper class1="C136" class2="C136" class3="C139" class4="C137" k1="2.719600" k2="-0.418400" k3="0.418400" k4="0.000000" periodicity1="1" periodicity2="2" periodicity3="3" periodicity4="4" phase1="0.00" phase2="3.141592653589793" phase3="0.00" phase4="3.141592653589793"/>
<Proper class1="C136" class2="C136" class3="C139" class4="C141" k1="2.719600" k2="-0.418400" k3="0.418400" k4="0.000000" periodicity1="1" periodicity2="2" periodicity3="3" periodicity4="4" phase1="0.00" phase2="3.141592653589793" phase3="0.00" phase4="3.141592653589793"/>
<Proper class1="C136" class2="C136" class3="C158" class4="C136" k1="2.719600" k2="-0.418400" k3="0.418400" k4="0.000000" periodicity1="1" periodicity2="2" periodicity3="3" periodicity4="4" phase1="0.00" phase2="3.141592653589793" phase3="0.00" phase4="3.141592653589793"/>
<Proper class1="C136" class2="C137" class3="C137" class4="C136" k1="2.719600" k2="-0.418400" k3="0.418400" k4="0.000000" periodicity1="1" periodicity2="2" periodicity3="3" periodicity4="4" phase1="0.00" phase2="3.141592653589793" phase3="0.00" phase4="3.141592653589793"/>
<Proper class1="C136" class2="C137" class3="C137" class4="C137" k1="2.719600" k2="-0.418400" k3="0.418400" k4="0.000000" periodicity1="1" periodicity2="2" periodicity3="3" periodicity4="4" phase1="0.00" phase2="3.141592653589793" phase3="0.00" phase4="3.141592653589793"/>
<Proper class1="C136" class2="C137" class3="C137" class4="C139" k1="2.719600" k2="-0.418400" k3="0.418400" k4="0.000000" periodicity1="1" periodicity2="2" periodicity3="3" periodicity4="4" phase1="0.00" phase2="3.141592653589793" phase3="0.00" phase4="3.141592653589793"/>
<Proper class1="C136" class2="C137" class3="C139" class4="C136" k1="2.719600" k2="-0.418400" k3="0.418400" k4="0.000000" periodicity1="1" periodicity2="2" periodicity3="3" periodicity4="4" phase1="0.00" phase2="3.141592653589793" phase3="0.00" phase4="3.141592653589793"/>
<Proper class1="C136" class2="C137" class3="C139" class4="C137" k1="2.719600" k2="-0.418400" k3="0.418400" k4="0.000000" periodicity1="1" periodicity2="2" periodicity3="3" periodicity4="4" phase1="0.00" phase2="3.141592653589793" phase3="0.00" phase4="3.141592653589793"/>
<Proper class1="C136" class2="C139" class3="C137" class4="C136" k1="2.719600" k2="-0.418400" k3="0.418400" k4="0.000000" periodicity1="1" periodicity2="2" periodicity3="3" periodicity4="4" phase1="0.00" phase2="3.141592653589793" phase3="0.00" phase4="3.141592653589793"/>
<Proper class1="C136" class2="C139" class3="C137" class4="C137" k1="2.719600" k2="-0.418400" k3="0.418400" k4="0.000000" periodicity1="1" periodicity2="2" periodicity3="3" periodicity4="4" phase1="0.00" phase2="3.141592653589793" phase3="0.00" phase4="3.141592653589793"/>
<Proper class1="C136" class2="C139" class3="C141" class4="C136" k1="5.893164" k2="-0.353548" k3="1.135956" k4="0.000000" periodicity1="1" periodicity2="2" periodicity3="3" periodicity4="4" phase1="0.00" phase2="3.141592653589793" phase3="0.00" phase4="3.141592653589793"/>
<Proper class1="C136" class2="C139" class3="C141" class4="C142" k1="0.723832" k2="0.847260" k3="-1.891168" k4="0.000000" periodicity1="1" periodicity2="2" periodicity3="3" periodicity4="4" phase1="0.00" phase2="3.141592653589793" phase3="0.00" phase4="3.141592653589793"/>
<Proper class1="C136" class2="C141" class3="C139" class4="C137" k1="5.893164" k2="-0.353548" k3="1.135956" k4="0.000000" periodicity1="1" periodicity2="2" periodicity3="3" periodicity4="4" phase1="0.00" phase2="3.141592653589793" phase3="0.00" phase4="3.141592653589793"/>
<Proper class1="C136" class2="C141" class3="C142" class4="C136" k1="0.000000" k2="29.288000" k3="0.000000" k4="0.000000" periodicity1="1" periodicity2="2" periodicity3="3" periodicity4="4" phase1="0.00" phase2="3.141592653589793" phase3="0.00" phase4="3.141592653589793"/>
<Proper class1="C136" class2="C158" class3="C136" class4="C141" k1="2.719600" k2="-0.418400" k3="0.418400" k4="0.000000" periodicity1="1" periodicity2="2" periodicity3="3" periodicity4="4" phase1="0.00" phase2="3.141592653589793" phase3="0.00" phase4="3.141592653589793"/>
<Proper class1="C137" class2="C136" class3="C136" class4="C136" k1="2.719600" k2="-0.418400" k3="0.418400" k4="0.000000" periodicity1="1" periodicity2="2" periodicity3="3" periodicity4="4" phase1="0.00" phase2="3.141592653589793" phase3="0.00" phase4="3.141592653589793"/>
<Proper class1="C137" class2="C137" class3="C136" class4="C136" k1="2.719600" k2="-0.418400" k3="0.418400" k4="0.000000" periodicity1="1" periodicity2="2" periodicity3="3" periodicity4="4" phase1="0.00" phase2="3.141592653589793" phase3="0.00" phase4="3.141592653589793"/>
<Proper class1="C137" class2="C137" class3="C136" class4="C142" k1="2.719600" k2="-0.418400" k3="0.418400" k4="0.000000" periodicity1="1" periodicity2="2" periodicity3="3" periodicity4="4" phase1="0.00" phase2="3.141592653589793" phase3="0.00" phase4="3.141592653589793"/>
<Proper class1="C137" class2="C137" class3="C137" class4="C136" k1="2.719600" k2="-0.418400" k3="0.418400" k4="0.000000" periodicity1="1" periodicity2="2" periodicity3="3" periodicity4="4" phase1="0.00" phase2="3.141592653589793" phase3="0.00" phase4="3.141592653589793"/>
<Proper class1="C137" class2="C137" class3="C137" class4="C139" k1="2.719600" k2="-0.418400" k3="0.418400" k4="0.000000" periodicity1="1" periodicity2="2" periodicity3="3" periodicity4="4" phase1="0.00" phase2="3.141592653589793" phase3="0.00" phase4="3.141592653589793"/>
<Proper class1="C137" class2="C137" class3="C139" class4="C136" k1="2.719600" k2="-0.418400" k3="0.418400" k4="0.000000" periodicity1="1" periodicity2="2" periodicity3="3" periodicity4="4" phase1="0.00" phase2="3.141592653589793" phase3="0.00" phase4="3.141592653589793"/>
<Proper class1="C137" class2="C137" class3="C139" class4="C137" k1="2.719600" k2="-0.418400" k3="0.418400" k4="0.000000" periodicity1="1" periodicity2="2" periodicity3="3" periodicity4="4" phase1="0.00" phase2="3.141592653589793" phase3="0.00" phase4="3.141592653589793"/>
<Proper class1="C137" class2="C139" class3="C136" class4="C136" k1="2.719600" k2="-0.418400" k3="0.418400" k4="0.000000" periodicity1="1" periodicity2="2" periodicity3="3" periodicity4="4" phase1="0.00" phase2="3.141592653589793" phase3="0.00" phase4="3.141592653589793"/>
<Proper class1="C137" class2="C139" class3="C137" class4="C137" k1="2.719600" k2="-0.418400" k3="0.418400" k4="0.000000" periodicity1="1" periodicity2="2" periodicity3="3" periodicity4="4" phase1="0.00" phase2="3.141592653589793" phase3="0.00" phase4="3.141592653589793"/>
<Proper class1="C139" class2="C136" class3="C136" class4="C137" k1="2.719600" k2="-0.418400" k3="0.418400" k4="0.000000" periodicity1="1" periodicity2="2" periodicity3="3" periodicity4="4" phase1="0.00" phase2="3.141592653589793" phase3="0.00" phase4="3.141592653589793"/>
<Proper class1="C139" class2="C137" class3="C137" class4="C136" k1="2.719600" k2="-0.418400" k3="0.418400" k4="0.000000" periodicity1="1" periodicity2="2" periodicity3="3" periodicity4="4" phase1="0.00" phase2="3.141592653589793" phase3="0.00" phase4="3.141592653589793"/>
<Proper class1="C139" class2="C137" class3="C137" class4="C137" k1="2.719600" k2="-0.418400" k3="0.418400" k4="0.000000" periodicity1="1" periodicity2="2" periodicity3="3" periodicity4="4" phase1="0.00" phase2="3.141592653589793" phase3="0.00" phase4="3.141592653589793"/>
<Proper class1="C139" class2="C141" class3="C142" class4="C136" k1="0.000000" k2="29.288000" k3="0.000000" k4="0.000000" periodicity1="1" periodicity2="2" periodicity3="3" periodicity4="4" phase1="0.00" phase2="3.141592653589793" phase3="0.00" phase4="3.141592653589793"/>
<Proper class1="C141" class2="C139" class3="C137" class4="C136" k1="2.719600" k2="-0.418400" k3="0.418400" k4="0.000000" periodicity1="1" periodicity2="2" periodicity3="3" periodicity4="4" phase1="0.00" phase2="3.141592653589793" phase3="0.00" phase4="3.141592653589793"/>
<Proper class1="C141" class2="C139" class3="C137" class4="C137" k1="2.719600" k2="-0.418400" k3="0.418400" k4="0.000000" periodicity1="1" periodicity2="2" periodicity3="3" periodicity4="4" phase1="0.00" phase2="3.141592653589793" phase3="0.00" phase4="3.141592653589793"/>
<Proper class1="C141" class2="C142" class3="C136" class4="C137" k1="0.723832" k2="0.847260" k3="-1.891168" k4="0.000000" periodicity1="1" periodicity2="2" periodicity3="3" periodicity4="4" phase1="0.00" phase2="3.141592653589793" phase3="0.00" phase4="3.141592653589793"/>
<Proper class1="C142" class2="C136" class3="C137" class4="C137" k1="2.719600" k2="-0.418400" k3="0.418400" k4="0.000000" periodicity1="1" periodicity2="2" periodicity3="3" periodicity4="4" phase1="0.00" phase2="3.141592653589793" phase3="0.00" phase4="3.141592653589793"/>
<Proper class1="C142" class2="C141" class3="C139" class4="C137" k1="0.723832" k2="0.847260" k3="-1.891168" k4="0.000000" periodicity1="1" periodicity2="2" periodicity3="3" periodicity4="4" phase1="0.00" phase2="3.141592653589793" phase3="0.00" phase4="3.141592653589793"/>
<Proper class1="C158" class2="C136" class3="C136" class4="C139" k1="2.719600" k2="-0.418400" k3="0.418400" k4="0.000000" periodicity1="1" periodicity2="2" periodicity3="3" periodicity4="4" phase1="0.00" phase2="3.141592653589793" phase3="0.00" phase4="3.141592653589793"/>
<Proper class1="C158" class2="C136" class3="C141" class4="C139" k1="5.893164" k2="-0.353548" k3="1.135956" k4="0.000000" periodicity1="1" periodicity2="2" periodicity3="3" periodicity4="4" phase1="0.00" phase2="3.141592653589793" phase3="0.00" phase4="3.141592653589793"/>
<Proper class1="C158" class2="C136" class3="C141" class4="C142" k1="0.723832" k2="0.847260" k3="-1.891168" k4="0.000000" periodicity1="1" periodicity2="2" periodicity3="3" periodicity4="4" phase1="0.00" phase2="3.141592653589793" phase3="0.00" phase4="3.141592653589793"/>
<Proper class1="H140" class2="C135" class3="C137" class4="C135" k1="0.000000" k2="0.000000" k3="0.627600" k4="0.000000" periodicity1="1" periodicity2="2" periodicity3="3" periodicity4="4" phase1="0.00" phase2="3.141592653589793" phase3="0.00" phase4="3.141592653589793"/>
<Proper class1="H140" class2="C135" class3="C137" class4="C136" k1="0.000000" k2="0.000000" k3="0.627600" k4="0.000000" periodicity1="1" periodicity2="2" periodicity3="3" periodicity4="4" phase1="0.00" phase2="3.141592653589793" phase3="0.00" phase4="3.141592653589793"/>
<Proper class1="H140" class2="C135" class3="C137" class4="C137" k1="0.000000" k2="0.000000" k3="0.627600" k4="0.000000" periodicity1="1" periodicity2="2" periodicity3="3" periodicity4="4" phase1="0.00" phase2="3.141592653589793" phase3="0.00" phase4="3.141592653589793"/>
<Proper class1="H140" class2="C135" class3="C137" class4="H140" k1="0.000000" k2="0.000000" k3="0.627600" k4="0.000000" periodicity1="1" periodicity2="2" periodicity3="3" periodicity4="4" phase1="0.00" phase2="3.141592653589793" phase3="0.00" phase4="3.141592653589793"/>
<Proper class1="H140" class2="C135" class3="C139" class4="C136" k1="0.000000" k2="0.000000" k3="0.627600" k4="0.000000" periodicity1="1" periodicity2="2" periodicity3="3" periodicity4="4" phase1="0.00" phase2="3.141592653589793" phase3="0.00" phase4="3.141592653589793"/>
<Proper class1="H140" class2="C135" class3="C139" class4="C137" k1="0.000000" k2="0.000000" k3="0.627600" k4="0.000000" periodicity1="1" periodicity2="2" periodicity3="3" periodicity4="4" phase1="0.00" phase2="3.141592653589793" phase3="0.00" phase4="3.141592653589793"/>
<Proper class1="H140" class2="C135" class3="C139" class4="C141" k1="0.000000" k2="0.000000" k3="0.765672" k4="0.000000" periodicity1="1" periodicity2="2" periodicity3="3" periodicity4="4" phase1="0.00" phase2="3.141592653589793" phase3="0.00" phase4="3.141592653589793"/>
<Proper class1="H140" class2="C136" class3="C136" class4="C136" k1="0.000000" k2="0.000000" k3="0.627600" k4="0.000000" periodicity1="1" periodicity2="2" periodicity3="3" periodicity4="4" phase1="0.00" phase2="3.141592653589793" phase3="0.00" phase4="3.141592653589793"/>
<Proper class1="H140" class2="C136" class3="C136" class4="C137" k1="0.000000" k2="0.000000" k3="0.627600" k4="0.000000" periodicity1="1" periodicity2="2" periodicity3="3" periodicity4="4" phase1="0.00" phase2="3.141592653589793" phase3="0.00" phase4="3.141592653589793"/>
<Proper class1="H140" class2="C136" class3="C136" class4="C139" k1="0.000000" k2="0.000000" k3="0.627600" k4="0.000000" periodicity1="1" periodicity2="2" periodicity3="3" periodicity4="4" phase1="0.00" phase2="3.141592653589793" phase3="0.00" phase4="3.141592653589793"/>
<Proper class1="H140" class2="C136" class3="C136" class4="C158" k1="0.000000" k2="0.000000" k3="0.627600" k4="0.000000" periodicity1="1" periodicity2="2" periodicity3="3" periodicity4="4" phase1="0.00" phase2="3.141592653589793" phase3="0.00" phase4="3.141592653589793"/>
<Proper class1="H140" class2="C136" class3="C136" class4="H140" k1="0.000000" k2="0.000000" k3="0.627600" k4="0.000000" periodicity1="1" periodicity2="2" periodicity3="3" periodicity4="4" phase1="0.00" phase2="3.141592653589793" phase3="0.00" phase4="3.141592653589793"/>
<Proper class1="H140" class2="C136" class3="C137" class4="C135" k1="0.000000" k2="0.000000" k3="0.627600" k4="0.000000" periodicity1="1" periodicity2="2" periodicity3="3" periodicity4="4" phase1="0.00" phase2="3.141592653589793" phase3="0.00" phase4="3.141592653589793"/>
<Proper class1="H140" class2="C136" class3="C137" class4="C137" k1="0.000000" k2="0.000000" k3="0.627600" k4="0.000000" periodicity1="1" periodicity2="2" periodicity3="3" periodicity4="4" phase1="0.00" phase2="3.141592653589793" phase3="0.00" phase4="3.141592653589793"/>
<Proper class1="H140" class2="C136" class3="C137" class4="C139" k1="0.000000" k2="0.000000" k3="0.627600" k4="0.000000" periodicity1="1" periodicity2="2" periodicity3="3" periodicity4="4" phase1="0.00" phase2="3.141592653589793" phase3="0.00" phase4="3.141592653589793"/>
<Proper class1="H140" class2="C136" class3="C137" class4="H140" k1="0.000000" k2="0.000000" k3="0.627600" k4="0.000000" periodicity1="1" periodicity2="2" periodicity3="3" periodicity4="4" phase1="0.00" phase2="3.141592653589793" phase3="0.00" phase4="3.141592653589793"/>
<Proper class1="H140" class2="C136" class3="C139" class4="C135" k1="0.000000" k2="0.000000" k3="0.627600" k4="0.000000" periodicity1="1" periodicity2="2" periodicity3="3" periodicity4="4" phase1="0.00" phase2="3.141592653589793" phase3="0.00" phase4="3.141592653589793"/>
<Proper class1="H140" class2="C136" class3="C139" class4="C137" k1="0.000000" k2="0.000000" k3="0.627600" k4="0.000000" periodicity1="1" periodicity2="2" periodicity3="3" periodicity4="4" phase1="0.00" phase2="3.141592653589793" phase3="0.00" phase4="3.141592653589793"/>
<Proper class1="H140" class2="C136" class3="C139" class4="C141" k1="0.000000" k2="0.000000" k3="0.765672" k4="0.000000" periodicity1="1" periodicity2="2" periodicity3="3" periodicity4="4" phase1="0.00" phase2="3.141592653589793" phase3="0.00" phase4="3.141592653589793"/>
<Proper class1="H140" class2="C136" class3="C141" class4="C139" k1="0.000000" k2="0.000000" k3="0.627600" k4="0.000000" periodicity1="1" periodicity2="2" periodicity3="3" periodicity4="4" phase1="0.00" phase2="3.141592653589793" phase3="0.00" phase4="3.141592653589793"/>
<Proper class1="H140" class2="C136" class3="C141" class4="C142" k1="0.000000" k2="0.000000" k3="-0.778224" k4="0.000000" periodicity1="1" periodicity2="2" periodicity3="3" periodicity4="4" phase1="0.00" phase2="3.141592653589793" phase3="0.00" phase4="3.141592653589793"/>
<Proper class1="H140" class2="C136" class3="C142" class4="C141" k1="0.000000" k2="0.000000" k3="-0.778224" k4="0.000000" periodicity1="1" periodicity2="2" periodicity3="3" periodicity4="4" phase1="0.00" phase2="3.141592653589793" phase3="0.00" phase4="3.141592653589793"/>
<Proper class1="H140" class2="C136" class3="C142" class4="H144" k1="0.000000" k2="0.000000" k3="0.665256" k4="0.000000" periodicity1="1" periodicity2="2" periodicity3="3" periodicity4="4" phase1="0.00" phase2="3.141592653589793" phase3="0.00" phase4="3.141592653589793"/>
<Proper class1="H140" class2="C136" class3="C158" class4="C136" k1="0.000000" k2="0.000000" k3="0.627600" k4="0.000000" periodicity1="1" periodicity2="2" periodicity3="3" periodicity4="4" phase1="0.00" phase2="3.141592653589793" phase3="0.00" phase4="3.141592653589793"/>
<Proper class1="H140" class2="C136" class3="C158" class4="H140" k1="0.000000" k2="0.000000" k3="0.627600" k4="0.000000" periodicity1="1" periodicity2="2" periodicity3="3" periodicity4="4" phase1="0.00" phase2="3.141592653589793" phase3="0.00" phase4="3.141592653589793"/>
<Proper class1="H140" class2="C136" class3="C158" class4="O154" k1="0.000000" k2="0.000000" k3="0.979056" k4="0.000000" periodicity1="1" periodicity2="2" periodicity3="3" periodicity4="4" phase1="0.00" phase2="3.141592653589793" phase3="0.00" phase4="3.141592653589793"/>
<Proper class1="H140" class2="C137" class3="C136" class4="C136" k1="0.000000" k2="0.000000" k3="0.627600" k4="0.000000" periodicity1="1" periodicity2="2" periodicity3="3" periodicity4="4" phase1="0.00" phase2="3.141592653589793" phase3="0.00" phase4="3.141592653589793"/>
<Proper class1="H140" class2="C137" class3="C136" class4="C142" k1="0.000000" k2="0.000000" k3="0.765672" k4="0.000000" periodicity1="1" periodicity2="2" periodicity3="3" periodicity4="4" phase1="0.00" phase2="3.141592653589793" phase3="0.00" phase4="3.141592653589793"/>
<Proper class1="H140" class2="C137" class3="C136" class4="H140" k1="0.000000" k2="0.000000" k3="0.627600" k4="0.000000" periodicity1="1" periodicity2="2" periodicity3="3" periodicity4="4" phase1="0.00" phase2="3.141592653589793" phase3="0.00" phase4="3.141592653589793"/>
<Proper class1="H140" class2="C137" class3="C137" class4="C135" k1="0.000000" k2="0.000000" k3="0.627600" k4="0.000000" periodicity1="1" periodicity2="2" periodicity3="3" periodicity4="4" phase1="0.00" phase2="3.141592653589793" phase3="0.00" phase4="3.141592653589793"/>
<Proper class1="H140" class2="C137" class3="C137" class4="C136" k1="0.000000" k2="0.000000" k3="0.627600" k4="0.000000" periodicity1="1" periodicity2="2" periodicity3="3" periodicity4="4" phase1="0.00" phase2="3.141592653589793" phase3="0.00" phase4="3.141592653589793"/>
<Proper class1="H140" class2="C137" class3="C137" class4="C137" k1="0.000000" k2="0.000000" k3="0.627600" k4="0.000000" periodicity1="1" periodicity2="2" periodicity3="3" periodicity4="4" phase1="0.00" phase2="3.141592653589793" phase3="0.00" phase4="3.141592653589793"/>
<Proper class1="H140" class2="C137" class3="C137" class4="C139" k1="0.000000" k2="0.000000" k3="0.627600" k4="0.000000" periodicity1="1" periodicity2="2" periodicity3="3" periodicity4="4" phase1="0.00" phase2="3.141592653589793" phase3="0.00" phase4="3.141592653589793"/>
<Proper class1="H140" class2="C137" class3="C137" class4="H140" k1="0.000000" k2="0.000000" k3="0.627600" k4="0.000000" periodicity1="1" periodicity2="2" periodicity3="3" periodicity4="4" phase1="0.00" phase2="3.141592653589793" phase3="0.00" phase4="3.141592653589793"/>
<Proper class1="H140" class2="C137" class3="C139" class4="C135" k1="0.000000" k2="0.000000" k3="0.627600" k4="0.000000" periodicity1="1" periodicity2="2" periodicity3="3" periodicity4="4" phase1="0.00" phase2="3.141592653589793" phase3="0.00" phase4="3.141592653589793"/>
<Proper class1="H140" class2="C137" class3="C139" class4="C136" k1="0.000000" k2="0.000000" k3="0.627600" k4="0.000000" periodicity1="1" periodicity2="2" periodicity3="3" periodicity4="4" phase1="0.00" phase2="3.141592653589793" phase3="0.00" phase4="3.141592653589793"/>
<Proper class1="H140" class2="C137" class3="C139" class4="C137" k1="0.000000" k2="0.000000" k3="0.627600" k4="0.000000" periodicity1="1" periodicity2="2" periodicity3="3" periodicity4="4" phase1="0.00" phase2="3.141592653589793" phase3="0.00" phase4="3.141592653589793"/>
<Proper class1="H140" class2="C137" class3="C139" class4="C141" k1="0.000000" k2="0.000000" k3="0.765672" k4="0.000000" periodicity1="1" periodicity2="2" periodicity3="3" periodicity4="4" phase1="0.00" phase2="3.141592653589793" phase3="0.00" phase4="3.141592653589793"/>
<Proper class1="H140" class2="C158" class3="C136" class4="C136" k1="0.000000" k2="0.000000" k3="0.627600" k4="0.000000" periodicity1="1" periodicity2="2" periodicity3="3" periodicity4="4" phase1="0.00" phase2="3.141592653589793" phase3="0.00" phase4="3.141592653589793"/>
<Proper class1="H140" class2="C158" class3="C136" class4="C141" k1="0.000000" k2="0.000000" k3="0.765672" k4="0.000000" periodicity1="1" periodicity2="2" periodicity3="3" periodicity4="4" phase1="0.00" phase2="3.141592653589793" phase3="0.00" phase4="3.141592653589793"/>
<Proper class1="H140" class2="C158" class3="O154" class4="H155" k1="0.000000" k2="0.000000" k3="0.736384" k4="0.000000" periodicity1="1" periodicity2="2" periodicity3="3" periodicity4="4" phase1="0.00" phase2="3.141592653589793" phase3="0.00" phase4="3.141592653589793"/>
<Proper class1="H144" class2="C142" class3="C136" class4="C137" k1="0.000000" k2="-16.736000" k3="0.000000" k4="0.000000" periodicity1="1" periodicity2="2" periodicity3="3" periodicity4="4" phase1="0.00" phase2="3.141592653589793" phase3="0.00" phase4="3.141592653589793"/>
<Proper class1="H144" class2="C142" class3="C141" class4="C136" k1="0.000000" k2="29.288000" k3="0.000000" k4="0.000000" periodicity1="1" periodicity2="2" periodicity3="3" periodicity4="4" phase1="0.00" phase2="3.141592653589793" phase3="0.00" phase4="3.141592653589793"/>
<Proper class1="H144" class2="C142" class3="C141" class4="C139" k1="0.000000" k2="29.288000" k3="0.000000" k4="0.000000" periodicity1="1" periodicity2="2" periodicity3="3" periodicity4="4" phase1="0.00" phase2="3.141592653589793" phase3="0.00" phase4="3.141592653589793"/>
<Proper class1="H155" class2="O154" class3="C158" class4="C136" k1="-0.744752" k2="-0.364008" k3="1.029264" k4="0.000000" periodicity1="1" periodicity2="2" periodicity3="3" periodicity4="4" phase1="0.00" phase2="3.141592653589793" phase3="0.00" phase4="3.141592653589793"/>
<Proper class1="O154" class2="C158" class3="C136" class4="C136" k1="-3.246784" k2="0.000000" k3="0.000000" k4="0.000000" periodicity1="1" periodicity2="2" periodicity3="3" periodicity4="4" phase1="0.00" phase2="3.141592653589793" phase3="0.00" phase4="3.141592653589793"/>
<Proper class1="O154" class2="C158" class3="C136" class4="C141" k1="-3.246784" k2="0.000000" k3="0.000000" k4="0.000000" periodicity1="1" periodicity2="2" periodicity3="3" periodicity4="4" phase1="0.00" phase2="3.141592653589793" phase3="0.00" phase4="3.141592653589793"/>
<Improper class1="C141" class2="C142" class3="C139" class4="C136" k1="0.000000" k2="10.460000" k3="0.000000" k4="0.000000" periodicity1="1" periodicity2="2" periodicity3="3" periodicity4="4" phase1="0.00" phase2="3.141592653589793" phase3="0.00" phase4="3.141592653589793"/>
<Improper class1="C142" class2="H144" class3="C136" class4="C141" k1="0.000000" k2="10.460000" k3="0.000000" k4="0.000000" periodicity1="1" periodicity2="2" periodicity3="3" periodicity4="4" phase1="0.00" phase2="3.141592653589793" phase3="0.00" phase4="3.141592653589793"/>
<Improper class1="C137" class2="C136" class3="C139" class4="H140" k1="0.000000" k2="0.000000" k3="0.000000" k4="0.000000" periodicity1="1" periodicity2="2" periodicity3="3" periodicity4="4" phase1="0.00" phase2="3.141592653589793" phase3="0.00" phase4="3.141592653589793"/>
</PeriodicTorsionForce>
<NonbondedForce coulomb14scale="0.5" lj14scale="0.5">
<Atom type="opls_137" charge="-0.060000" sigma="0.350000" epsilon="0.276144" />
<Atom type="opls_141" charge="0.000000" sigma="0.355000" epsilon="0.317984" />
<Atom type="opls_154" charge="-0.683000" sigma="0.312000" epsilon="0.711280" />
<Atom type="opls_155" charge="0.418000" sigma="0.000000" epsilon="0.000000" />
<Atom type="opls_139" charge="0.000000" sigma="0.350000" epsilon="0.276144" />
<Atom type="opls_140" charge="0.060000" sigma="0.250000" epsilon="0.125520" />
<Atom type="opls_136" charge="-0.120000" sigma="0.350000" epsilon="0.276144" />
<Atom type="opls_158" charge="0.205000" sigma="0.350000" epsilon="0.276144" />
<Atom type="opls_135" charge="-0.180000" sigma="0.350000" epsilon="0.276144" />
<Atom type="opls_144" charge="0.115000" sigma="0.242000" epsilon="0.125520" />
<Atom type="opls_142" charge="-0.115000" sigma="0.355000" epsilon="0.317984" />
</NonbondedForce>
</ForceField>
