<ForceField>
<AtomTypes>
<Type name="opls_140" class="H140" element="H" mass="1.008000" />
<Type name="opls_203" class="S203" element="S" mass="32.060000" />
<Type name="opls_213" class="C213" element="C" mass="12.011000" />
</AtomTypes>
<Residues>
<Residue name="NEU">
<Atom name="S00" type="opls_203" />
<Atom name="S01" type="opls_203" />
<Atom name="C02" type="opls_213" />
<Atom name="C03" type="opls_213" />
<Atom name="H04" type="opls_140" />
<Atom name="H05" type="opls_140" />
<Atom name="H06" type="opls_140" />
<Atom name="H07" type="opls_140" />
<Atom name="H08" type="opls_140" />
<Atom name="H09" type="opls_140" />
<Bond from="0" to="1"/>
<Bond from="1" to="2"/>
<Bond from="0" to="3"/>
<Bond from="2" to="4"/>
<Bond from="2" to="5"/>
<Bond from="2" to="6"/>
<Bond from="3" to="7"/>
<Bond from="3" to="8"/>
<Bond from="3" to="9"/>
</Residue>
</Residues>
<HarmonicBondForce>
<Bond class1="S203" class2="S203" length="0.203800" k="138908.800000"/>
<Bond class1="C213" class2="S203" length="0.181000" k="185769.600000"/>
<Bond class1="C213" class2="S203" length="0.181000" k="185769.600000"/>
<Bond class1="H140" class2="C213" length="0.109000" k="284512.000000"/>
<Bond class1="H140" class2="C213" length="0.109000" k="284512.000000"/>
<Bond class1="H140" class2="C213" length="0.109000" k="284512.000000"/>
<Bond class1="H140" class2="C213" length="0.109000" k="284512.000000"/>
<Bond class1="H140" class2="C213" length="0.109000" k="284512.000000"/>
<Bond class1="H140" class2="C213" length="0.109000" k="284512.000000"/>
</HarmonicBondForce>
<HarmonicAngleForce>
<Angle class1="S203" class2="S203" class3="C213" angle="1.809906" k="569.024000"/>
<Angle class1="S203" class2="C213" class3="H140" angle="1.911136" k="292.880000"/>
<Angle class1="H140" class2="C213" class3="H140" angle="1.881465" k="276.144000"/>
</HarmonicAngleForce>
<PeriodicTorsionForce>
<Proper class1="C213" class2="S203" class3="S203" class4="C213" k1="0.000000" k2="-15.510088" k3="3.566860" k4="0.000000" periodicity1="1" periodicity2="2" periodicity3="3" periodicity4="4" phase1="0.00" phase2="3.141592653589793" phase3="0.00" phase4="3.141592653589793"/>
<Proper class1="H140" class2="C213" class3="S203" class4="S203" k1="0.000000" k2="0.000000" k3="1.167336" k4="0.000000" periodicity1="1" periodicity2="2" periodicity3="3" periodicity4="4" phase1="0.00" phase2="3.141592653589793" phase3="0.00" phase4="3.141592653589793"/>
</PeriodicTorsionForce>
<NonbondedForce coulomb14scale="0.5" lj14scale="0.5">
<Atom type="opls_213" charge="0.037500" sigma="0.350000" epsilon="0.276144" />
<Atom type="opls_140" charge="0.060000" sigma="0.250000" epsilon="0.125520" />
<Atom type="opls_203" charge="-0.217500" sigma="0.360000" epsilon="1.485320" />
</NonbondedForce>
</ForceField>
