<ForceField>
<AtomTypes>
<Type name="opls_926" class="H926" element="H" mass="1.008000" />
<Type name="opls_136" class="C136" element="C" mass="12.011000" />
<Type name="opls_140" class="H140" element="H" mass="1.008000" />
<Type name="opls_927" class="C927" element="C" mass="12.011000" />
<Type name="opls_925" class="C925" element="C" mass="12.011000" />
<Type name="opls_135" class="C135" element="C" mass="12.011000" />
<Type name="opls_930" class="H930" element="H" mass="1.008000" />
</AtomTypes>
<Residues>
<Residue name="NEU">
<Atom name="C00" type="opls_136" />
<Atom name="C01" type="opls_135" />
<Atom name="C02" type="opls_927" />
<Atom name="H03" type="opls_930" />
<Atom name="H04" type="opls_930" />
<Atom name="H05" type="opls_140" />
<Atom name="H06" type="opls_140" />
<Atom name="H07" type="opls_140" />
<Atom name="C08" type="opls_925" />
<Atom name="H09" type="opls_926" />
<Bond from="0" to="1"/>
<Bond from="0" to="2"/>
<Bond from="0" to="3"/>
<Bond from="0" to="4"/>
<Bond from="1" to="5"/>
<Bond from="1" to="6"/>
<Bond from="1" to="7"/>
<Bond from="2" to="8"/>
<Bond from="8" to="9"/>
</Residue>
</Residues>
<HarmonicBondForce>
<Bond class1="C135" class2="C136" length="0.152900" k="224262.400000"/>
<Bond class1="C927" class2="C136" length="0.147000" k="326352.000000"/>
<Bond class1="H930" class2="C136" length="0.109000" k="284512.000000"/>
<Bond class1="H930" class2="C136" length="0.109000" k="284512.000000"/>
<Bond class1="H140" class2="C135" length="0.109000" k="284512.000000"/>
<Bond class1="H140" class2="C135" length="0.109000" k="284512.000000"/>
<Bond class1="H140" class2="C135" length="0.109000" k="284512.000000"/>
<Bond class1="C925" class2="C927" length="0.121000" k="962320.000000"/>
<Bond class1="H926" class2="C925" length="0.108000" k="351456.000000"/>
</HarmonicBondForce>
<HarmonicAngleForce>
<Angle class1="C135" class2="C136" class3="C927" angle="1.966986" k="488.272800"/>
<Angle class1="C135" class2="C136" class3="H930" angle="1.932079" k="313.800000"/>
<Angle class1="C136" class2="C135" class3="H140" angle="1.932079" k="313.800000"/>
<Angle class1="C136" class2="C927" class3="C925" angle="3.141593" k="1255.200000"/>
<Angle class1="C927" class2="C925" class3="H926" angle="3.141593" k="937.216000"/>
<Angle class1="C927" class2="C136" class3="H930" angle="1.893682" k="292.880000"/>
<Angle class1="H930" class2="C136" class3="H930" angle="1.881465" k="276.144000"/>
<Angle class1="H140" class2="C135" class3="H140" angle="1.881465" k="276.144000"/>
</HarmonicAngleForce>
<PeriodicTorsionForce>
<Proper class1="C925" class2="C927" class3="C136" class4="C135" k1="0.000000" k2="0.000000" k3="0.000000" k4="0.000000" periodicity1="1" periodicity2="2" periodicity3="3" periodicity4="4" phase1="0.00" phase2="3.141592653589793" phase3="0.00" phase4="3.141592653589793"/>
<Proper class1="C925" class2="C927" class3="C136" class4="H930" k1="0.000000" k2="0.000000" k3="0.000000" k4="0.000000" periodicity1="1" periodicity2="2" periodicity3="3" periodicity4="4" phase1="0.00" phase2="3.141592653589793" phase3="0.00" phase4="3.141592653589793"/>
<Proper class1="H140" class2="C135" class3="C136" class4="C927" k1="0.000000" k2="0.000000" k3="0.765672" k4="0.000000" periodicity1="1" periodicity2="2" periodicity3="3" periodicity4="4" phase1="0.00" phase2="3.141592653589793" phase3="0.00" phase4="3.141592653589793"/>
<Proper class1="H140" class2="C135" class3="C136" class4="H930" k1="0.000000" k2="0.000000" k3="0.627600" k4="0.000000" periodicity1="1" periodicity2="2" periodicity3="3" periodicity4="4" phase1="0.00" phase2="3.141592653589793" phase3="0.00" phase4="3.141592653589793"/>
<Proper class1="H926" class2="C925" class3="C927" class4="C136" k1="0.000000" k2="0.000000" k3="0.000000" k4="0.000000" periodicity1="1" periodicity2="2" periodicity3="3" periodicity4="4" phase1="0.00" phase2="3.141592653589793" phase3="0.00" phase4="3.141592653589793"/>
<Improper class1="C136" class2="C135" class3="C927" class4="H930" k1="0.000000" k2="0.000000" k3="0.000000" k4="0.000000" periodicity1="1" periodicity2="2" periodicity3="3" periodicity4="4" phase1="0.00" phase2="3.141592653589793" phase3="0.00" phase4="3.141592653589793"/>
</PeriodicTorsionForce>
<NonbondedForce coulomb14scale="0.5" lj14scale="0.5">
<Atom type="opls_926" charge="0.200000" sigma="0.242000" epsilon="0.062760" />
<Atom type="opls_927" charge="0.010000" sigma="0.330000" epsilon="0.878640" />
<Atom type="opls_140" charge="0.060000" sigma="0.250000" epsilon="0.125520" />
<Atom type="opls_135" charge="-0.180000" sigma="0.350000" epsilon="0.276144" />
<Atom type="opls_136" charge="-0.120000" sigma="0.350000" epsilon="0.276144" />
<Atom type="opls_925" charge="-0.210000" sigma="0.330000" epsilon="0.359824" />
<Atom type="opls_930" charge="0.060000" sigma="0.250000" epsilon="0.062760" />
</NonbondedForce>
</ForceField>
