<ForceField>
<AtomTypes>
<Type name="opls_641" class="N641" element="N" mass="14.007000" />
<Type name="opls_643" class="H643" element="H" mass="1.008000" />
<Type name="opls_642" class="C642" element="C" mass="12.011000" />
</AtomTypes>
<Residues>
<Residue name="NEU">
<Atom name="C00" type="opls_642" />
<Atom name="N01" type="opls_641" />
<Atom name="C02" type="opls_642" />
<Atom name="N03" type="opls_641" />
<Atom name="C04" type="opls_642" />
<Atom name="N05" type="opls_641" />
<Atom name="H06" type="opls_643" />
<Atom name="H07" type="opls_643" />
<Atom name="H08" type="opls_643" />
<Bond from="0" to="1"/>
<Bond from="1" to="2"/>
<Bond from="0" to="3"/>
<Bond from="3" to="4"/>
<Bond from="2" to="5"/>
<Bond from="0" to="6"/>
<Bond from="2" to="7"/>
<Bond from="4" to="8"/>
<Bond from="4" to="5"/>
</Residue>
</Residues>
<HarmonicBondForce>
<Bond class1="N641" class2="C642" length="0.132400" k="420073.600000"/>
<Bond class1="C642" class2="N641" length="0.132400" k="420073.600000"/>
<Bond class1="N641" class2="C642" length="0.132400" k="420073.600000"/>
<Bond class1="C642" class2="N641" length="0.132400" k="420073.600000"/>
<Bond class1="N641" class2="C642" length="0.132400" k="420073.600000"/>
<Bond class1="H643" class2="C642" length="0.108000" k="307105.600000"/>
<Bond class1="H643" class2="C642" length="0.108000" k="307105.600000"/>
<Bond class1="H643" class2="C642" length="0.108000" k="307105.600000"/>
<Bond class1="N641" class2="C642" length="0.132400" k="420073.600000"/>
</HarmonicBondForce>
<HarmonicAngleForce>
<Angle class1="C642" class2="N641" class3="C642" angle="2.069960" k="585.760000"/>
<Angle class1="N641" class2="C642" class3="N641" angle="2.253220" k="585.760000"/>
<Angle class1="N641" class2="C642" class3="H643" angle="2.014983" k="292.880000"/>
</HarmonicAngleForce>
<PeriodicTorsionForce>
<Proper class1="C642" class2="N641" class3="C642" class4="N641" k1="0.000000" k2="15.167000" k3="0.000000" k4="0.000000" periodicity1="1" periodicity2="2" periodicity3="3" periodicity4="4" phase1="0.00" phase2="3.141592653589793" phase3="0.00" phase4="3.141592653589793"/>
<Proper class1="H643" class2="C642" class3="N641" class4="C642" k1="0.000000" k2="15.167000" k3="0.000000" k4="0.000000" periodicity1="1" periodicity2="2" periodicity3="3" periodicity4="4" phase1="0.00" phase2="3.141592653589793" phase3="0.00" phase4="3.141592653589793"/>
<Proper class1="N641" class2="C642" class3="N641" class4="C642" k1="0.000000" k2="15.167000" k3="0.000000" k4="0.000000" periodicity1="1" periodicity2="2" periodicity3="3" periodicity4="4" phase1="0.00" phase2="3.141592653589793" phase3="0.00" phase4="3.141592653589793"/>
</PeriodicTorsionForce>
<NonbondedForce coulomb14scale="0.5" lj14scale="0.5">
<Atom type="opls_642" charge="0.965000" sigma="0.355000" epsilon="0.292880" />
<Atom type="opls_643" charge="-0.014000" sigma="0.242000" epsilon="0.125520" />
<Atom type="opls_641" charge="-0.951000" sigma="0.325000" epsilon="0.711280" />
</NonbondedForce>
</ForceField>
