<ForceField>
<AtomTypes>
<Type name="opls_181" class="C181" element="C" mass="12.011000" />
<Type name="opls_718" class="C718" element="C" mass="12.011000" />
<Type name="opls_185" class="H185" element="H" mass="1.008000" />
<Type name="opls_199" class="C199" element="C" mass="12.011000" />
<Type name="opls_719" class="F719" element="F" mass="18.998403" />
<Type name="opls_179" class="O179" element="O" mass="15.999000" />
</AtomTypes>
<Residues>
<Residue name="NEU">
<Atom name="C00" type="opls_199" />
<Atom name="C01" type="opls_718" />
<Atom name="C02" type="opls_718" />
<Atom name="C03" type="opls_718" />
<Atom name="C04" type="opls_718" />
<Atom name="C05" type="opls_718" />
<Atom name="O06" type="opls_179" />
<Atom name="F07" type="opls_719" />
<Atom name="F08" type="opls_719" />
<Atom name="F09" type="opls_719" />
<Atom name="F0A" type="opls_719" />
<Atom name="F0B" type="opls_719" />
<Atom name="C0C" type="opls_181" />
<Atom name="H0D" type="opls_185" />
<Atom name="H0E" type="opls_185" />
<Atom name="H0F" type="opls_185" />
<Bond from="0" to="1"/>
<Bond from="0" to="2"/>
<Bond from="1" to="3"/>
<Bond from="2" to="4"/>
<Bond from="3" to="5"/>
<Bond from="0" to="6"/>
<Bond from="1" to="7"/>
<Bond from="2" to="8"/>
<Bond from="3" to="9"/>
<Bond from="4" to="10"/>
<Bond from="5" to="11"/>
<Bond from="6" to="12"/>
<Bond from="12" to="13"/>
<Bond from="12" to="14"/>
<Bond from="12" to="15"/>
<Bond from="4" to="5"/>
</Residue>
</Residues>
<HarmonicBondForce>
<Bond class1="C718" class2="C199" length="0.140000" k="392459.200000"/>
<Bond class1="C718" class2="C199" length="0.140000" k="392459.200000"/>
<Bond class1="C718" class2="C718" length="0.140000" k="392459.200000"/>
<Bond class1="C718" class2="C718" length="0.140000" k="392459.200000"/>
<Bond class1="C718" class2="C718" length="0.140000" k="392459.200000"/>
<Bond class1="O179" class2="C199" length="0.136400" k="376560.000000"/>
<Bond class1="F719" class2="C718" length="0.135400" k="351456.000000"/>
<Bond class1="F719" class2="C718" length="0.135400" k="351456.000000"/>
<Bond class1="F719" class2="C718" length="0.135400" k="351456.000000"/>
<Bond class1="F719" class2="C718" length="0.135400" k="351456.000000"/>
<Bond class1="F719" class2="C718" length="0.135400" k="351456.000000"/>
<Bond class1="C181" class2="O179" length="0.141000" k="267776.000000"/>
<Bond class1="H185" class2="C181" length="0.109000" k="284512.000000"/>
<Bond class1="H185" class2="C181" length="0.109000" k="284512.000000"/>
<Bond class1="H185" class2="C181" length="0.109000" k="284512.000000"/>
<Bond class1="C718" class2="C718" length="0.140000" k="392459.200000"/>
</HarmonicBondForce>
<HarmonicAngleForce>
<Angle class1="C718" class2="C199" class3="C718" angle="2.094395" k="527.184000"/>
<Angle class1="C199" class2="C718" class3="C718" angle="2.094395" k="527.184000"/>
<Angle class1="C718" class2="C718" class3="C718" angle="2.094395" k="527.184000"/>
<Angle class1="C718" class2="C199" class3="O179" angle="2.094395" k="585.760000"/>
<Angle class1="C199" class2="C718" class3="F719" angle="2.094395" k="669.440000"/>
<Angle class1="C718" class2="C718" class3="F719" angle="2.094395" k="669.440000"/>
<Angle class1="C199" class2="O179" class3="C181" angle="1.937315" k="627.600000"/>
<Angle class1="O179" class2="C181" class3="H185" angle="1.911136" k="292.880000"/>
<Angle class1="H185" class2="C181" class3="H185" angle="1.881465" k="276.144000"/>
</HarmonicAngleForce>
<PeriodicTorsionForce>
<Proper class1="C181" class2="O179" class3="C199" class4="C718" k1="0.000000" k2="7.050040" k3="0.000000" k4="0.627600" periodicity1="1" periodicity2="2" periodicity3="3" periodicity4="4" phase1="0.00" phase2="3.141592653589793" phase3="0.00" phase4="3.141592653589793"/>
<Proper class1="C718" class2="C718" class3="C199" class4="C718" k1="0.000000" k2="15.167000" k3="0.000000" k4="0.000000" periodicity1="1" periodicity2="2" periodicity3="3" periodicity4="4" phase1="0.00" phase2="3.141592653589793" phase3="0.00" phase4="3.141592653589793"/>
<Proper class1="C718" class2="C718" class3="C718" class4="C199" k1="0.000000" k2="15.167000" k3="0.000000" k4="0.000000" periodicity1="1" periodicity2="2" periodicity3="3" periodicity4="4" phase1="0.00" phase2="3.141592653589793" phase3="0.00" phase4="3.141592653589793"/>
<Proper class1="C718" class2="C718" class3="C718" class4="C718" k1="0.000000" k2="15.167000" k3="0.000000" k4="0.000000" periodicity1="1" periodicity2="2" periodicity3="3" periodicity4="4" phase1="0.00" phase2="3.141592653589793" phase3="0.00" phase4="3.141592653589793"/>
<Proper class1="F719" class2="C718" class3="C199" class4="C718" k1="0.000000" k2="15.167000" k3="0.000000" k4="0.000000" periodicity1="1" periodicity2="2" periodicity3="3" periodicity4="4" phase1="0.00" phase2="3.141592653589793" phase3="0.00" phase4="3.141592653589793"/>
<Proper class1="F719" class2="C718" class3="C199" class4="O179" k1="0.000000" k2="15.167000" k3="0.000000" k4="0.000000" periodicity1="1" periodicity2="2" periodicity3="3" periodicity4="4" phase1="0.00" phase2="3.141592653589793" phase3="0.00" phase4="3.141592653589793"/>
<Proper class1="F719" class2="C718" class3="C718" class4="C199" k1="0.000000" k2="15.167000" k3="0.000000" k4="0.000000" periodicity1="1" periodicity2="2" periodicity3="3" periodicity4="4" phase1="0.00" phase2="3.141592653589793" phase3="0.00" phase4="3.141592653589793"/>
<Proper class1="F719" class2="C718" class3="C718" class4="C718" k1="0.000000" k2="15.167000" k3="0.000000" k4="0.000000" periodicity1="1" periodicity2="2" periodicity3="3" periodicity4="4" phase1="0.00" phase2="3.141592653589793" phase3="0.00" phase4="3.141592653589793"/>
<Proper class1="F719" class2="C718" class3="C718" class4="F719" k1="0.000000" k2="15.167000" k3="0.000000" k4="0.000000" periodicity1="1" periodicity2="2" periodicity3="3" periodicity4="4" phase1="0.00" phase2="3.141592653589793" phase3="0.00" phase4="3.141592653589793"/>
<Proper class1="H185" class2="C181" class3="O179" class4="C199" k1="0.000000" k2="0.000000" k3="1.589920" k4="0.000000" periodicity1="1" periodicity2="2" periodicity3="3" periodicity4="4" phase1="0.00" phase2="3.141592653589793" phase3="0.00" phase4="3.141592653589793"/>
<Proper class1="O179" class2="C199" class3="C718" class4="C718" k1="0.000000" k2="15.167000" k3="0.000000" k4="0.000000" periodicity1="1" periodicity2="2" periodicity3="3" periodicity4="4" phase1="0.00" phase2="3.141592653589793" phase3="0.00" phase4="3.141592653589793"/>
</PeriodicTorsionForce>
<NonbondedForce coulomb14scale="0.5" lj14scale="0.5">
<Atom type="opls_199" charge="0.085000" sigma="0.355000" epsilon="0.292880" />
<Atom type="opls_179" charge="-0.285000" sigma="0.290000" epsilon="0.585760" />
<Atom type="opls_719" charge="-0.220000" sigma="0.285000" epsilon="0.255224" />
<Atom type="opls_185" charge="0.030000" sigma="0.250000" epsilon="0.125520" />
<Atom type="opls_181" charge="0.110000" sigma="0.350000" epsilon="0.276144" />
<Atom type="opls_718" charge="0.220000" sigma="0.355000" epsilon="0.292880" />
</NonbondedForce>
</ForceField>
