<ForceField>
<AtomTypes>
<Type name="opls_236" class="O236" element="O" mass="15.999000" />
<Type name="opls_243" class="C243" element="C" mass="12.011000" />
<Type name="opls_140" class="H140" element="H" mass="1.008000" />
<Type name="opls_245" class="C245" element="C" mass="12.011000" />
<Type name="opls_136" class="C136" element="C" mass="12.011000" />
<Type name="opls_239" class="N239" element="N" mass="14.007000" />
<Type name="opls_235" class="C235" element="C" mass="12.011000" />
</AtomTypes>
<Residues>
<Residue name="NEU">
<Atom name="N00" type="opls_239" />
<Atom name="C01" type="opls_245" />
<Atom name="C02" type="opls_243" />
<Atom name="C03" type="opls_235" />
<Atom name="C04" type="opls_136" />
<Atom name="H05" type="opls_140" />
<Atom name="H06" type="opls_140" />
<Atom name="C07" type="opls_136" />
<Atom name="H08" type="opls_140" />
<Atom name="H09" type="opls_140" />
<Atom name="H0A" type="opls_140" />
<Atom name="H0B" type="opls_140" />
<Atom name="O0C" type="opls_236" />
<Atom name="H0D" type="opls_140" />
<Atom name="H0E" type="opls_140" />
<Atom name="H0F" type="opls_140" />
<Bond from="0" to="1"/>
<Bond from="0" to="2"/>
<Bond from="0" to="3"/>
<Bond from="1" to="4"/>
<Bond from="1" to="5"/>
<Bond from="1" to="6"/>
<Bond from="3" to="7"/>
<Bond from="4" to="8"/>
<Bond from="4" to="9"/>
<Bond from="7" to="10"/>
<Bond from="7" to="11"/>
<Bond from="3" to="12"/>
<Bond from="2" to="13"/>
<Bond from="2" to="14"/>
<Bond from="2" to="15"/>
<Bond from="4" to="7"/>
</Residue>
</Residues>
<HarmonicBondForce>
<Bond class1="C245" class2="N239" length="0.144900" k="282001.600000"/>
<Bond class1="C243" class2="N239" length="0.144900" k="282001.600000"/>
<Bond class1="C235" class2="N239" length="0.133500" k="410032.000000"/>
<Bond class1="C136" class2="C245" length="0.152900" k="224262.400000"/>
<Bond class1="H140" class2="C245" length="0.109000" k="284512.000000"/>
<Bond class1="H140" class2="C245" length="0.109000" k="284512.000000"/>
<Bond class1="C136" class2="C235" length="0.152200" k="265265.600000"/>
<Bond class1="H140" class2="C136" length="0.109000" k="284512.000000"/>
<Bond class1="H140" class2="C136" length="0.109000" k="284512.000000"/>
<Bond class1="H140" class2="C136" length="0.109000" k="284512.000000"/>
<Bond class1="H140" class2="C136" length="0.109000" k="284512.000000"/>
<Bond class1="O236" class2="C235" length="0.122900" k="476976.000000"/>
<Bond class1="H140" class2="C243" length="0.109000" k="284512.000000"/>
<Bond class1="H140" class2="C243" length="0.109000" k="284512.000000"/>
<Bond class1="H140" class2="C243" length="0.109000" k="284512.000000"/>
<Bond class1="C136" class2="C136" length="0.152900" k="224262.400000"/>
</HarmonicBondForce>
<HarmonicAngleForce>
<Angle class1="C245" class2="N239" class3="C243" angle="2.059489" k="418.400000"/>
<Angle class1="C245" class2="N239" class3="C235" angle="2.127556" k="418.400000"/>
<Angle class1="N239" class2="C245" class3="C136" angle="1.914626" k="669.440000"/>
<Angle class1="N239" class2="C245" class3="H140" angle="1.911136" k="292.880000"/>
<Angle class1="N239" class2="C235" class3="C136" angle="2.035054" k="585.760000"/>
<Angle class1="C245" class2="C136" class3="H140" angle="1.932079" k="313.800000"/>
<Angle class1="C235" class2="C136" class3="H140" angle="1.911136" k="292.880000"/>
<Angle class1="N239" class2="C235" class3="O236" angle="2.145010" k="669.440000"/>
<Angle class1="N239" class2="C243" class3="H140" angle="1.911136" k="292.880000"/>
<Angle class1="H140" class2="C136" class3="H140" angle="1.881465" k="276.144000"/>
<Angle class1="H140" class2="C243" class3="H140" angle="1.881465" k="276.144000"/>
<Angle class1="C136" class2="C245" class3="H140" angle="1.932079" k="313.800000"/>
<Angle class1="C136" class2="C136" class3="H140" angle="1.932079" k="313.800000"/>
<Angle class1="C235" class2="C136" class3="C136" angle="1.939061" k="527.184000"/>
<Angle class1="H140" class2="C245" class3="H140" angle="1.881465" k="276.144000"/>
<Angle class1="C243" class2="N239" class3="C235" angle="2.127556" k="418.400000"/>
<Angle class1="C136" class2="C235" class3="O236" angle="2.101376" k="669.440000"/>
<Angle class1="C245" class2="C136" class3="C136" angle="1.966986" k="488.272800"/>
</HarmonicAngleForce>
<PeriodicTorsionForce>
<Proper class1="C136" class2="C136" class3="C245" class4="H140" k1="0.000000" k2="0.000000" k3="0.627600" k4="0.000000" periodicity1="1" periodicity2="2" periodicity3="3" periodicity4="4" phase1="0.00" phase2="3.141592653589793" phase3="0.00" phase4="3.141592653589793"/>
<Proper class1="C136" class2="C235" class3="N239" class4="C243" k1="4.811600" k2="12.738188" k3="0.000000" k4="0.000000" periodicity1="1" periodicity2="2" periodicity3="3" periodicity4="4" phase1="0.00" phase2="3.141592653589793" phase3="0.00" phase4="3.141592653589793"/>
<Proper class1="C136" class2="C235" class3="N239" class4="C245" k1="4.811600" k2="12.738188" k3="0.000000" k4="0.000000" periodicity1="1" periodicity2="2" periodicity3="3" periodicity4="4" phase1="0.00" phase2="3.141592653589793" phase3="0.00" phase4="3.141592653589793"/>
<Proper class1="C136" class2="C245" class3="N239" class4="C243" k1="9.943276" k2="-1.535528" k3="0.000000" k4="0.000000" periodicity1="1" periodicity2="2" periodicity3="3" periodicity4="4" phase1="0.00" phase2="3.141592653589793" phase3="0.00" phase4="3.141592653589793"/>
<Proper class1="H140" class2="C136" class3="C136" class4="C235" k1="0.000000" k2="0.000000" k3="-0.209200" k4="0.000000" periodicity1="1" periodicity2="2" periodicity3="3" periodicity4="4" phase1="0.00" phase2="3.141592653589793" phase3="0.00" phase4="3.141592653589793"/>
<Proper class1="H140" class2="C136" class3="C136" class4="C245" k1="0.000000" k2="0.000000" k3="0.627600" k4="0.000000" periodicity1="1" periodicity2="2" periodicity3="3" periodicity4="4" phase1="0.00" phase2="3.141592653589793" phase3="0.00" phase4="3.141592653589793"/>
<Proper class1="H140" class2="C136" class3="C136" class4="H140" k1="0.000000" k2="0.000000" k3="0.627600" k4="0.000000" periodicity1="1" periodicity2="2" periodicity3="3" periodicity4="4" phase1="0.00" phase2="3.141592653589793" phase3="0.00" phase4="3.141592653589793"/>
<Proper class1="H140" class2="C136" class3="C235" class4="N239" k1="0.000000" k2="0.000000" k3="0.000000" k4="0.000000" periodicity1="1" periodicity2="2" periodicity3="3" periodicity4="4" phase1="0.00" phase2="3.141592653589793" phase3="0.00" phase4="3.141592653589793"/>
<Proper class1="H140" class2="C136" class3="C245" class4="H140" k1="0.000000" k2="0.000000" k3="0.627600" k4="0.000000" periodicity1="1" periodicity2="2" periodicity3="3" periodicity4="4" phase1="0.00" phase2="3.141592653589793" phase3="0.00" phase4="3.141592653589793"/>
<Proper class1="H140" class2="C136" class3="C245" class4="N239" k1="0.000000" k2="0.000000" k3="0.970688" k4="0.000000" periodicity1="1" periodicity2="2" periodicity3="3" periodicity4="4" phase1="0.00" phase2="3.141592653589793" phase3="0.00" phase4="3.141592653589793"/>
<Proper class1="H140" class2="C243" class3="N239" class4="C235" k1="0.000000" k2="0.000000" k3="0.000000" k4="0.000000" periodicity1="1" periodicity2="2" periodicity3="3" periodicity4="4" phase1="0.00" phase2="3.141592653589793" phase3="0.00" phase4="3.141592653589793"/>
<Proper class1="H140" class2="C243" class3="N239" class4="C245" k1="0.000000" k2="0.000000" k3="0.000000" k4="0.000000" periodicity1="1" periodicity2="2" periodicity3="3" periodicity4="4" phase1="0.00" phase2="3.141592653589793" phase3="0.00" phase4="3.141592653589793"/>
<Proper class1="H140" class2="C245" class3="N239" class4="C235" k1="0.000000" k2="0.000000" k3="0.000000" k4="0.000000" periodicity1="1" periodicity2="2" periodicity3="3" periodicity4="4" phase1="0.00" phase2="3.141592653589793" phase3="0.00" phase4="3.141592653589793"/>
<Proper class1="H140" class2="C245" class3="N239" class4="C243" k1="0.000000" k2="0.000000" k3="0.000000" k4="0.000000" periodicity1="1" periodicity2="2" periodicity3="3" periodicity4="4" phase1="0.00" phase2="3.141592653589793" phase3="0.00" phase4="3.141592653589793"/>
<Proper class1="O236" class2="C235" class3="C136" class4="C136" k1="0.000000" k2="0.000000" k3="0.000000" k4="0.000000" periodicity1="1" periodicity2="2" periodicity3="3" periodicity4="4" phase1="0.00" phase2="3.141592653589793" phase3="0.00" phase4="3.141592653589793"/>
<Proper class1="O236" class2="C235" class3="C136" class4="H140" k1="0.000000" k2="0.000000" k3="0.000000" k4="0.000000" periodicity1="1" periodicity2="2" periodicity3="3" periodicity4="4" phase1="0.00" phase2="3.141592653589793" phase3="0.00" phase4="3.141592653589793"/>
<Proper class1="O236" class2="C235" class3="N239" class4="C243" k1="0.000000" k2="12.738188" k3="0.000000" k4="0.000000" periodicity1="1" periodicity2="2" periodicity3="3" periodicity4="4" phase1="0.00" phase2="3.141592653589793" phase3="0.00" phase4="3.141592653589793"/>
<Proper class1="O236" class2="C235" class3="N239" class4="C245" k1="0.000000" k2="12.738188" k3="0.000000" k4="0.000000" periodicity1="1" periodicity2="2" periodicity3="3" periodicity4="4" phase1="0.00" phase2="3.141592653589793" phase3="0.00" phase4="3.141592653589793"/>
<Improper class1="C235" class2="N239" class3="O236" class4="C136" k1="0.000000" k2="43.932000" k3="0.000000" k4="0.000000" periodicity1="1" periodicity2="2" periodicity3="3" periodicity4="4" phase1="0.00" phase2="3.141592653589793" phase3="0.00" phase4="3.141592653589793"/>
<Improper class1="N239" class2="C245" class3="C243" class4="C235" k1="0.000000" k2="10.460000" k3="0.000000" k4="0.000000" periodicity1="1" periodicity2="2" periodicity3="3" periodicity4="4" phase1="0.00" phase2="3.141592653589793" phase3="0.00" phase4="3.141592653589793"/>
</PeriodicTorsionForce>
<NonbondedForce coulomb14scale="0.5" lj14scale="0.5">
<Atom type="opls_236" charge="-0.500000" sigma="0.296000" epsilon="0.878640" />
<Atom type="opls_235" charge="0.500000" sigma="0.375000" epsilon="0.439320" />
<Atom type="opls_245" charge="-0.050000" sigma="0.350000" epsilon="0.276144" />
<Atom type="opls_243" charge="-0.110000" sigma="0.350000" epsilon="0.276144" />
<Atom type="opls_140" charge="0.060000" sigma="0.250000" epsilon="0.125520" />
<Atom type="opls_239" charge="-0.140000" sigma="0.325000" epsilon="0.711280" />
<Atom type="opls_136" charge="-0.120000" sigma="0.350000" epsilon="0.276144" />
</NonbondedForce>
</ForceField>
