<ForceField>
<AtomTypes>
<Type name="opls_136" class="C136" element="C" mass="12.011000" />
<Type name="opls_140" class="H140" element="H" mass="1.008000" />
<Type name="opls_135" class="C135" element="C" mass="12.011000" />
</AtomTypes>
<Residues>
<Residue name="NEU">
<Atom name="C00" type="opls_136" />
<Atom name="C01" type="opls_136" />
<Atom name="C02" type="opls_136" />
<Atom name="H03" type="opls_140" />
<Atom name="H04" type="opls_140" />
<Atom name="C05" type="opls_136" />
<Atom name="H06" type="opls_140" />
<Atom name="H07" type="opls_140" />
<Atom name="C08" type="opls_136" />
<Atom name="H09" type="opls_140" />
<Atom name="H0A" type="opls_140" />
<Atom name="C0B" type="opls_136" />
<Atom name="H0C" type="opls_140" />
<Atom name="H0D" type="opls_140" />
<Atom name="C0E" type="opls_136" />
<Atom name="H0F" type="opls_140" />
<Atom name="H0G" type="opls_140" />
<Atom name="C0H" type="opls_136" />
<Atom name="H0I" type="opls_140" />
<Atom name="H0J" type="opls_140" />
<Atom name="C0K" type="opls_136" />
<Atom name="H0M" type="opls_140" />
<Atom name="H0N" type="opls_140" />
<Atom name="C0O" type="opls_136" />
<Atom name="H0P" type="opls_140" />
<Atom name="H0Q" type="opls_140" />
<Atom name="C0R" type="opls_136" />
<Atom name="H0S" type="opls_140" />
<Atom name="H0T" type="opls_140" />
<Atom name="C0U" type="opls_136" />
<Atom name="H0V" type="opls_140" />
<Atom name="H0W" type="opls_140" />
<Atom name="C0X" type="opls_136" />
<Atom name="H0Y" type="opls_140" />
<Atom name="H0Z" type="opls_140" />
<Atom name="C10" type="opls_136" />
<Atom name="H11" type="opls_140" />
<Atom name="H12" type="opls_140" />
<Atom name="C13" type="opls_136" />
<Atom name="H14" type="opls_140" />
<Atom name="H15" type="opls_140" />
<Atom name="C16" type="opls_136" />
<Atom name="H17" type="opls_140" />
<Atom name="H18" type="opls_140" />
<Atom name="C19" type="opls_135" />
<Atom name="H1A" type="opls_140" />
<Atom name="H1B" type="opls_140" />
<Atom name="H1C" type="opls_140" />
<Atom name="H1D" type="opls_140" />
<Atom name="H1E" type="opls_140" />
<Atom name="C1F" type="opls_136" />
<Atom name="H1G" type="opls_140" />
<Atom name="H1H" type="opls_140" />
<Atom name="C1I" type="opls_136" />
<Atom name="H1J" type="opls_140" />
<Atom name="H1K" type="opls_140" />
<Atom name="C1M" type="opls_136" />
<Atom name="H1N" type="opls_140" />
<Atom name="H1O" type="opls_140" />
<Atom name="C1P" type="opls_136" />
<Atom name="H1Q" type="opls_140" />
<Atom name="H1R" type="opls_140" />
<Atom name="C1S" type="opls_135" />
<Atom name="H1T" type="opls_140" />
<Atom name="H1U" type="opls_140" />
<Atom name="H1V" type="opls_140" />
<Atom name="H1W" type="opls_140" />
<Atom name="H1X" type="opls_140" />
<Bond from="0" to="1"/>
<Bond from="0" to="2"/>
<Bond from="0" to="3"/>
<Bond from="0" to="4"/>
<Bond from="1" to="5"/>
<Bond from="1" to="6"/>
<Bond from="1" to="7"/>
<Bond from="5" to="8"/>
<Bond from="5" to="9"/>
<Bond from="5" to="10"/>
<Bond from="8" to="11"/>
<Bond from="8" to="12"/>
<Bond from="8" to="13"/>
<Bond from="11" to="14"/>
<Bond from="11" to="15"/>
<Bond from="11" to="16"/>
<Bond from="14" to="17"/>
<Bond from="14" to="18"/>
<Bond from="14" to="19"/>
<Bond from="17" to="20"/>
<Bond from="17" to="21"/>
<Bond from="17" to="22"/>
<Bond from="2" to="23"/>
<Bond from="2" to="24"/>
<Bond from="2" to="25"/>
<Bond from="23" to="26"/>
<Bond from="23" to="27"/>
<Bond from="23" to="28"/>
<Bond from="26" to="29"/>
<Bond from="26" to="30"/>
<Bond from="26" to="31"/>
<Bond from="29" to="32"/>
<Bond from="29" to="33"/>
<Bond from="29" to="34"/>
<Bond from="32" to="35"/>
<Bond from="32" to="36"/>
<Bond from="32" to="37"/>
<Bond from="20" to="38"/>
<Bond from="20" to="39"/>
<Bond from="20" to="40"/>
<Bond from="38" to="41"/>
<Bond from="38" to="42"/>
<Bond from="38" to="43"/>
<Bond from="41" to="44"/>
<Bond from="41" to="45"/>
<Bond from="41" to="46"/>
<Bond from="44" to="47"/>
<Bond from="44" to="48"/>
<Bond from="44" to="49"/>
<Bond from="35" to="50"/>
<Bond from="35" to="51"/>
<Bond from="35" to="52"/>
<Bond from="50" to="53"/>
<Bond from="50" to="54"/>
<Bond from="50" to="55"/>
<Bond from="53" to="56"/>
<Bond from="53" to="57"/>
<Bond from="53" to="58"/>
<Bond from="56" to="59"/>
<Bond from="56" to="60"/>
<Bond from="56" to="61"/>
<Bond from="59" to="62"/>
<Bond from="59" to="63"/>
<Bond from="59" to="64"/>
<Bond from="62" to="65"/>
<Bond from="62" to="66"/>
<Bond from="62" to="67"/>
</Residue>
</Residues>
<HarmonicBondForce>
<Bond class1="C136" class2="C136" length="0.152900" k="224262.400000"/>
<Bond class1="C136" class2="C136" length="0.152900" k="224262.400000"/>
<Bond class1="H140" class2="C136" length="0.109000" k="284512.000000"/>
<Bond class1="H140" class2="C136" length="0.109000" k="284512.000000"/>
<Bond class1="C136" class2="C136" length="0.152900" k="224262.400000"/>
<Bond class1="H140" class2="C136" length="0.109000" k="284512.000000"/>
<Bond class1="H140" class2="C136" length="0.109000" k="284512.000000"/>
<Bond class1="C136" class2="C136" length="0.152900" k="224262.400000"/>
<Bond class1="H140" class2="C136" length="0.109000" k="284512.000000"/>
<Bond class1="H140" class2="C136" length="0.109000" k="284512.000000"/>
<Bond class1="C136" class2="C136" length="0.152900" k="224262.400000"/>
<Bond class1="H140" class2="C136" length="0.109000" k="284512.000000"/>
<Bond class1="H140" class2="C136" length="0.109000" k="284512.000000"/>
<Bond class1="C136" class2="C136" length="0.152900" k="224262.400000"/>
<Bond class1="H140" class2="C136" length="0.109000" k="284512.000000"/>
<Bond class1="H140" class2="C136" length="0.109000" k="284512.000000"/>
<Bond class1="C136" class2="C136" length="0.152900" k="224262.400000"/>
<Bond class1="H140" class2="C136" length="0.109000" k="284512.000000"/>
<Bond class1="H140" class2="C136" length="0.109000" k="284512.000000"/>
<Bond class1="C136" class2="C136" length="0.152900" k="224262.400000"/>
<Bond class1="H140" class2="C136" length="0.109000" k="284512.000000"/>
<Bond class1="H140" class2="C136" length="0.109000" k="284512.000000"/>
<Bond class1="C136" class2="C136" length="0.152900" k="224262.400000"/>
<Bond class1="H140" class2="C136" length="0.109000" k="284512.000000"/>
<Bond class1="H140" class2="C136" length="0.109000" k="284512.000000"/>
<Bond class1="C136" class2="C136" length="0.152900" k="224262.400000"/>
<Bond class1="H140" class2="C136" length="0.109000" k="284512.000000"/>
<Bond class1="H140" class2="C136" length="0.109000" k="284512.000000"/>
<Bond class1="C136" class2="C136" length="0.152900" k="224262.400000"/>
<Bond class1="H140" class2="C136" length="0.109000" k="284512.000000"/>
<Bond class1="H140" class2="C136" length="0.109000" k="284512.000000"/>
<Bond class1="C136" class2="C136" length="0.152900" k="224262.400000"/>
<Bond class1="H140" class2="C136" length="0.109000" k="284512.000000"/>
<Bond class1="H140" class2="C136" length="0.109000" k="284512.000000"/>
<Bond class1="C136" class2="C136" length="0.152900" k="224262.400000"/>
<Bond class1="H140" class2="C136" length="0.109000" k="284512.000000"/>
<Bond class1="H140" class2="C136" length="0.109000" k="284512.000000"/>
<Bond class1="C136" class2="C136" length="0.152900" k="224262.400000"/>
<Bond class1="H140" class2="C136" length="0.109000" k="284512.000000"/>
<Bond class1="H140" class2="C136" length="0.109000" k="284512.000000"/>
<Bond class1="C136" class2="C136" length="0.152900" k="224262.400000"/>
<Bond class1="H140" class2="C136" length="0.109000" k="284512.000000"/>
<Bond class1="H140" class2="C136" length="0.109000" k="284512.000000"/>
<Bond class1="C135" class2="C136" length="0.152900" k="224262.400000"/>
<Bond class1="H140" class2="C136" length="0.109000" k="284512.000000"/>
<Bond class1="H140" class2="C136" length="0.109000" k="284512.000000"/>
<Bond class1="H140" class2="C135" length="0.109000" k="284512.000000"/>
<Bond class1="H140" class2="C135" length="0.109000" k="284512.000000"/>
<Bond class1="H140" class2="C135" length="0.109000" k="284512.000000"/>
<Bond class1="C136" class2="C136" length="0.152900" k="224262.400000"/>
<Bond class1="H140" class2="C136" length="0.109000" k="284512.000000"/>
<Bond class1="H140" class2="C136" length="0.109000" k="284512.000000"/>
<Bond class1="C136" class2="C136" length="0.152900" k="224262.400000"/>
<Bond class1="H140" class2="C136" length="0.109000" k="284512.000000"/>
<Bond class1="H140" class2="C136" length="0.109000" k="284512.000000"/>
<Bond class1="C136" class2="C136" length="0.152900" k="224262.400000"/>
<Bond class1="H140" class2="C136" length="0.109000" k="284512.000000"/>
<Bond class1="H140" class2="C136" length="0.109000" k="284512.000000"/>
<Bond class1="C136" class2="C136" length="0.152900" k="224262.400000"/>
<Bond class1="H140" class2="C136" length="0.109000" k="284512.000000"/>
<Bond class1="H140" class2="C136" length="0.109000" k="284512.000000"/>
<Bond class1="C135" class2="C136" length="0.152900" k="224262.400000"/>
<Bond class1="H140" class2="C136" length="0.109000" k="284512.000000"/>
<Bond class1="H140" class2="C136" length="0.109000" k="284512.000000"/>
<Bond class1="H140" class2="C135" length="0.109000" k="284512.000000"/>
<Bond class1="H140" class2="C135" length="0.109000" k="284512.000000"/>
<Bond class1="H140" class2="C135" length="0.109000" k="284512.000000"/>
</HarmonicBondForce>
<HarmonicAngleForce>
<Angle class1="C136" class2="C136" class3="C136" angle="1.966986" k="488.272800"/>
<Angle class1="C136" class2="C136" class3="H140" angle="1.932079" k="313.800000"/>
<Angle class1="C136" class2="C136" class3="C135" angle="1.966986" k="488.272800"/>
<Angle class1="C136" class2="C135" class3="H140" angle="1.932079" k="313.800000"/>
<Angle class1="H140" class2="C136" class3="H140" angle="1.881465" k="276.144000"/>
<Angle class1="C135" class2="C136" class3="H140" angle="1.932079" k="313.800000"/>
<Angle class1="H140" class2="C135" class3="H140" angle="1.881465" k="276.144000"/>
</HarmonicAngleForce>
<PeriodicTorsionForce>
<Proper class1="C135" class2="C136" class3="C136" class4="C136" k1="2.719600" k2="-0.418400" k3="0.418400" k4="0.000000" periodicity1="1" periodicity2="2" periodicity3="3" periodicity4="4" phase1="0.00" phase2="3.141592653589793" phase3="0.00" phase4="3.141592653589793"/>
<Proper class1="C135" class2="C136" class3="C136" class4="H140" k1="0.000000" k2="0.000000" k3="0.627600" k4="0.000000" periodicity1="1" periodicity2="2" periodicity3="3" periodicity4="4" phase1="0.00" phase2="3.141592653589793" phase3="0.00" phase4="3.141592653589793"/>
<Proper class1="C136" class2="C136" class3="C136" class4="C136" k1="2.719600" k2="-0.418400" k3="0.418400" k4="0.000000" periodicity1="1" periodicity2="2" periodicity3="3" periodicity4="4" phase1="0.00" phase2="3.141592653589793" phase3="0.00" phase4="3.141592653589793"/>
<Proper class1="C136" class2="C136" class3="C136" class4="H140" k1="0.000000" k2="0.000000" k3="0.627600" k4="0.000000" periodicity1="1" periodicity2="2" periodicity3="3" periodicity4="4" phase1="0.00" phase2="3.141592653589793" phase3="0.00" phase4="3.141592653589793"/>
<Proper class1="H140" class2="C135" class3="C136" class4="C136" k1="0.000000" k2="0.000000" k3="0.627600" k4="0.000000" periodicity1="1" periodicity2="2" periodicity3="3" periodicity4="4" phase1="0.00" phase2="3.141592653589793" phase3="0.00" phase4="3.141592653589793"/>
<Proper class1="H140" class2="C135" class3="C136" class4="H140" k1="0.000000" k2="0.000000" k3="0.627600" k4="0.000000" periodicity1="1" periodicity2="2" periodicity3="3" periodicity4="4" phase1="0.00" phase2="3.141592653589793" phase3="0.00" phase4="3.141592653589793"/>
<Proper class1="H140" class2="C136" class3="C136" class4="C136" k1="0.000000" k2="0.000000" k3="0.627600" k4="0.000000" periodicity1="1" periodicity2="2" periodicity3="3" periodicity4="4" phase1="0.00" phase2="3.141592653589793" phase3="0.00" phase4="3.141592653589793"/>
<Proper class1="H140" class2="C136" class3="C136" class4="H140" k1="0.000000" k2="0.000000" k3="0.627600" k4="0.000000" periodicity1="1" periodicity2="2" periodicity3="3" periodicity4="4" phase1="0.00" phase2="3.141592653589793" phase3="0.00" phase4="3.141592653589793"/>
</PeriodicTorsionForce>
<NonbondedForce coulomb14scale="0.5" lj14scale="0.5">
<Atom type="opls_136" charge="-0.120000" sigma="0.350000" epsilon="0.276144" />
<Atom type="opls_135" charge="-0.180000" sigma="0.350000" epsilon="0.276144" />
<Atom type="opls_140" charge="0.060000" sigma="0.250000" epsilon="0.125520" />
</NonbondedForce>
</ForceField>
