<ForceField>
<AtomTypes>
<Type name="opls_140" class="H140" element="H" mass="1.008000" />
<Type name="opls_593" class="C593" element="C" mass="12.011000" />
<Type name="opls_599" class="H599" element="H" mass="1.008000" />
<Type name="opls_588" class="C588" element="C" mass="12.011000" />
<Type name="opls_592" class="C592" element="C" mass="12.011000" />
<Type name="opls_595" class="C595" element="C" mass="12.011000" />
<Type name="opls_602" class="H602" element="H" mass="1.008000" />
<Type name="opls_600" class="H600" element="H" mass="1.008000" />
<Type name="opls_590" class="C590" element="C" mass="12.011000" />
<Type name="opls_689" class="C689" element="C" mass="12.011000" />
<Type name="opls_589" class="C589" element="C" mass="12.011000" />
<Type name="opls_587" class="N587" element="N" mass="14.007000" />
<Type name="opls_597" class="H597" element="H" mass="1.008000" />
<Type name="opls_596" class="H596" element="H" mass="1.008000" />
<Type name="opls_601" class="H601" element="H" mass="1.008000" />
<Type name="opls_594" class="C594" element="C" mass="12.011000" />
<Type name="opls_591" class="C591" element="C" mass="12.011000" />
</AtomTypes>
<Residues>
<Residue name="NEU">
<Atom name="C00" type="opls_594" />
<Atom name="C01" type="opls_593" />
<Atom name="C02" type="opls_592" />
<Atom name="C03" type="opls_595" />
<Atom name="C04" type="opls_590" />
<Atom name="C05" type="opls_591" />
<Atom name="N06" type="opls_587" />
<Atom name="C07" type="opls_589" />
<Atom name="C08" type="opls_588" />
<Atom name="H09" type="opls_602" />
<Atom name="H0A" type="opls_601" />
<Atom name="H0B" type="opls_599" />
<Atom name="H0C" type="opls_600" />
<Atom name="H0D" type="opls_596" />
<Atom name="C0E" type="opls_689" />
<Atom name="H0F" type="opls_597" />
<Atom name="H0G" type="opls_140" />
<Atom name="H0H" type="opls_140" />
<Atom name="H0I" type="opls_140" />
<Bond from="0" to="1"/>
<Bond from="1" to="2"/>
<Bond from="0" to="3"/>
<Bond from="3" to="4"/>
<Bond from="2" to="5"/>
<Bond from="0" to="6"/>
<Bond from="3" to="7"/>
<Bond from="6" to="8"/>
<Bond from="1" to="9"/>
<Bond from="2" to="10"/>
<Bond from="4" to="11"/>
<Bond from="5" to="12"/>
<Bond from="6" to="13"/>
<Bond from="7" to="14"/>
<Bond from="8" to="15"/>
<Bond from="14" to="16"/>
<Bond from="14" to="17"/>
<Bond from="14" to="18"/>
<Bond from="4" to="5"/>
<Bond from="7" to="8"/>
</Residue>
</Residues>
<HarmonicBondForce>
<Bond class1="C593" class2="C594" length="0.136700" k="456892.800000"/>
<Bond class1="C592" class2="C593" length="0.140000" k="392459.200000"/>
<Bond class1="C595" class2="C594" length="0.136700" k="456892.800000"/>
<Bond class1="C590" class2="C595" length="0.140000" k="392459.200000"/>
<Bond class1="C591" class2="C592" length="0.140000" k="392459.200000"/>
<Bond class1="N587" class2="C594" length="0.138100" k="357313.600000"/>
<Bond class1="C589" class2="C595" length="0.142400" k="392459.200000"/>
<Bond class1="C588" class2="N587" length="0.138100" k="357313.600000"/>
<Bond class1="H602" class2="C593" length="0.108000" k="307105.600000"/>
<Bond class1="H601" class2="C592" length="0.108000" k="307105.600000"/>
<Bond class1="H599" class2="C590" length="0.108000" k="307105.600000"/>
<Bond class1="H600" class2="C591" length="0.108000" k="307105.600000"/>
<Bond class1="H596" class2="N587" length="0.101000" k="363171.200000"/>
<Bond class1="C689" class2="C589" length="0.149500" k="265265.600000"/>
<Bond class1="H597" class2="C588" length="0.108000" k="307105.600000"/>
<Bond class1="H140" class2="C689" length="0.109000" k="284512.000000"/>
<Bond class1="H140" class2="C689" length="0.109000" k="284512.000000"/>
<Bond class1="H140" class2="C689" length="0.109000" k="284512.000000"/>
<Bond class1="C591" class2="C590" length="0.140000" k="392459.200000"/>
<Bond class1="C588" class2="C589" length="0.136700" k="456892.800000"/>
</HarmonicBondForce>
<HarmonicAngleForce>
<Angle class1="C594" class2="C593" class3="C592" angle="1.874484" k="585.760000"/>
<Angle class1="C593" class2="C594" class3="C595" angle="2.305580" k="585.760000"/>
<Angle class1="C594" class2="C595" class3="C590" angle="1.874484" k="585.760000"/>
<Angle class1="C593" class2="C592" class3="C591" angle="2.094395" k="527.184000"/>
<Angle class1="C593" class2="C594" class3="N587" angle="2.122320" k="585.760000"/>
<Angle class1="C594" class2="C595" class3="C589" angle="1.872738" k="585.760000"/>
<Angle class1="C594" class2="N587" class3="C588" angle="1.916372" k="585.760000"/>
<Angle class1="C594" class2="C593" class3="H602" angle="2.214823" k="292.880000"/>
<Angle class1="C593" class2="C592" class3="H601" angle="2.094395" k="292.880000"/>
<Angle class1="C595" class2="C590" class3="H599" angle="2.094395" k="292.880000"/>
<Angle class1="C592" class2="C591" class3="H600" angle="2.094395" k="292.880000"/>
<Angle class1="C594" class2="N587" class3="H596" angle="2.164208" k="292.880000"/>
<Angle class1="C595" class2="C589" class3="C689" angle="2.094395" k="585.760000"/>
<Angle class1="N587" class2="C588" class3="H597" angle="2.122320" k="292.880000"/>
<Angle class1="C589" class2="C689" class3="H140" angle="1.911136" k="292.880000"/>
<Angle class1="C591" class2="C592" class3="H601" angle="2.094395" k="292.880000"/>
<Angle class1="H140" class2="C689" class3="H140" angle="1.881465" k="276.144000"/>
<Angle class1="C588" class2="N587" class3="H596" angle="2.164208" k="292.880000"/>
<Angle class1="C591" class2="C590" class3="H599" angle="2.094395" k="292.880000"/>
<Angle class1="C592" class2="C591" class3="C590" angle="2.094395" k="527.184000"/>
<Angle class1="C595" class2="C590" class3="C591" angle="2.094395" k="527.184000"/>
<Angle class1="C595" class2="C594" class3="N587" angle="1.879720" k="585.760000"/>
<Angle class1="C588" class2="C589" class3="C689" angle="2.181662" k="585.760000"/>
<Angle class1="N587" class2="C588" class3="C589" angle="1.879720" k="585.760000"/>
<Angle class1="C589" class2="C588" class3="H597" angle="2.305580" k="292.880000"/>
<Angle class1="C590" class2="C595" class3="C589" angle="2.094395" k="527.184000"/>
<Angle class1="C590" class2="C591" class3="H600" angle="2.094395" k="292.880000"/>
<Angle class1="C595" class2="C589" class3="C588" angle="1.872738" k="585.760000"/>
<Angle class1="C592" class2="C593" class3="H602" angle="2.094395" k="292.880000"/>
</HarmonicAngleForce>
<PeriodicTorsionForce>
<Proper class1="C588" class2="C589" class3="C595" class4="C590" k1="0.000000" k2="15.167000" k3="0.000000" k4="0.000000" periodicity1="1" periodicity2="2" periodicity3="3" periodicity4="4" phase1="0.00" phase2="3.141592653589793" phase3="0.00" phase4="3.141592653589793"/>
<Proper class1="C588" class2="N587" class3="C594" class4="C593" k1="0.000000" k2="10.460000" k3="0.000000" k4="0.000000" periodicity1="1" periodicity2="2" periodicity3="3" periodicity4="4" phase1="0.00" phase2="3.141592653589793" phase3="0.00" phase4="3.141592653589793"/>
<Proper class1="C589" class2="C595" class3="C590" class4="C591" k1="0.000000" k2="3.117080" k3="0.000000" k4="0.000000" periodicity1="1" periodicity2="2" periodicity3="3" periodicity4="4" phase1="0.00" phase2="3.141592653589793" phase3="0.00" phase4="3.141592653589793"/>
<Proper class1="C589" class2="C595" class3="C594" class4="C593" k1="0.000000" k2="15.167000" k3="0.000000" k4="0.000000" periodicity1="1" periodicity2="2" periodicity3="3" periodicity4="4" phase1="0.00" phase2="3.141592653589793" phase3="0.00" phase4="3.141592653589793"/>
<Proper class1="C590" class2="C591" class3="C592" class4="C593" k1="0.000000" k2="15.167000" k3="0.000000" k4="0.000000" periodicity1="1" periodicity2="2" periodicity3="3" periodicity4="4" phase1="0.00" phase2="3.141592653589793" phase3="0.00" phase4="3.141592653589793"/>
<Proper class1="C590" class2="C595" class3="C594" class4="C593" k1="0.000000" k2="15.167000" k3="0.000000" k4="0.000000" periodicity1="1" periodicity2="2" periodicity3="3" periodicity4="4" phase1="0.00" phase2="3.141592653589793" phase3="0.00" phase4="3.141592653589793"/>
<Proper class1="C591" class2="C590" class3="C595" class4="C594" k1="0.000000" k2="3.117080" k3="0.000000" k4="0.000000" periodicity1="1" periodicity2="2" periodicity3="3" periodicity4="4" phase1="0.00" phase2="3.141592653589793" phase3="0.00" phase4="3.141592653589793"/>
<Proper class1="C591" class2="C592" class3="C593" class4="C594" k1="0.000000" k2="15.167000" k3="0.000000" k4="0.000000" periodicity1="1" periodicity2="2" periodicity3="3" periodicity4="4" phase1="0.00" phase2="3.141592653589793" phase3="0.00" phase4="3.141592653589793"/>
<Proper class1="C595" class2="C590" class3="C591" class4="C592" k1="0.000000" k2="15.167000" k3="0.000000" k4="0.000000" periodicity1="1" periodicity2="2" periodicity3="3" periodicity4="4" phase1="0.00" phase2="3.141592653589793" phase3="0.00" phase4="3.141592653589793"/>
<Proper class1="C595" class2="C594" class3="C593" class4="C592" k1="0.000000" k2="3.117080" k3="0.000000" k4="0.000000" periodicity1="1" periodicity2="2" periodicity3="3" periodicity4="4" phase1="0.00" phase2="3.141592653589793" phase3="0.00" phase4="3.141592653589793"/>
<Proper class1="C689" class2="C589" class3="C588" class4="N587" k1="0.000000" k2="15.167000" k3="0.000000" k4="0.000000" periodicity1="1" periodicity2="2" periodicity3="3" periodicity4="4" phase1="0.00" phase2="3.141592653589793" phase3="0.00" phase4="3.141592653589793"/>
<Proper class1="C689" class2="C589" class3="C595" class4="C590" k1="0.000000" k2="15.167000" k3="0.000000" k4="0.000000" periodicity1="1" periodicity2="2" periodicity3="3" periodicity4="4" phase1="0.00" phase2="3.141592653589793" phase3="0.00" phase4="3.141592653589793"/>
<Proper class1="C689" class2="C589" class3="C595" class4="C594" k1="0.000000" k2="15.167000" k3="0.000000" k4="0.000000" periodicity1="1" periodicity2="2" periodicity3="3" periodicity4="4" phase1="0.00" phase2="3.141592653589793" phase3="0.00" phase4="3.141592653589793"/>
<Proper class1="H140" class2="C689" class3="C589" class4="C588" k1="0.000000" k2="0.000000" k3="0.000000" k4="0.000000" periodicity1="1" periodicity2="2" periodicity3="3" periodicity4="4" phase1="0.00" phase2="3.141592653589793" phase3="0.00" phase4="3.141592653589793"/>
<Proper class1="H140" class2="C689" class3="C589" class4="C595" k1="0.000000" k2="0.000000" k3="0.000000" k4="0.000000" periodicity1="1" periodicity2="2" periodicity3="3" periodicity4="4" phase1="0.00" phase2="3.141592653589793" phase3="0.00" phase4="3.141592653589793"/>
<Proper class1="H596" class2="N587" class3="C588" class4="C589" k1="0.000000" k2="10.460000" k3="0.000000" k4="0.000000" periodicity1="1" periodicity2="2" periodicity3="3" periodicity4="4" phase1="0.00" phase2="3.141592653589793" phase3="0.00" phase4="3.141592653589793"/>
<Proper class1="H596" class2="N587" class3="C594" class4="C593" k1="0.000000" k2="10.460000" k3="0.000000" k4="0.000000" periodicity1="1" periodicity2="2" periodicity3="3" periodicity4="4" phase1="0.00" phase2="3.141592653589793" phase3="0.00" phase4="3.141592653589793"/>
<Proper class1="H596" class2="N587" class3="C594" class4="C595" k1="0.000000" k2="10.460000" k3="0.000000" k4="0.000000" periodicity1="1" periodicity2="2" periodicity3="3" periodicity4="4" phase1="0.00" phase2="3.141592653589793" phase3="0.00" phase4="3.141592653589793"/>
<Proper class1="H597" class2="C588" class3="C589" class4="C595" k1="0.000000" k2="15.167000" k3="0.000000" k4="0.000000" periodicity1="1" periodicity2="2" periodicity3="3" periodicity4="4" phase1="0.00" phase2="3.141592653589793" phase3="0.00" phase4="3.141592653589793"/>
<Proper class1="H597" class2="C588" class3="C589" class4="C689" k1="0.000000" k2="15.167000" k3="0.000000" k4="0.000000" periodicity1="1" periodicity2="2" periodicity3="3" periodicity4="4" phase1="0.00" phase2="3.141592653589793" phase3="0.00" phase4="3.141592653589793"/>
<Proper class1="H597" class2="C588" class3="N587" class4="C594" k1="0.000000" k2="10.460000" k3="0.000000" k4="0.000000" periodicity1="1" periodicity2="2" periodicity3="3" periodicity4="4" phase1="0.00" phase2="3.141592653589793" phase3="0.00" phase4="3.141592653589793"/>
<Proper class1="H597" class2="C588" class3="N587" class4="H596" k1="0.000000" k2="10.460000" k3="0.000000" k4="0.000000" periodicity1="1" periodicity2="2" periodicity3="3" periodicity4="4" phase1="0.00" phase2="3.141592653589793" phase3="0.00" phase4="3.141592653589793"/>
<Proper class1="H599" class2="C590" class3="C591" class4="C592" k1="0.000000" k2="15.167000" k3="0.000000" k4="0.000000" periodicity1="1" periodicity2="2" periodicity3="3" periodicity4="4" phase1="0.00" phase2="3.141592653589793" phase3="0.00" phase4="3.141592653589793"/>
<Proper class1="H599" class2="C590" class3="C595" class4="C589" k1="0.000000" k2="15.167000" k3="0.000000" k4="0.000000" periodicity1="1" periodicity2="2" periodicity3="3" periodicity4="4" phase1="0.00" phase2="3.141592653589793" phase3="0.00" phase4="3.141592653589793"/>
<Proper class1="H599" class2="C590" class3="C595" class4="C594" k1="0.000000" k2="15.167000" k3="0.000000" k4="0.000000" periodicity1="1" periodicity2="2" periodicity3="3" periodicity4="4" phase1="0.00" phase2="3.141592653589793" phase3="0.00" phase4="3.141592653589793"/>
<Proper class1="H600" class2="C591" class3="C590" class4="C595" k1="0.000000" k2="15.167000" k3="0.000000" k4="0.000000" periodicity1="1" periodicity2="2" periodicity3="3" periodicity4="4" phase1="0.00" phase2="3.141592653589793" phase3="0.00" phase4="3.141592653589793"/>
<Proper class1="H600" class2="C591" class3="C590" class4="H599" k1="0.000000" k2="15.167000" k3="0.000000" k4="0.000000" periodicity1="1" periodicity2="2" periodicity3="3" periodicity4="4" phase1="0.00" phase2="3.141592653589793" phase3="0.00" phase4="3.141592653589793"/>
<Proper class1="H600" class2="C591" class3="C592" class4="C593" k1="0.000000" k2="15.167000" k3="0.000000" k4="0.000000" periodicity1="1" periodicity2="2" periodicity3="3" periodicity4="4" phase1="0.00" phase2="3.141592653589793" phase3="0.00" phase4="3.141592653589793"/>
<Proper class1="H600" class2="C591" class3="C592" class4="H601" k1="0.000000" k2="15.167000" k3="0.000000" k4="0.000000" periodicity1="1" periodicity2="2" periodicity3="3" periodicity4="4" phase1="0.00" phase2="3.141592653589793" phase3="0.00" phase4="3.141592653589793"/>
<Proper class1="H601" class2="C592" class3="C591" class4="C590" k1="0.000000" k2="15.167000" k3="0.000000" k4="0.000000" periodicity1="1" periodicity2="2" periodicity3="3" periodicity4="4" phase1="0.00" phase2="3.141592653589793" phase3="0.00" phase4="3.141592653589793"/>
<Proper class1="H601" class2="C592" class3="C593" class4="C594" k1="0.000000" k2="15.167000" k3="0.000000" k4="0.000000" periodicity1="1" periodicity2="2" periodicity3="3" periodicity4="4" phase1="0.00" phase2="3.141592653589793" phase3="0.00" phase4="3.141592653589793"/>
<Proper class1="H601" class2="C592" class3="C593" class4="H602" k1="0.000000" k2="15.167000" k3="0.000000" k4="0.000000" periodicity1="1" periodicity2="2" periodicity3="3" periodicity4="4" phase1="0.00" phase2="3.141592653589793" phase3="0.00" phase4="3.141592653589793"/>
<Proper class1="H602" class2="C593" class3="C592" class4="C591" k1="0.000000" k2="15.167000" k3="0.000000" k4="0.000000" periodicity1="1" periodicity2="2" periodicity3="3" periodicity4="4" phase1="0.00" phase2="3.141592653589793" phase3="0.00" phase4="3.141592653589793"/>
<Proper class1="H602" class2="C593" class3="C594" class4="C595" k1="0.000000" k2="15.167000" k3="0.000000" k4="0.000000" periodicity1="1" periodicity2="2" periodicity3="3" periodicity4="4" phase1="0.00" phase2="3.141592653589793" phase3="0.00" phase4="3.141592653589793"/>
<Proper class1="H602" class2="C593" class3="C594" class4="N587" k1="0.000000" k2="15.167000" k3="0.000000" k4="0.000000" periodicity1="1" periodicity2="2" periodicity3="3" periodicity4="4" phase1="0.00" phase2="3.141592653589793" phase3="0.00" phase4="3.141592653589793"/>
<Proper class1="N587" class2="C594" class3="C593" class4="C592" k1="0.000000" k2="4.539640" k3="0.000000" k4="0.000000" periodicity1="1" periodicity2="2" periodicity3="3" periodicity4="4" phase1="0.00" phase2="3.141592653589793" phase3="0.00" phase4="3.141592653589793"/>
<Proper class1="N587" class2="C594" class3="C595" class4="C590" k1="0.000000" k2="15.167000" k3="0.000000" k4="0.000000" periodicity1="1" periodicity2="2" periodicity3="3" periodicity4="4" phase1="0.00" phase2="3.141592653589793" phase3="0.00" phase4="3.141592653589793"/>
<Improper class1="C589" class2="C588" class3="C595" class4="C689" k1="0.000000" k2="10.460000" k3="0.000000" k4="0.000000" periodicity1="1" periodicity2="2" periodicity3="3" periodicity4="4" phase1="0.00" phase2="3.141592653589793" phase3="0.00" phase4="3.141592653589793"/>
<Improper class1="C588" class2="H597" class3="N587" class4="C589" k1="0.000000" k2="10.460000" k3="0.000000" k4="0.000000" periodicity1="1" periodicity2="2" periodicity3="3" periodicity4="4" phase1="0.00" phase2="3.141592653589793" phase3="0.00" phase4="3.141592653589793"/>
<Improper class1="C595" class2="C594" class3="C590" class4="C589" k1="0.000000" k2="10.460000" k3="0.000000" k4="0.000000" periodicity1="1" periodicity2="2" periodicity3="3" periodicity4="4" phase1="0.00" phase2="3.141592653589793" phase3="0.00" phase4="3.141592653589793"/>
<Improper class1="C591" class2="H600" class3="C592" class4="C590" k1="0.000000" k2="10.460000" k3="0.000000" k4="0.000000" periodicity1="1" periodicity2="2" periodicity3="3" periodicity4="4" phase1="0.00" phase2="3.141592653589793" phase3="0.00" phase4="3.141592653589793"/>
<Improper class1="C592" class2="C593" class3="H601" class4="C591" k1="0.000000" k2="10.460000" k3="0.000000" k4="0.000000" periodicity1="1" periodicity2="2" periodicity3="3" periodicity4="4" phase1="0.00" phase2="3.141592653589793" phase3="0.00" phase4="3.141592653589793"/>
<Improper class1="C594" class2="C593" class3="C595" class4="N587" k1="0.000000" k2="10.460000" k3="0.000000" k4="0.000000" periodicity1="1" periodicity2="2" periodicity3="3" periodicity4="4" phase1="0.00" phase2="3.141592653589793" phase3="0.00" phase4="3.141592653589793"/>
<Improper class1="C593" class2="C594" class3="C592" class4="H602" k1="0.000000" k2="10.460000" k3="0.000000" k4="0.000000" periodicity1="1" periodicity2="2" periodicity3="3" periodicity4="4" phase1="0.00" phase2="3.141592653589793" phase3="0.00" phase4="3.141592653589793"/>
<Improper class1="C590" class2="C595" class3="H599" class4="C591" k1="0.000000" k2="10.460000" k3="0.000000" k4="0.000000" periodicity1="1" periodicity2="2" periodicity3="3" periodicity4="4" phase1="0.00" phase2="3.141592653589793" phase3="0.00" phase4="3.141592653589793"/>
</PeriodicTorsionForce>
<NonbondedForce coulomb14scale="0.5" lj14scale="0.5">
<Atom type="opls_599" charge="0.155000" sigma="0.242000" epsilon="0.125520" />
<Atom type="opls_594" charge="0.220000" sigma="0.355000" epsilon="0.292880" />
<Atom type="opls_595" charge="0.225000" sigma="0.355000" epsilon="0.292880" />
<Atom type="opls_591" charge="-0.127000" sigma="0.355000" epsilon="0.292880" />
<Atom type="opls_601" charge="0.110000" sigma="0.242000" epsilon="0.125520" />
<Atom type="opls_597" charge="0.147000" sigma="0.242000" epsilon="0.125520" />
<Atom type="opls_587" charge="-0.500000" sigma="0.325000" epsilon="0.711280" />
<Atom type="opls_689" charge="-0.008000" sigma="0.350000" epsilon="0.276144" />
<Atom type="opls_593" charge="-0.258000" sigma="0.355000" epsilon="0.292880" />
<Atom type="opls_590" charge="-0.270000" sigma="0.355000" epsilon="0.292880" />
<Atom type="opls_588" charge="0.001000" sigma="0.355000" epsilon="0.292880" />
<Atom type="opls_589" charge="-0.390000" sigma="0.355000" epsilon="0.292880" />
<Atom type="opls_602" charge="0.140000" sigma="0.242000" epsilon="0.125520" />
<Atom type="opls_592" charge="-0.108000" sigma="0.355000" epsilon="0.292880" />
<Atom type="opls_600" charge="0.107000" sigma="0.242000" epsilon="0.125520" />
<Atom type="opls_140" charge="0.060000" sigma="0.250000" epsilon="0.125520" />
<Atom type="opls_596" charge="0.376000" sigma="0.000000" epsilon="0.000000" />
</NonbondedForce>
</ForceField>
