<ForceField>
<AtomTypes>
<Type name="opls_415" class="C415" element="C" mass="12.011000" />
<Type name="opls_416" class="H416" element="H" mass="1.008000" />
<Type name="opls_417" class="S417" element="S" mass="32.060000" />
</AtomTypes>
<Residues>
<Residue name="NEG">
<Atom name="C00" type="opls_415" />
<Atom name="S01" type="opls_417" />
<Atom name="H02" type="opls_416" />
<Atom name="H03" type="opls_416" />
<Atom name="H04" type="opls_416" />
<Bond from="0" to="1"/>
<Bond from="0" to="2"/>
<Bond from="0" to="3"/>
<Bond from="0" to="4"/>
</Residue>
</Residues>
<HarmonicBondForce>
<Bond class1="S417" class2="C415" length="0.181000" k="185769.600000"/>
<Bond class1="H416" class2="C415" length="0.109000" k="284512.000000"/>
<Bond class1="H416" class2="C415" length="0.109000" k="284512.000000"/>
<Bond class1="H416" class2="C415" length="0.109000" k="284512.000000"/>
</HarmonicBondForce>
<HarmonicAngleForce>
<Angle class1="S417" class2="C415" class3="H416" angle="1.911136" k="292.880000"/>
<Angle class1="H416" class2="C415" class3="H416" angle="1.881465" k="276.144000"/>
</HarmonicAngleForce>
<PeriodicTorsionForce>
</PeriodicTorsionForce>
<NonbondedForce coulomb14scale="0.5" lj14scale="0.5">
<Atom type="opls_416" charge="0.100000" sigma="0.250000" epsilon="0.209200" />
<Atom type="opls_415" charge="-0.400000" sigma="0.420000" epsilon="1.255200" />
<Atom type="opls_417" charge="-0.900000" sigma="0.425000" epsilon="2.092000" />
</NonbondedForce>
</ForceField>
