<ForceField>
<AtomTypes>
<Type name="opls_269" class="O269" element="O" mass="15.999000" />
<Type name="opls_155" class="H155" element="H" mass="1.008000" />
<Type name="opls_154" class="O154" element="O" mass="15.999000" />
<Type name="opls_465" class="C465" element="C" mass="12.011000" />
<Type name="opls_270" class="H270" element="H" mass="1.008000" />
<Type name="opls_466" class="O466" element="O" mass="15.999000" />
<Type name="opls_467" class="O467" element="O" mass="15.999000" />
<Type name="opls_469" class="H469" element="H" mass="1.008000" />
<Type name="opls_140" class="H140" element="H" mass="1.008000" />
<Type name="opls_267" class="C267" element="C" mass="12.011000" />
<Type name="opls_268" class="O268" element="O" mass="15.999000" />
<Type name="opls_491" class="C491" element="C" mass="12.011000" />
<Type name="opls_135" class="C135" element="C" mass="12.011000" />
<Type name="opls_158" class="C158" element="C" mass="12.011000" />
</AtomTypes>
<Residues>
<Residue name="NEU">
<Atom name="C00" type="opls_491" />
<Atom name="C01" type="opls_135" />
<Atom name="C02" type="opls_465" />
<Atom name="O03" type="opls_467" />
<Atom name="H04" type="opls_469" />
<Atom name="H05" type="opls_140" />
<Atom name="H06" type="opls_140" />
<Atom name="H07" type="opls_140" />
<Atom name="O08" type="opls_467" />
<Atom name="O09" type="opls_466" />
<Atom name="C0A" type="opls_491" />
<Atom name="C0B" type="opls_135" />
<Atom name="C0C" type="opls_267" />
<Atom name="H0D" type="opls_469" />
<Atom name="H0E" type="opls_140" />
<Atom name="H0F" type="opls_140" />
<Atom name="H0G" type="opls_140" />
<Atom name="O0H" type="opls_268" />
<Atom name="O0I" type="opls_269" />
<Atom name="H0J" type="opls_270" />
<Atom name="C0K" type="opls_465" />
<Atom name="C0M" type="opls_158" />
<Atom name="O0N" type="opls_466" />
<Atom name="C0O" type="opls_135" />
<Atom name="O0P" type="opls_154" />
<Atom name="H0Q" type="opls_140" />
<Atom name="H0R" type="opls_140" />
<Atom name="H0S" type="opls_140" />
<Atom name="H0T" type="opls_140" />
<Atom name="H0U" type="opls_155" />
<Bond from="0" to="1"/>
<Bond from="0" to="2"/>
<Bond from="0" to="3"/>
<Bond from="0" to="4"/>
<Bond from="1" to="5"/>
<Bond from="1" to="6"/>
<Bond from="1" to="7"/>
<Bond from="2" to="8"/>
<Bond from="2" to="9"/>
<Bond from="8" to="10"/>
<Bond from="10" to="11"/>
<Bond from="10" to="12"/>
<Bond from="10" to="13"/>
<Bond from="11" to="14"/>
<Bond from="11" to="15"/>
<Bond from="11" to="16"/>
<Bond from="12" to="17"/>
<Bond from="12" to="18"/>
<Bond from="17" to="19"/>
<Bond from="3" to="20"/>
<Bond from="20" to="21"/>
<Bond from="20" to="22"/>
<Bond from="21" to="23"/>
<Bond from="21" to="24"/>
<Bond from="21" to="25"/>
<Bond from="23" to="26"/>
<Bond from="23" to="27"/>
<Bond from="23" to="28"/>
<Bond from="24" to="29"/>
</Residue>
</Residues>
<HarmonicBondForce>
<Bond class1="C135" class2="C491" length="0.152900" k="224262.400000"/>
<Bond class1="C465" class2="C491" length="0.152200" k="265265.600000"/>
<Bond class1="O467" class2="C491" length="0.141000" k="267776.000000"/>
<Bond class1="H469" class2="C491" length="0.109000" k="284512.000000"/>
<Bond class1="H140" class2="C135" length="0.109000" k="284512.000000"/>
<Bond class1="H140" class2="C135" length="0.109000" k="284512.000000"/>
<Bond class1="H140" class2="C135" length="0.109000" k="284512.000000"/>
<Bond class1="O467" class2="C465" length="0.132700" k="179075.200000"/>
<Bond class1="O466" class2="C465" length="0.122900" k="476976.000000"/>
<Bond class1="C491" class2="O467" length="0.141000" k="267776.000000"/>
<Bond class1="C135" class2="C491" length="0.152900" k="224262.400000"/>
<Bond class1="C267" class2="C491" length="0.152200" k="265265.600000"/>
<Bond class1="H469" class2="C491" length="0.109000" k="284512.000000"/>
<Bond class1="H140" class2="C135" length="0.109000" k="284512.000000"/>
<Bond class1="H140" class2="C135" length="0.109000" k="284512.000000"/>
<Bond class1="H140" class2="C135" length="0.109000" k="284512.000000"/>
<Bond class1="O268" class2="C267" length="0.136400" k="376560.000000"/>
<Bond class1="O269" class2="C267" length="0.122900" k="476976.000000"/>
<Bond class1="H270" class2="O268" length="0.094500" k="462750.400000"/>
<Bond class1="C465" class2="O467" length="0.132700" k="179075.200000"/>
<Bond class1="C158" class2="C465" length="0.152200" k="265265.600000"/>
<Bond class1="O466" class2="C465" length="0.122900" k="476976.000000"/>
<Bond class1="C135" class2="C158" length="0.152900" k="224262.400000"/>
<Bond class1="O154" class2="C158" length="0.141000" k="267776.000000"/>
<Bond class1="H140" class2="C158" length="0.109000" k="284512.000000"/>
<Bond class1="H140" class2="C135" length="0.109000" k="284512.000000"/>
<Bond class1="H140" class2="C135" length="0.109000" k="284512.000000"/>
<Bond class1="H140" class2="C135" length="0.109000" k="284512.000000"/>
<Bond class1="H155" class2="O154" length="0.094500" k="462750.400000"/>
</HarmonicBondForce>
<HarmonicAngleForce>
<Angle class1="C135" class2="C491" class3="C465" angle="1.939061" k="527.184000"/>
<Angle class1="C135" class2="C491" class3="O467" angle="1.911136" k="418.400000"/>
<Angle class1="C135" class2="C491" class3="H469" angle="1.932079" k="313.800000"/>
<Angle class1="C491" class2="C135" class3="H140" angle="1.932079" k="313.800000"/>
<Angle class1="C491" class2="C465" class3="O467" angle="1.944297" k="677.808000"/>
<Angle class1="C491" class2="C465" class3="O466" angle="2.101376" k="669.440000"/>
<Angle class1="C465" class2="O467" class3="C491" angle="2.040290" k="694.544000"/>
<Angle class1="O467" class2="C491" class3="C135" angle="1.911136" k="418.400000"/>
<Angle class1="O467" class2="C491" class3="C267" angle="1.911136" k="418.400000"/>
<Angle class1="O467" class2="C491" class3="H469" angle="1.911136" k="292.880000"/>
<Angle class1="C491" class2="C267" class3="O268" angle="1.884956" k="585.760000"/>
<Angle class1="C491" class2="C267" class3="O269" angle="2.101376" k="669.440000"/>
<Angle class1="C267" class2="O268" class3="H270" angle="1.972222" k="292.880000"/>
<Angle class1="C491" class2="O467" class3="C465" angle="2.040290" k="694.544000"/>
<Angle class1="O467" class2="C465" class3="C158" angle="1.944297" k="677.808000"/>
<Angle class1="O467" class2="C465" class3="O466" angle="2.153736" k="694.544000"/>
<Angle class1="C465" class2="C158" class3="C135" angle="1.939061" k="527.184000"/>
<Angle class1="C465" class2="C158" class3="O154" angle="1.925622" k="425.931200"/>
<Angle class1="C465" class2="C158" class3="H140" angle="1.911136" k="292.880000"/>
<Angle class1="C158" class2="C135" class3="H140" angle="1.932079" k="313.800000"/>
<Angle class1="C158" class2="O154" class3="H155" angle="1.893682" k="460.240000"/>
<Angle class1="C135" class2="C158" class3="O154" angle="1.911136" k="418.400000"/>
<Angle class1="H140" class2="C135" class3="H140" angle="1.881465" k="276.144000"/>
<Angle class1="C158" class2="C465" class3="O466" angle="2.101376" k="669.440000"/>
<Angle class1="C465" class2="C491" class3="O467" angle="1.911136" k="418.400000"/>
<Angle class1="C135" class2="C158" class3="H140" angle="1.932079" k="313.800000"/>
<Angle class1="C135" class2="C491" class3="C267" angle="1.939061" k="527.184000"/>
<Angle class1="O154" class2="C158" class3="H140" angle="1.911136" k="292.880000"/>
<Angle class1="C267" class2="C491" class3="H469" angle="1.911136" k="292.880000"/>
<Angle class1="O268" class2="C267" class3="O269" angle="2.111848" k="669.440000"/>
<Angle class1="C465" class2="C491" class3="H469" angle="1.911136" k="292.880000"/>
</HarmonicAngleForce>
<PeriodicTorsionForce>
<Proper class1="C135" class2="C158" class3="C465" class4="O466" k1="0.000000" k2="0.000000" k3="0.000000" k4="0.000000" periodicity1="1" periodicity2="2" periodicity3="3" periodicity4="4" phase1="0.00" phase2="3.141592653589793" phase3="0.00" phase4="3.141592653589793"/>
<Proper class1="C135" class2="C158" class3="C465" class4="O467" k1="0.000000" k2="0.000000" k3="-1.156876" k4="0.000000" periodicity1="1" periodicity2="2" periodicity3="3" periodicity4="4" phase1="0.00" phase2="3.141592653589793" phase3="0.00" phase4="3.141592653589793"/>
<Proper class1="C135" class2="C491" class3="O467" class4="C465" k1="-2.552240" k2="-0.263592" k3="0.882824" k4="0.000000" periodicity1="1" periodicity2="2" periodicity3="3" periodicity4="4" phase1="0.00" phase2="3.141592653589793" phase3="0.00" phase4="3.141592653589793"/>
<Proper class1="C158" class2="C465" class3="O467" class4="C491" k1="9.767548" k2="10.719408" k3="0.000000" k4="0.000000" periodicity1="1" periodicity2="2" periodicity3="3" periodicity4="4" phase1="0.00" phase2="3.141592653589793" phase3="0.00" phase4="3.141592653589793"/>
<Proper class1="C267" class2="C491" class3="O467" class4="C465" k1="-2.552240" k2="-0.263592" k3="0.882824" k4="0.000000" periodicity1="1" periodicity2="2" periodicity3="3" periodicity4="4" phase1="0.00" phase2="3.141592653589793" phase3="0.00" phase4="3.141592653589793"/>
<Proper class1="C465" class2="O467" class3="C491" class4="C135" k1="-2.552240" k2="-0.263592" k3="0.882824" k4="0.000000" periodicity1="1" periodicity2="2" periodicity3="3" periodicity4="4" phase1="0.00" phase2="3.141592653589793" phase3="0.00" phase4="3.141592653589793"/>
<Proper class1="C465" class2="O467" class3="C491" class4="C465" k1="-2.552240" k2="-0.263592" k3="0.882824" k4="0.000000" periodicity1="1" periodicity2="2" periodicity3="3" periodicity4="4" phase1="0.00" phase2="3.141592653589793" phase3="0.00" phase4="3.141592653589793"/>
<Proper class1="C465" class2="O467" class3="C491" class4="H469" k1="0.000000" k2="0.000000" k3="0.414216" k4="0.000000" periodicity1="1" periodicity2="2" periodicity3="3" periodicity4="4" phase1="0.00" phase2="3.141592653589793" phase3="0.00" phase4="3.141592653589793"/>
<Proper class1="C491" class2="O467" class3="C465" class4="C491" k1="9.767548" k2="10.719408" k3="0.000000" k4="0.000000" periodicity1="1" periodicity2="2" periodicity3="3" periodicity4="4" phase1="0.00" phase2="3.141592653589793" phase3="0.00" phase4="3.141592653589793"/>
<Proper class1="C491" class2="O467" class3="C465" class4="O466" k1="0.000000" k2="10.719408" k3="0.000000" k4="0.000000" periodicity1="1" periodicity2="2" periodicity3="3" periodicity4="4" phase1="0.00" phase2="3.141592653589793" phase3="0.00" phase4="3.141592653589793"/>
<Proper class1="H140" class2="C135" class3="C158" class4="C465" k1="0.000000" k2="0.000000" k3="-0.209200" k4="0.000000" periodicity1="1" periodicity2="2" periodicity3="3" periodicity4="4" phase1="0.00" phase2="3.141592653589793" phase3="0.00" phase4="3.141592653589793"/>
<Proper class1="H140" class2="C135" class3="C158" class4="H140" k1="0.000000" k2="0.000000" k3="0.627600" k4="0.000000" periodicity1="1" periodicity2="2" periodicity3="3" periodicity4="4" phase1="0.00" phase2="3.141592653589793" phase3="0.00" phase4="3.141592653589793"/>
<Proper class1="H140" class2="C135" class3="C158" class4="O154" k1="0.000000" k2="0.000000" k3="0.979056" k4="0.000000" periodicity1="1" periodicity2="2" periodicity3="3" periodicity4="4" phase1="0.00" phase2="3.141592653589793" phase3="0.00" phase4="3.141592653589793"/>
<Proper class1="H140" class2="C135" class3="C491" class4="C267" k1="0.000000" k2="0.000000" k3="-0.209200" k4="0.000000" periodicity1="1" periodicity2="2" periodicity3="3" periodicity4="4" phase1="0.00" phase2="3.141592653589793" phase3="0.00" phase4="3.141592653589793"/>
<Proper class1="H140" class2="C135" class3="C491" class4="C465" k1="0.000000" k2="0.000000" k3="-0.209200" k4="0.000000" periodicity1="1" periodicity2="2" periodicity3="3" periodicity4="4" phase1="0.00" phase2="3.141592653589793" phase3="0.00" phase4="3.141592653589793"/>
<Proper class1="H140" class2="C135" class3="C491" class4="H469" k1="0.000000" k2="0.000000" k3="0.627600" k4="0.000000" periodicity1="1" periodicity2="2" periodicity3="3" periodicity4="4" phase1="0.00" phase2="3.141592653589793" phase3="0.00" phase4="3.141592653589793"/>
<Proper class1="H140" class2="C135" class3="C491" class4="O467" k1="0.000000" k2="0.000000" k3="0.979056" k4="0.000000" periodicity1="1" periodicity2="2" periodicity3="3" periodicity4="4" phase1="0.00" phase2="3.141592653589793" phase3="0.00" phase4="3.141592653589793"/>
<Proper class1="H140" class2="C158" class3="C465" class4="O466" k1="0.000000" k2="0.000000" k3="0.000000" k4="0.000000" periodicity1="1" periodicity2="2" periodicity3="3" periodicity4="4" phase1="0.00" phase2="3.141592653589793" phase3="0.00" phase4="3.141592653589793"/>
<Proper class1="H140" class2="C158" class3="C465" class4="O467" k1="0.000000" k2="0.000000" k3="0.276144" k4="0.000000" periodicity1="1" periodicity2="2" periodicity3="3" periodicity4="4" phase1="0.00" phase2="3.141592653589793" phase3="0.00" phase4="3.141592653589793"/>
<Proper class1="H155" class2="O154" class3="C158" class4="C135" k1="-0.744752" k2="-0.364008" k3="1.029264" k4="0.000000" periodicity1="1" periodicity2="2" periodicity3="3" periodicity4="4" phase1="0.00" phase2="3.141592653589793" phase3="0.00" phase4="3.141592653589793"/>
<Proper class1="H155" class2="O154" class3="C158" class4="C465" k1="-0.744752" k2="-0.364008" k3="1.029264" k4="0.000000" periodicity1="1" periodicity2="2" periodicity3="3" periodicity4="4" phase1="0.00" phase2="3.141592653589793" phase3="0.00" phase4="3.141592653589793"/>
<Proper class1="H155" class2="O154" class3="C158" class4="H140" k1="0.000000" k2="0.000000" k3="0.736384" k4="0.000000" periodicity1="1" periodicity2="2" periodicity3="3" periodicity4="4" phase1="0.00" phase2="3.141592653589793" phase3="0.00" phase4="3.141592653589793"/>
<Proper class1="H270" class2="O268" class3="C267" class4="C491" k1="3.138000" k2="11.506000" k3="0.000000" k4="0.000000" periodicity1="1" periodicity2="2" periodicity3="3" periodicity4="4" phase1="0.00" phase2="3.141592653589793" phase3="0.00" phase4="3.141592653589793"/>
<Proper class1="H270" class2="O268" class3="C267" class4="O269" k1="0.000000" k2="11.506000" k3="0.000000" k4="0.000000" periodicity1="1" periodicity2="2" periodicity3="3" periodicity4="4" phase1="0.00" phase2="3.141592653589793" phase3="0.00" phase4="3.141592653589793"/>
<Proper class1="H469" class2="C491" class3="O467" class4="C465" k1="0.000000" k2="0.000000" k3="0.414216" k4="0.000000" periodicity1="1" periodicity2="2" periodicity3="3" periodicity4="4" phase1="0.00" phase2="3.141592653589793" phase3="0.00" phase4="3.141592653589793"/>
<Proper class1="O154" class2="C158" class3="C465" class4="O466" k1="0.000000" k2="0.000000" k3="0.000000" k4="0.000000" periodicity1="1" periodicity2="2" periodicity3="3" periodicity4="4" phase1="0.00" phase2="3.141592653589793" phase3="0.00" phase4="3.141592653589793"/>
<Proper class1="O154" class2="C158" class3="C465" class4="O467" k1="9.035348" k2="0.000000" k3="0.000000" k4="0.000000" periodicity1="1" periodicity2="2" periodicity3="3" periodicity4="4" phase1="0.00" phase2="3.141592653589793" phase3="0.00" phase4="3.141592653589793"/>
<Proper class1="O268" class2="C267" class3="C491" class4="C135" k1="2.092000" k2="1.142232" k3="0.941400" k4="0.000000" periodicity1="1" periodicity2="2" periodicity3="3" periodicity4="4" phase1="0.00" phase2="3.141592653589793" phase3="0.00" phase4="3.141592653589793"/>
<Proper class1="O268" class2="C267" class3="C491" class4="H469" k1="0.000000" k2="0.000000" k3="0.000000" k4="0.000000" periodicity1="1" periodicity2="2" periodicity3="3" periodicity4="4" phase1="0.00" phase2="3.141592653589793" phase3="0.00" phase4="3.141592653589793"/>
<Proper class1="O268" class2="C267" class3="C491" class4="O467" k1="9.035348" k2="0.000000" k3="0.000000" k4="0.000000" periodicity1="1" periodicity2="2" periodicity3="3" periodicity4="4" phase1="0.00" phase2="3.141592653589793" phase3="0.00" phase4="3.141592653589793"/>
<Proper class1="O269" class2="C267" class3="C491" class4="C135" k1="0.000000" k2="0.000000" k3="0.000000" k4="0.000000" periodicity1="1" periodicity2="2" periodicity3="3" periodicity4="4" phase1="0.00" phase2="3.141592653589793" phase3="0.00" phase4="3.141592653589793"/>
<Proper class1="O269" class2="C267" class3="C491" class4="H469" k1="0.000000" k2="0.000000" k3="0.000000" k4="0.000000" periodicity1="1" periodicity2="2" periodicity3="3" periodicity4="4" phase1="0.00" phase2="3.141592653589793" phase3="0.00" phase4="3.141592653589793"/>
<Proper class1="O269" class2="C267" class3="C491" class4="O467" k1="0.000000" k2="0.000000" k3="0.000000" k4="0.000000" periodicity1="1" periodicity2="2" periodicity3="3" periodicity4="4" phase1="0.00" phase2="3.141592653589793" phase3="0.00" phase4="3.141592653589793"/>
<Proper class1="O466" class2="C465" class3="C491" class4="C135" k1="0.000000" k2="0.000000" k3="0.000000" k4="0.000000" periodicity1="1" periodicity2="2" periodicity3="3" periodicity4="4" phase1="0.00" phase2="3.141592653589793" phase3="0.00" phase4="3.141592653589793"/>
<Proper class1="O466" class2="C465" class3="C491" class4="H469" k1="0.000000" k2="0.000000" k3="0.000000" k4="0.000000" periodicity1="1" periodicity2="2" periodicity3="3" periodicity4="4" phase1="0.00" phase2="3.141592653589793" phase3="0.00" phase4="3.141592653589793"/>
<Proper class1="O466" class2="C465" class3="C491" class4="O467" k1="0.000000" k2="0.000000" k3="0.000000" k4="0.000000" periodicity1="1" periodicity2="2" periodicity3="3" periodicity4="4" phase1="0.00" phase2="3.141592653589793" phase3="0.00" phase4="3.141592653589793"/>
<Proper class1="O466" class2="C465" class3="O467" class4="C491" k1="0.000000" k2="10.719408" k3="0.000000" k4="0.000000" periodicity1="1" periodicity2="2" periodicity3="3" periodicity4="4" phase1="0.00" phase2="3.141592653589793" phase3="0.00" phase4="3.141592653589793"/>
<Proper class1="O467" class2="C465" class3="C491" class4="C135" k1="0.000000" k2="0.000000" k3="-1.156876" k4="0.000000" periodicity1="1" periodicity2="2" periodicity3="3" periodicity4="4" phase1="0.00" phase2="3.141592653589793" phase3="0.00" phase4="3.141592653589793"/>
<Proper class1="O467" class2="C465" class3="C491" class4="H469" k1="0.000000" k2="0.000000" k3="0.276144" k4="0.000000" periodicity1="1" periodicity2="2" periodicity3="3" periodicity4="4" phase1="0.00" phase2="3.141592653589793" phase3="0.00" phase4="3.141592653589793"/>
<Proper class1="O467" class2="C465" class3="C491" class4="O467" k1="-1.150600" k2="0.000000" k3="0.000000" k4="0.000000" periodicity1="1" periodicity2="2" periodicity3="3" periodicity4="4" phase1="0.00" phase2="3.141592653589793" phase3="0.00" phase4="3.141592653589793"/>
<Improper class1="C465" class2="C491" class3="O466" class4="O467" k1="0.000000" k2="43.932000" k3="0.000000" k4="0.000000" periodicity1="1" periodicity2="2" periodicity3="3" periodicity4="4" phase1="0.00" phase2="3.141592653589793" phase3="0.00" phase4="3.141592653589793"/>
<Improper class1="C491" class2="C135" class3="C465" class4="H469" k1="0.000000" k2="0.000000" k3="0.000000" k4="0.000000" periodicity1="1" periodicity2="2" periodicity3="3" periodicity4="4" phase1="0.00" phase2="3.141592653589793" phase3="0.00" phase4="3.141592653589793"/>
<Improper class1="C267" class2="O268" class3="O269" class4="C491" k1="0.000000" k2="43.932000" k3="0.000000" k4="0.000000" periodicity1="1" periodicity2="2" periodicity3="3" periodicity4="4" phase1="0.00" phase2="3.141592653589793" phase3="0.00" phase4="3.141592653589793"/>
<Improper class1="C465" class2="O467" class3="C158" class4="O466" k1="0.000000" k2="43.932000" k3="0.000000" k4="0.000000" periodicity1="1" periodicity2="2" periodicity3="3" periodicity4="4" phase1="0.00" phase2="3.141592653589793" phase3="0.00" phase4="3.141592653589793"/>
<Improper class1="C491" class2="C135" class3="C465" class4="O467" k1="0.000000" k2="0.000000" k3="0.000000" k4="0.000000" periodicity1="1" periodicity2="2" periodicity3="3" periodicity4="4" phase1="0.00" phase2="3.141592653589793" phase3="0.00" phase4="3.141592653589793"/>
</PeriodicTorsionForce>
<NonbondedForce coulomb14scale="0.5" lj14scale="0.5">
<Atom type="opls_465" charge="0.510000" sigma="0.375000" epsilon="0.439320" />
<Atom type="opls_269" charge="-0.440000" sigma="0.296000" epsilon="0.878640" />
<Atom type="opls_268" charge="-0.530000" sigma="0.300000" epsilon="0.711280" />
<Atom type="opls_267" charge="0.520000" sigma="0.375000" epsilon="0.439320" />
<Atom type="opls_155" charge="0.418000" sigma="0.000000" epsilon="0.000000" />
<Atom type="opls_270" charge="0.450000" sigma="0.000000" epsilon="0.000000" />
<Atom type="opls_158" charge="0.205000" sigma="0.350000" epsilon="0.276144" />
<Atom type="opls_140" charge="0.060000" sigma="0.250000" epsilon="0.125520" />
<Atom type="opls_467" charge="-0.330000" sigma="0.300000" epsilon="0.711280" />
<Atom type="opls_135" charge="-0.180000" sigma="0.350000" epsilon="0.276144" />
<Atom type="opls_154" charge="-0.683000" sigma="0.312000" epsilon="0.711280" />
<Atom type="opls_491" charge="0.220000" sigma="0.350000" epsilon="0.276144" />
<Atom type="opls_469" charge="0.030000" sigma="0.242000" epsilon="0.062760" />
<Atom type="opls_466" charge="-0.430000" sigma="0.296000" epsilon="0.878640" />
</NonbondedForce>
</ForceField>
