<ForceField>
<AtomTypes>
<Type name="opls_302" class="C302" element="C" mass="12.011000" />
<Type name="opls_300" class="N300" element="N" mass="14.007000" />
<Type name="opls_301" class="H301" element="H" mass="1.008000" />
</AtomTypes>
<Residues>
<Residue name="POS">
<Atom name="C00" type="opls_302" />
<Atom name="N01" type="opls_300" />
<Atom name="N02" type="opls_300" />
<Atom name="N03" type="opls_300" />
<Atom name="H04" type="opls_301" />
<Atom name="H05" type="opls_301" />
<Atom name="H06" type="opls_301" />
<Atom name="H07" type="opls_301" />
<Atom name="H08" type="opls_301" />
<Atom name="H09" type="opls_301" />
<Bond from="0" to="1"/>
<Bond from="0" to="2"/>
<Bond from="0" to="3"/>
<Bond from="1" to="4"/>
<Bond from="1" to="5"/>
<Bond from="2" to="6"/>
<Bond from="2" to="7"/>
<Bond from="3" to="8"/>
<Bond from="3" to="9"/>
</Residue>
</Residues>
<HarmonicBondForce>
<Bond class1="N300" class2="C302" length="0.134000" k="402500.800000"/>
<Bond class1="N300" class2="C302" length="0.134000" k="402500.800000"/>
<Bond class1="N300" class2="C302" length="0.134000" k="402500.800000"/>
<Bond class1="H301" class2="N300" length="0.101000" k="363171.200000"/>
<Bond class1="H301" class2="N300" length="0.101000" k="363171.200000"/>
<Bond class1="H301" class2="N300" length="0.101000" k="363171.200000"/>
<Bond class1="H301" class2="N300" length="0.101000" k="363171.200000"/>
<Bond class1="H301" class2="N300" length="0.101000" k="363171.200000"/>
<Bond class1="H301" class2="N300" length="0.101000" k="363171.200000"/>
</HarmonicBondForce>
<HarmonicAngleForce>
<Angle class1="N300" class2="C302" class3="N300" angle="2.094395" k="585.760000"/>
<Angle class1="C302" class2="N300" class3="H301" angle="2.094395" k="292.880000"/>
<Angle class1="H301" class2="N300" class3="H301" angle="2.094395" k="292.880000"/>
</HarmonicAngleForce>
<PeriodicTorsionForce>
<Proper class1="H301" class2="N300" class3="C302" class4="N300" k1="0.000000" k2="8.158800" k3="0.000000" k4="0.000000" periodicity1="1" periodicity2="2" periodicity3="3" periodicity4="4" phase1="0.00" phase2="3.141592653589793" phase3="0.00" phase4="3.141592653589793"/>
</PeriodicTorsionForce>
<NonbondedForce coulomb14scale="0.5" lj14scale="0.5">
<Atom type="opls_300" charge="-0.800000" sigma="0.325000" epsilon="0.711280" />
<Atom type="opls_301" charge="0.460000" sigma="0.000000" epsilon="0.000000" />
<Atom type="opls_302" charge="0.640000" sigma="0.355000" epsilon="0.209200" />
</NonbondedForce>
</ForceField>
