<ForceField>
<AtomTypes>
<Type name="opls_1065" class="C065" element="C" mass="12.011000" />
<Type name="opls_1064" class="H064" element="H" mass="1.008000" />
<Type name="opls_1062" class="Si062" element="Si" mass="28.085000" />
<Type name="opls_140" class="H140" element="H" mass="1.008000" />
</AtomTypes>
<Residues>
<Residue name="NEU">
<Atom name="Si0" type="opls_1062" />
<Atom name="C01" type="opls_1065" />
<Atom name="C02" type="opls_1065" />
<Atom name="H03" type="opls_140" />
<Atom name="H04" type="opls_140" />
<Atom name="H05" type="opls_140" />
<Atom name="H06" type="opls_140" />
<Atom name="H07" type="opls_140" />
<Atom name="H08" type="opls_140" />
<Atom name="H09" type="opls_1064" />
<Atom name="H0A" type="opls_1064" />
<Bond from="0" to="1"/>
<Bond from="0" to="2"/>
<Bond from="1" to="3"/>
<Bond from="1" to="4"/>
<Bond from="1" to="5"/>
<Bond from="2" to="6"/>
<Bond from="2" to="7"/>
<Bond from="2" to="8"/>
<Bond from="0" to="9"/>
<Bond from="0" to="10"/>
</Residue>
</Residues>
<HarmonicBondForce>
<Bond class1="C065" class2="Si062" length="0.187000" k="200832.000000"/>
<Bond class1="C065" class2="Si062" length="0.187000" k="200832.000000"/>
<Bond class1="H140" class2="C065" length="0.109000" k="284512.000000"/>
<Bond class1="H140" class2="C065" length="0.109000" k="284512.000000"/>
<Bond class1="H140" class2="C065" length="0.109000" k="284512.000000"/>
<Bond class1="H140" class2="C065" length="0.109000" k="284512.000000"/>
<Bond class1="H140" class2="C065" length="0.109000" k="284512.000000"/>
<Bond class1="H140" class2="C065" length="0.109000" k="284512.000000"/>
<Bond class1="H064" class2="Si062" length="0.148500" k="164849.600000"/>
<Bond class1="H064" class2="Si062" length="0.148500" k="164849.600000"/>
</HarmonicBondForce>
<HarmonicAngleForce>
<Angle class1="C065" class2="Si062" class3="C065" angle="1.963495" k="309.616000"/>
<Angle class1="Si062" class2="C065" class3="H140" angle="1.935570" k="292.880000"/>
<Angle class1="C065" class2="Si062" class3="H064" angle="1.928589" k="234.304000"/>
<Angle class1="H140" class2="C065" class3="H140" angle="1.881465" k="276.144000"/>
<Angle class1="H064" class2="Si062" class3="H064" angle="1.902409" k="276.144000"/>
</HarmonicAngleForce>
<PeriodicTorsionForce>
<Proper class1="H064" class2="Si062" class3="C065" class4="H140" k1="0.000000" k2="0.000000" k3="0.376560" k4="0.000000" periodicity1="1" periodicity2="2" periodicity3="3" periodicity4="4" phase1="0.00" phase2="3.141592653589793" phase3="0.00" phase4="3.141592653589793"/>
<Proper class1="H140" class2="C065" class3="Si062" class4="C065" k1="0.000000" k2="0.000000" k3="0.376560" k4="0.000000" periodicity1="1" periodicity2="2" periodicity3="3" periodicity4="4" phase1="0.00" phase2="3.141592653589793" phase3="0.00" phase4="3.141592653589793"/>
</PeriodicTorsionForce>
<NonbondedForce coulomb14scale="0.5" lj14scale="0.5">
<Atom type="opls_140" charge="0.060000" sigma="0.250000" epsilon="0.125520" />
<Atom type="opls_1065" charge="-0.260000" sigma="0.350000" epsilon="0.276144" />
<Atom type="opls_1064" charge="-0.010000" sigma="0.250000" epsilon="0.125520" />
<Atom type="opls_1062" charge="0.180000" sigma="0.400000" epsilon="0.418400" />
</NonbondedForce>
</ForceField>
