<ForceField>
<AtomTypes>
<Type name="opls_528" class="C528" element="C" mass="12.011000" />
<Type name="opls_529" class="H529" element="H" mass="1.008000" />
<Type name="opls_527" class="N527" element="N" mass="14.007000" />
</AtomTypes>
<Residues>
<Residue name="NEU">
<Atom name="N00" type="opls_527" />
<Atom name="C01" type="opls_528" />
<Atom name="C02" type="opls_528" />
<Atom name="C03" type="opls_528" />
<Atom name="C04" type="opls_528" />
<Atom name="N05" type="opls_527" />
<Atom name="H06" type="opls_529" />
<Atom name="H07" type="opls_529" />
<Atom name="H08" type="opls_529" />
<Atom name="H09" type="opls_529" />
<Bond from="0" to="1"/>
<Bond from="1" to="2"/>
<Bond from="0" to="3"/>
<Bond from="3" to="4"/>
<Bond from="2" to="5"/>
<Bond from="1" to="6"/>
<Bond from="2" to="7"/>
<Bond from="3" to="8"/>
<Bond from="4" to="9"/>
<Bond from="4" to="5"/>
</Residue>
</Residues>
<HarmonicBondForce>
<Bond class1="C528" class2="N527" length="0.133900" k="404174.400000"/>
<Bond class1="C528" class2="C528" length="0.140000" k="392459.200000"/>
<Bond class1="C528" class2="N527" length="0.133900" k="404174.400000"/>
<Bond class1="C528" class2="C528" length="0.140000" k="392459.200000"/>
<Bond class1="N527" class2="C528" length="0.133900" k="404174.400000"/>
<Bond class1="H529" class2="C528" length="0.108000" k="307105.600000"/>
<Bond class1="H529" class2="C528" length="0.108000" k="307105.600000"/>
<Bond class1="H529" class2="C528" length="0.108000" k="307105.600000"/>
<Bond class1="H529" class2="C528" length="0.108000" k="307105.600000"/>
<Bond class1="N527" class2="C528" length="0.133900" k="404174.400000"/>
</HarmonicBondForce>
<HarmonicAngleForce>
<Angle class1="N527" class2="C528" class3="C528" angle="2.164208" k="585.760000"/>
<Angle class1="C528" class2="N527" class3="C528" angle="2.042035" k="585.760000"/>
<Angle class1="C528" class2="C528" class3="N527" angle="2.164208" k="585.760000"/>
<Angle class1="N527" class2="C528" class3="H529" angle="2.024582" k="292.880000"/>
<Angle class1="C528" class2="C528" class3="H529" angle="2.094395" k="292.880000"/>
</HarmonicAngleForce>
<PeriodicTorsionForce>
<Proper class1="C528" class2="C528" class3="N527" class4="C528" k1="0.000000" k2="15.167000" k3="0.000000" k4="0.000000" periodicity1="1" periodicity2="2" periodicity3="3" periodicity4="4" phase1="0.00" phase2="3.141592653589793" phase3="0.00" phase4="3.141592653589793"/>
<Proper class1="C528" class2="N527" class3="C528" class4="C528" k1="0.000000" k2="15.167000" k3="0.000000" k4="0.000000" periodicity1="1" periodicity2="2" periodicity3="3" periodicity4="4" phase1="0.00" phase2="3.141592653589793" phase3="0.00" phase4="3.141592653589793"/>
<Proper class1="H529" class2="C528" class3="C528" class4="H529" k1="0.000000" k2="15.167000" k3="0.000000" k4="0.000000" periodicity1="1" periodicity2="2" periodicity3="3" periodicity4="4" phase1="0.00" phase2="3.141592653589793" phase3="0.00" phase4="3.141592653589793"/>
<Proper class1="H529" class2="C528" class3="C528" class4="N527" k1="0.000000" k2="15.167000" k3="0.000000" k4="0.000000" periodicity1="1" periodicity2="2" periodicity3="3" periodicity4="4" phase1="0.00" phase2="3.141592653589793" phase3="0.00" phase4="3.141592653589793"/>
<Proper class1="H529" class2="C528" class3="N527" class4="C528" k1="0.000000" k2="15.167000" k3="0.000000" k4="0.000000" periodicity1="1" periodicity2="2" periodicity3="3" periodicity4="4" phase1="0.00" phase2="3.141592653589793" phase3="0.00" phase4="3.141592653589793"/>
<Proper class1="N527" class2="C528" class3="C528" class4="N527" k1="0.000000" k2="15.167000" k3="0.000000" k4="0.000000" periodicity1="1" periodicity2="2" periodicity3="3" periodicity4="4" phase1="0.00" phase2="3.141592653589793" phase3="0.00" phase4="3.141592653589793"/>
</PeriodicTorsionForce>
<NonbondedForce coulomb14scale="0.5" lj14scale="0.5">
<Atom type="opls_527" charge="-0.468000" sigma="0.325000" epsilon="0.711280" />
<Atom type="opls_529" charge="0.042000" sigma="0.242000" epsilon="0.125520" />
<Atom type="opls_528" charge="0.192000" sigma="0.355000" epsilon="0.292880" />
</NonbondedForce>
</ForceField>
