<ForceField>
<AtomTypes>
<Type name="opls_140" class="H140" element="H" mass="1.008000" />
<Type name="opls_182" class="C182" element="C" mass="12.011000" />
<Type name="opls_194" class="H194" element="H" mass="1.008000" />
<Type name="opls_193" class="C193" element="C" mass="12.011000" />
<Type name="opls_137" class="C137" element="C" mass="12.011000" />
<Type name="opls_135" class="C135" element="C" mass="12.011000" />
<Type name="opls_185" class="H185" element="H" mass="1.008000" />
<Type name="opls_186" class="O186" element="O" mass="15.999000" />
</AtomTypes>
<Residues>
<Residue name="NEU">
<Atom name="C00" type="opls_137" />
<Atom name="C01" type="opls_182" />
<Atom name="C02" type="opls_182" />
<Atom name="C03" type="opls_135" />
<Atom name="H04" type="opls_140" />
<Atom name="O05" type="opls_186" />
<Atom name="H06" type="opls_185" />
<Atom name="H07" type="opls_185" />
<Atom name="C08" type="opls_193" />
<Atom name="C09" type="opls_135" />
<Atom name="O0A" type="opls_186" />
<Atom name="H0B" type="opls_194" />
<Atom name="H0C" type="opls_140" />
<Atom name="H0D" type="opls_140" />
<Atom name="H0E" type="opls_140" />
<Atom name="H0F" type="opls_185" />
<Atom name="H0G" type="opls_185" />
<Atom name="H0H" type="opls_140" />
<Atom name="H0I" type="opls_140" />
<Atom name="H0J" type="opls_140" />
<Bond from="0" to="1"/>
<Bond from="0" to="2"/>
<Bond from="0" to="3"/>
<Bond from="0" to="4"/>
<Bond from="1" to="5"/>
<Bond from="1" to="6"/>
<Bond from="1" to="7"/>
<Bond from="5" to="8"/>
<Bond from="8" to="9"/>
<Bond from="2" to="10"/>
<Bond from="8" to="11"/>
<Bond from="9" to="12"/>
<Bond from="9" to="13"/>
<Bond from="9" to="14"/>
<Bond from="2" to="15"/>
<Bond from="2" to="16"/>
<Bond from="3" to="17"/>
<Bond from="3" to="18"/>
<Bond from="3" to="19"/>
<Bond from="8" to="10"/>
</Residue>
</Residues>
<HarmonicBondForce>
<Bond class1="C182" class2="C137" length="0.152900" k="224262.400000"/>
<Bond class1="C182" class2="C137" length="0.152900" k="224262.400000"/>
<Bond class1="C135" class2="C137" length="0.152900" k="224262.400000"/>
<Bond class1="H140" class2="C137" length="0.109000" k="284512.000000"/>
<Bond class1="O186" class2="C182" length="0.141000" k="267776.000000"/>
<Bond class1="H185" class2="C182" length="0.109000" k="284512.000000"/>
<Bond class1="H185" class2="C182" length="0.109000" k="284512.000000"/>
<Bond class1="C193" class2="O186" length="0.138000" k="267776.000000"/>
<Bond class1="C135" class2="C193" length="0.152900" k="224262.400000"/>
<Bond class1="O186" class2="C182" length="0.141000" k="267776.000000"/>
<Bond class1="H194" class2="C193" length="0.109000" k="284512.000000"/>
<Bond class1="H140" class2="C135" length="0.109000" k="284512.000000"/>
<Bond class1="H140" class2="C135" length="0.109000" k="284512.000000"/>
<Bond class1="H140" class2="C135" length="0.109000" k="284512.000000"/>
<Bond class1="H185" class2="C182" length="0.109000" k="284512.000000"/>
<Bond class1="H185" class2="C182" length="0.109000" k="284512.000000"/>
<Bond class1="H140" class2="C135" length="0.109000" k="284512.000000"/>
<Bond class1="H140" class2="C135" length="0.109000" k="284512.000000"/>
<Bond class1="H140" class2="C135" length="0.109000" k="284512.000000"/>
<Bond class1="O186" class2="C193" length="0.138000" k="267776.000000"/>
</HarmonicBondForce>
<HarmonicAngleForce>
<Angle class1="C182" class2="C137" class3="C182" angle="1.966986" k="488.272800"/>
<Angle class1="C182" class2="C137" class3="C135" angle="1.966986" k="488.272800"/>
<Angle class1="C182" class2="C137" class3="H140" angle="1.932079" k="313.800000"/>
<Angle class1="C137" class2="C182" class3="O186" angle="1.911136" k="418.400000"/>
<Angle class1="C137" class2="C182" class3="H185" angle="1.932079" k="313.800000"/>
<Angle class1="C182" class2="O186" class3="C193" angle="1.911136" k="502.080000"/>
<Angle class1="O186" class2="C193" class3="C135" angle="1.911136" k="418.400000"/>
<Angle class1="O186" class2="C193" class3="H194" angle="1.911136" k="292.880000"/>
<Angle class1="C193" class2="C135" class3="H140" angle="1.932079" k="313.800000"/>
<Angle class1="C137" class2="C135" class3="H140" angle="1.932079" k="313.800000"/>
<Angle class1="H140" class2="C135" class3="H140" angle="1.881465" k="276.144000"/>
<Angle class1="O186" class2="C193" class3="O186" angle="1.946915" k="774.876800"/>
<Angle class1="H185" class2="C182" class3="H185" angle="1.881465" k="276.144000"/>
<Angle class1="O186" class2="C182" class3="H185" angle="1.911136" k="292.880000"/>
<Angle class1="C135" class2="C193" class3="O186" angle="1.911136" k="418.400000"/>
<Angle class1="C135" class2="C193" class3="H194" angle="1.932079" k="313.800000"/>
<Angle class1="C135" class2="C137" class3="H140" angle="1.932079" k="313.800000"/>
</HarmonicAngleForce>
<PeriodicTorsionForce>
<Proper class1="C135" class2="C193" class3="O186" class4="C182" k1="1.359800" k2="-0.523000" k3="1.401640" k4="0.000000" periodicity1="1" periodicity2="2" periodicity3="3" periodicity4="4" phase1="0.00" phase2="3.141592653589793" phase3="0.00" phase4="3.141592653589793"/>
<Proper class1="C193" class2="O186" class3="C182" class4="C137" k1="1.359800" k2="-0.523000" k3="1.401640" k4="0.000000" periodicity1="1" periodicity2="2" periodicity3="3" periodicity4="4" phase1="0.00" phase2="3.141592653589793" phase3="0.00" phase4="3.141592653589793"/>
<Proper class1="C193" class2="O186" class3="C182" class4="H185" k1="0.000000" k2="0.000000" k3="1.589920" k4="0.000000" periodicity1="1" periodicity2="2" periodicity3="3" periodicity4="4" phase1="0.00" phase2="3.141592653589793" phase3="0.00" phase4="3.141592653589793"/>
<Proper class1="H140" class2="C135" class3="C137" class4="C182" k1="0.000000" k2="0.000000" k3="0.627600" k4="0.000000" periodicity1="1" periodicity2="2" periodicity3="3" periodicity4="4" phase1="0.00" phase2="3.141592653589793" phase3="0.00" phase4="3.141592653589793"/>
<Proper class1="H140" class2="C135" class3="C137" class4="H140" k1="0.000000" k2="0.000000" k3="0.627600" k4="0.000000" periodicity1="1" periodicity2="2" periodicity3="3" periodicity4="4" phase1="0.00" phase2="3.141592653589793" phase3="0.00" phase4="3.141592653589793"/>
<Proper class1="H140" class2="C135" class3="C193" class4="H194" k1="0.000000" k2="0.000000" k3="0.627600" k4="0.000000" periodicity1="1" periodicity2="2" periodicity3="3" periodicity4="4" phase1="0.00" phase2="3.141592653589793" phase3="0.00" phase4="3.141592653589793"/>
<Proper class1="H140" class2="C135" class3="C193" class4="O186" k1="0.000000" k2="0.000000" k3="0.979056" k4="0.000000" periodicity1="1" periodicity2="2" periodicity3="3" periodicity4="4" phase1="0.00" phase2="3.141592653589793" phase3="0.00" phase4="3.141592653589793"/>
<Proper class1="H185" class2="C182" class3="C137" class4="C135" k1="0.000000" k2="0.000000" k3="0.627600" k4="0.000000" periodicity1="1" periodicity2="2" periodicity3="3" periodicity4="4" phase1="0.00" phase2="3.141592653589793" phase3="0.00" phase4="3.141592653589793"/>
<Proper class1="H185" class2="C182" class3="C137" class4="C182" k1="0.000000" k2="0.000000" k3="0.627600" k4="0.000000" periodicity1="1" periodicity2="2" periodicity3="3" periodicity4="4" phase1="0.00" phase2="3.141592653589793" phase3="0.00" phase4="3.141592653589793"/>
<Proper class1="H185" class2="C182" class3="C137" class4="H140" k1="0.000000" k2="0.000000" k3="0.627600" k4="0.000000" periodicity1="1" periodicity2="2" periodicity3="3" periodicity4="4" phase1="0.00" phase2="3.141592653589793" phase3="0.00" phase4="3.141592653589793"/>
<Proper class1="H185" class2="C182" class3="O186" class4="C193" k1="0.000000" k2="0.000000" k3="1.589920" k4="0.000000" periodicity1="1" periodicity2="2" periodicity3="3" periodicity4="4" phase1="0.00" phase2="3.141592653589793" phase3="0.00" phase4="3.141592653589793"/>
<Proper class1="H194" class2="C193" class3="O186" class4="C182" k1="0.000000" k2="0.000000" k3="1.589920" k4="0.000000" periodicity1="1" periodicity2="2" periodicity3="3" periodicity4="4" phase1="0.00" phase2="3.141592653589793" phase3="0.00" phase4="3.141592653589793"/>
<Proper class1="O186" class2="C182" class3="C137" class4="C135" k1="3.579412" k2="-1.046000" k3="1.386996" k4="0.000000" periodicity1="1" periodicity2="2" periodicity3="3" periodicity4="4" phase1="0.00" phase2="3.141592653589793" phase3="0.00" phase4="3.141592653589793"/>
<Proper class1="O186" class2="C182" class3="C137" class4="C182" k1="3.579412" k2="-1.046000" k3="1.386996" k4="0.000000" periodicity1="1" periodicity2="2" periodicity3="3" periodicity4="4" phase1="0.00" phase2="3.141592653589793" phase3="0.00" phase4="3.141592653589793"/>
<Proper class1="O186" class2="C182" class3="C137" class4="H140" k1="0.000000" k2="0.000000" k3="0.979056" k4="0.000000" periodicity1="1" periodicity2="2" periodicity3="3" periodicity4="4" phase1="0.00" phase2="3.141592653589793" phase3="0.00" phase4="3.141592653589793"/>
<Proper class1="O186" class2="C193" class3="O186" class4="C182" k1="-0.784500" k2="-2.840936" k3="0.008368" k4="0.000000" periodicity1="1" periodicity2="2" periodicity3="3" periodicity4="4" phase1="0.00" phase2="3.141592653589793" phase3="0.00" phase4="3.141592653589793"/>
</PeriodicTorsionForce>
<NonbondedForce coulomb14scale="0.5" lj14scale="0.5">
<Atom type="opls_185" charge="0.030000" sigma="0.250000" epsilon="0.125520" />
<Atom type="opls_193" charge="0.300000" sigma="0.350000" epsilon="0.276144" />
<Atom type="opls_186" charge="-0.400000" sigma="0.290000" epsilon="0.585760" />
<Atom type="opls_137" charge="-0.060000" sigma="0.350000" epsilon="0.276144" />
<Atom type="opls_135" charge="-0.180000" sigma="0.350000" epsilon="0.276144" />
<Atom type="opls_182" charge="0.140000" sigma="0.350000" epsilon="0.276144" />
<Atom type="opls_140" charge="0.060000" sigma="0.250000" epsilon="0.125520" />
<Atom type="opls_194" charge="0.100000" sigma="0.250000" epsilon="0.125520" />
</NonbondedForce>
</ForceField>
