<ForceField>
<AtomTypes>
<Type name="opls_905" class="C905" element="C" mass="12.011000" />
<Type name="opls_902" class="N902" element="N" mass="14.007000" />
<Type name="opls_911" class="H911" element="H" mass="1.008000" />
</AtomTypes>
<Residues>
<Residue name="NEU">
<Atom name="N00" type="opls_902" />
<Atom name="C01" type="opls_905" />
<Atom name="C02" type="opls_905" />
<Atom name="C03" type="opls_905" />
<Atom name="H04" type="opls_911" />
<Atom name="H05" type="opls_911" />
<Atom name="H06" type="opls_911" />
<Atom name="H07" type="opls_911" />
<Atom name="H08" type="opls_911" />
<Atom name="H09" type="opls_911" />
<Atom name="H0A" type="opls_911" />
<Atom name="H0B" type="opls_911" />
<Atom name="H0C" type="opls_911" />
<Bond from="0" to="1"/>
<Bond from="0" to="2"/>
<Bond from="0" to="3"/>
<Bond from="1" to="4"/>
<Bond from="1" to="5"/>
<Bond from="1" to="6"/>
<Bond from="2" to="7"/>
<Bond from="2" to="8"/>
<Bond from="2" to="9"/>
<Bond from="3" to="10"/>
<Bond from="3" to="11"/>
<Bond from="3" to="12"/>
</Residue>
</Residues>
<HarmonicBondForce>
<Bond class1="C905" class2="N902" length="0.144800" k="319657.600000"/>
<Bond class1="C905" class2="N902" length="0.144800" k="319657.600000"/>
<Bond class1="C905" class2="N902" length="0.144800" k="319657.600000"/>
<Bond class1="H911" class2="C905" length="0.109000" k="284512.000000"/>
<Bond class1="H911" class2="C905" length="0.109000" k="284512.000000"/>
<Bond class1="H911" class2="C905" length="0.109000" k="284512.000000"/>
<Bond class1="H911" class2="C905" length="0.109000" k="284512.000000"/>
<Bond class1="H911" class2="C905" length="0.109000" k="284512.000000"/>
<Bond class1="H911" class2="C905" length="0.109000" k="284512.000000"/>
<Bond class1="H911" class2="C905" length="0.109000" k="284512.000000"/>
<Bond class1="H911" class2="C905" length="0.109000" k="284512.000000"/>
<Bond class1="H911" class2="C905" length="0.109000" k="284512.000000"/>
</HarmonicBondForce>
<HarmonicAngleForce>
<Angle class1="C905" class2="N902" class3="C905" angle="1.870993" k="433.462400"/>
<Angle class1="N902" class2="C905" class3="H911" angle="1.911136" k="292.880000"/>
<Angle class1="H911" class2="C905" class3="H911" angle="1.881465" k="276.144000"/>
</HarmonicAngleForce>
<PeriodicTorsionForce>
<Proper class1="H911" class2="C905" class3="N902" class4="C905" k1="0.000000" k2="0.000000" k3="1.171520" k4="0.000000" periodicity1="1" periodicity2="2" periodicity3="3" periodicity4="4" phase1="0.00" phase2="3.141592653589793" phase3="0.00" phase4="3.141592653589793"/>
</PeriodicTorsionForce>
<NonbondedForce coulomb14scale="0.5" lj14scale="0.5">
<Atom type="opls_911" charge="0.060000" sigma="0.250000" epsilon="0.062760" />
<Atom type="opls_902" charge="-0.630000" sigma="0.330000" epsilon="0.711280" />
<Atom type="opls_905" charge="0.030000" sigma="0.350000" epsilon="0.276144" />
</NonbondedForce>
</ForceField>
