<ForceField>
<AtomTypes>
<Type name="opls_775" class="C775" element="C" mass="12.011000" />
<Type name="opls_772" class="C772" element="C" mass="12.011000" />
<Type name="opls_771" class="O771" element="O" mass="15.999000" />
<Type name="opls_779" class="H779" element="H" mass="1.008000" />
<Type name="opls_778" class="H778" element="H" mass="1.008000" />
<Type name="opls_774" class="C774" element="C" mass="12.011000" />
<Type name="opls_776" class="C776" element="C" mass="12.011000" />
<Type name="opls_777" class="H777" element="H" mass="1.008000" />
<Type name="opls_773" class="O773" element="O" mass="15.999000" />
</AtomTypes>
<Residues>
<Residue name="NEU">
<Atom name="C00" type="opls_775" />
<Atom name="C01" type="opls_774" />
<Atom name="C02" type="opls_776" />
<Atom name="O03" type="opls_773" />
<Atom name="H04" type="opls_778" />
<Atom name="O05" type="opls_773" />
<Atom name="H06" type="opls_777" />
<Atom name="H07" type="opls_777" />
<Atom name="C08" type="opls_772" />
<Atom name="O09" type="opls_771" />
<Atom name="H0A" type="opls_779" />
<Atom name="H0B" type="opls_779" />
<Atom name="H0C" type="opls_779" />
<Bond from="0" to="1"/>
<Bond from="0" to="2"/>
<Bond from="0" to="3"/>
<Bond from="0" to="4"/>
<Bond from="1" to="5"/>
<Bond from="1" to="6"/>
<Bond from="1" to="7"/>
<Bond from="3" to="8"/>
<Bond from="8" to="9"/>
<Bond from="2" to="10"/>
<Bond from="2" to="11"/>
<Bond from="2" to="12"/>
<Bond from="5" to="8"/>
</Residue>
</Residues>
<HarmonicBondForce>
<Bond class1="C774" class2="C775" length="0.152900" k="224262.400000"/>
<Bond class1="C776" class2="C775" length="0.152900" k="224262.400000"/>
<Bond class1="O773" class2="C775" length="0.141000" k="267776.000000"/>
<Bond class1="H778" class2="C775" length="0.109000" k="284512.000000"/>
<Bond class1="O773" class2="C774" length="0.141000" k="267776.000000"/>
<Bond class1="H777" class2="C774" length="0.109000" k="284512.000000"/>
<Bond class1="H777" class2="C774" length="0.109000" k="284512.000000"/>
<Bond class1="C772" class2="O773" length="0.132700" k="179075.200000"/>
<Bond class1="O771" class2="C772" length="0.122900" k="476976.000000"/>
<Bond class1="H779" class2="C776" length="0.109000" k="284512.000000"/>
<Bond class1="H779" class2="C776" length="0.109000" k="284512.000000"/>
<Bond class1="H779" class2="C776" length="0.109000" k="284512.000000"/>
<Bond class1="C772" class2="O773" length="0.132700" k="179075.200000"/>
</HarmonicBondForce>
<HarmonicAngleForce>
<Angle class1="C774" class2="C775" class3="C776" angle="1.966986" k="488.272800"/>
<Angle class1="C774" class2="C775" class3="O773" angle="1.911136" k="418.400000"/>
<Angle class1="C774" class2="C775" class3="H778" angle="1.932079" k="313.800000"/>
<Angle class1="C775" class2="C774" class3="O773" angle="1.911136" k="418.400000"/>
<Angle class1="C775" class2="C774" class3="H777" angle="1.932079" k="313.800000"/>
<Angle class1="C775" class2="O773" class3="C772" angle="2.040290" k="694.544000"/>
<Angle class1="O773" class2="C772" class3="O771" angle="2.153736" k="694.544000"/>
<Angle class1="C775" class2="C776" class3="H779" angle="1.932079" k="313.800000"/>
<Angle class1="H779" class2="C776" class3="H779" angle="1.881465" k="276.144000"/>
<Angle class1="H777" class2="C774" class3="H777" angle="1.881465" k="276.144000"/>
<Angle class1="O773" class2="C774" class3="H777" angle="1.911136" k="292.880000"/>
<Angle class1="O773" class2="C772" class3="O773" angle="2.046049" k="568.438240"/>
<Angle class1="C776" class2="C775" class3="O773" angle="1.911136" k="418.400000"/>
<Angle class1="C776" class2="C775" class3="H778" angle="1.932079" k="313.800000"/>
<Angle class1="C774" class2="O773" class3="C772" angle="2.040290" k="694.544000"/>
<Angle class1="O773" class2="C775" class3="H778" angle="1.911136" k="292.880000"/>
</HarmonicAngleForce>
<PeriodicTorsionForce>
<Proper class1="C772" class2="O773" class3="C774" class4="H777" k1="0.000000" k2="0.000000" k3="0.414216" k4="0.000000" periodicity1="1" periodicity2="2" periodicity3="3" periodicity4="4" phase1="0.00" phase2="3.141592653589793" phase3="0.00" phase4="3.141592653589793"/>
<Proper class1="C772" class2="O773" class3="C775" class4="C774" k1="-2.552240" k2="-0.263592" k3="0.882824" k4="0.000000" periodicity1="1" periodicity2="2" periodicity3="3" periodicity4="4" phase1="0.00" phase2="3.141592653589793" phase3="0.00" phase4="3.141592653589793"/>
<Proper class1="C772" class2="O773" class3="C775" class4="C776" k1="-2.552240" k2="-0.263592" k3="0.882824" k4="0.000000" periodicity1="1" periodicity2="2" periodicity3="3" periodicity4="4" phase1="0.00" phase2="3.141592653589793" phase3="0.00" phase4="3.141592653589793"/>
<Proper class1="C772" class2="O773" class3="C775" class4="H778" k1="0.000000" k2="0.000000" k3="0.414216" k4="0.000000" periodicity1="1" periodicity2="2" periodicity3="3" periodicity4="4" phase1="0.00" phase2="3.141592653589793" phase3="0.00" phase4="3.141592653589793"/>
<Proper class1="H777" class2="C774" class3="C775" class4="C776" k1="0.000000" k2="0.000000" k3="0.627600" k4="0.000000" periodicity1="1" periodicity2="2" periodicity3="3" periodicity4="4" phase1="0.00" phase2="3.141592653589793" phase3="0.00" phase4="3.141592653589793"/>
<Proper class1="H777" class2="C774" class3="C775" class4="H778" k1="0.000000" k2="0.000000" k3="0.627600" k4="0.000000" periodicity1="1" periodicity2="2" periodicity3="3" periodicity4="4" phase1="0.00" phase2="3.141592653589793" phase3="0.00" phase4="3.141592653589793"/>
<Proper class1="H777" class2="C774" class3="C775" class4="O773" k1="0.000000" k2="0.000000" k3="0.979056" k4="0.000000" periodicity1="1" periodicity2="2" periodicity3="3" periodicity4="4" phase1="0.00" phase2="3.141592653589793" phase3="0.00" phase4="3.141592653589793"/>
<Proper class1="H779" class2="C776" class3="C775" class4="C774" k1="0.000000" k2="0.000000" k3="0.627600" k4="0.000000" periodicity1="1" periodicity2="2" periodicity3="3" periodicity4="4" phase1="0.00" phase2="3.141592653589793" phase3="0.00" phase4="3.141592653589793"/>
<Proper class1="H779" class2="C776" class3="C775" class4="H778" k1="0.000000" k2="0.000000" k3="0.627600" k4="0.000000" periodicity1="1" periodicity2="2" periodicity3="3" periodicity4="4" phase1="0.00" phase2="3.141592653589793" phase3="0.00" phase4="3.141592653589793"/>
<Proper class1="H779" class2="C776" class3="C775" class4="O773" k1="0.000000" k2="0.000000" k3="0.979056" k4="0.000000" periodicity1="1" periodicity2="2" periodicity3="3" periodicity4="4" phase1="0.00" phase2="3.141592653589793" phase3="0.00" phase4="3.141592653589793"/>
<Proper class1="O771" class2="C772" class3="O773" class4="C774" k1="0.000000" k2="10.719408" k3="0.000000" k4="0.000000" periodicity1="1" periodicity2="2" periodicity3="3" periodicity4="4" phase1="0.00" phase2="3.141592653589793" phase3="0.00" phase4="3.141592653589793"/>
<Proper class1="O771" class2="C772" class3="O773" class4="C775" k1="0.000000" k2="10.719408" k3="0.000000" k4="0.000000" periodicity1="1" periodicity2="2" periodicity3="3" periodicity4="4" phase1="0.00" phase2="3.141592653589793" phase3="0.00" phase4="3.141592653589793"/>
<Proper class1="O773" class2="C774" class3="C775" class4="C776" k1="3.579412" k2="-1.046000" k3="1.386996" k4="0.000000" periodicity1="1" periodicity2="2" periodicity3="3" periodicity4="4" phase1="0.00" phase2="3.141592653589793" phase3="0.00" phase4="3.141592653589793"/>
<Proper class1="O773" class2="C774" class3="C775" class4="H778" k1="0.000000" k2="0.000000" k3="0.979056" k4="0.000000" periodicity1="1" periodicity2="2" periodicity3="3" periodicity4="4" phase1="0.00" phase2="3.141592653589793" phase3="0.00" phase4="3.141592653589793"/>
<Improper class1="C775" class2="C774" class3="C776" class4="H778" k1="0.000000" k2="0.000000" k3="0.000000" k4="0.000000" periodicity1="1" periodicity2="2" periodicity3="3" periodicity4="4" phase1="0.00" phase2="3.141592653589793" phase3="0.00" phase4="3.141592653589793"/>
<Improper class1="C775" class2="C774" class3="C776" class4="O773" k1="0.000000" k2="0.000000" k3="0.000000" k4="0.000000" periodicity1="1" periodicity2="2" periodicity3="3" periodicity4="4" phase1="0.00" phase2="3.141592653589793" phase3="0.00" phase4="3.141592653589793"/>
</PeriodicTorsionForce>
<NonbondedForce coulomb14scale="0.5" lj14scale="0.5">
<Atom type="opls_775" charge="0.160000" sigma="0.350000" epsilon="0.276144" />
<Atom type="opls_777" charge="0.030000" sigma="0.242000" epsilon="0.062760" />
<Atom type="opls_773" charge="-0.450000" sigma="0.300000" epsilon="0.711280" />
<Atom type="opls_772" charge="0.860000" sigma="0.375000" epsilon="0.439320" />
<Atom type="opls_771" charge="-0.500000" sigma="0.296000" epsilon="0.878640" />
<Atom type="opls_776" charge="-0.100000" sigma="0.350000" epsilon="0.276144" />
<Atom type="opls_778" charge="0.030000" sigma="0.242000" epsilon="0.062760" />
<Atom type="opls_779" charge="0.060000" sigma="0.242000" epsilon="0.062760" />
<Atom type="opls_774" charge="0.210000" sigma="0.350000" epsilon="0.276144" />
</NonbondedForce>
</ForceField>
