<ForceField>
<AtomTypes>
<Type name="opls_524" class="H524" element="H" mass="1.008000" />
<Type name="opls_523" class="C523" element="C" mass="12.011000" />
<Type name="opls_521" class="C521" element="C" mass="12.011000" />
<Type name="opls_526" class="H526" element="H" mass="1.008000" />
<Type name="opls_525" class="H525" element="H" mass="1.008000" />
<Type name="opls_522" class="C522" element="C" mass="12.011000" />
<Type name="opls_520" class="N520" element="N" mass="14.007000" />
</AtomTypes>
<Residues>
<Residue name="NEU">
<Atom name="N00" type="opls_520" />
<Atom name="C01" type="opls_521" />
<Atom name="C02" type="opls_522" />
<Atom name="C03" type="opls_521" />
<Atom name="C04" type="opls_522" />
<Atom name="C05" type="opls_523" />
<Atom name="H06" type="opls_524" />
<Atom name="H07" type="opls_525" />
<Atom name="H08" type="opls_524" />
<Atom name="H09" type="opls_525" />
<Atom name="H0A" type="opls_526" />
<Bond from="0" to="1"/>
<Bond from="1" to="2"/>
<Bond from="0" to="3"/>
<Bond from="3" to="4"/>
<Bond from="2" to="5"/>
<Bond from="1" to="6"/>
<Bond from="2" to="7"/>
<Bond from="3" to="8"/>
<Bond from="4" to="9"/>
<Bond from="5" to="10"/>
<Bond from="4" to="5"/>
</Residue>
</Residues>
<HarmonicBondForce>
<Bond class1="C521" class2="N520" length="0.133900" k="404174.400000"/>
<Bond class1="C522" class2="C521" length="0.140000" k="392459.200000"/>
<Bond class1="C521" class2="N520" length="0.133900" k="404174.400000"/>
<Bond class1="C522" class2="C521" length="0.140000" k="392459.200000"/>
<Bond class1="C523" class2="C522" length="0.140000" k="392459.200000"/>
<Bond class1="H524" class2="C521" length="0.108000" k="307105.600000"/>
<Bond class1="H525" class2="C522" length="0.108000" k="307105.600000"/>
<Bond class1="H524" class2="C521" length="0.108000" k="307105.600000"/>
<Bond class1="H525" class2="C522" length="0.108000" k="307105.600000"/>
<Bond class1="H526" class2="C523" length="0.108000" k="307105.600000"/>
<Bond class1="C523" class2="C522" length="0.140000" k="392459.200000"/>
</HarmonicBondForce>
<HarmonicAngleForce>
<Angle class1="N520" class2="C521" class3="C522" angle="2.164208" k="585.760000"/>
<Angle class1="C521" class2="N520" class3="C521" angle="2.042035" k="585.760000"/>
<Angle class1="C521" class2="C522" class3="C523" angle="2.094395" k="527.184000"/>
<Angle class1="N520" class2="C521" class3="H524" angle="2.024582" k="292.880000"/>
<Angle class1="C521" class2="C522" class3="H525" angle="2.094395" k="292.880000"/>
<Angle class1="C522" class2="C523" class3="H526" angle="2.094395" k="292.880000"/>
<Angle class1="C522" class2="C521" class3="H524" angle="2.094395" k="292.880000"/>
<Angle class1="C523" class2="C522" class3="H525" angle="2.094395" k="292.880000"/>
<Angle class1="C522" class2="C523" class3="C522" angle="2.094395" k="527.184000"/>
</HarmonicAngleForce>
<PeriodicTorsionForce>
<Proper class1="C521" class2="C522" class3="C523" class4="C522" k1="0.000000" k2="15.167000" k3="0.000000" k4="0.000000" periodicity1="1" periodicity2="2" periodicity3="3" periodicity4="4" phase1="0.00" phase2="3.141592653589793" phase3="0.00" phase4="3.141592653589793"/>
<Proper class1="C521" class2="N520" class3="C521" class4="C522" k1="0.000000" k2="15.167000" k3="0.000000" k4="0.000000" periodicity1="1" periodicity2="2" periodicity3="3" periodicity4="4" phase1="0.00" phase2="3.141592653589793" phase3="0.00" phase4="3.141592653589793"/>
<Proper class1="C522" class2="C521" class3="N520" class4="C521" k1="0.000000" k2="15.167000" k3="0.000000" k4="0.000000" periodicity1="1" periodicity2="2" periodicity3="3" periodicity4="4" phase1="0.00" phase2="3.141592653589793" phase3="0.00" phase4="3.141592653589793"/>
<Proper class1="C522" class2="C523" class3="C522" class4="C521" k1="0.000000" k2="15.167000" k3="0.000000" k4="0.000000" periodicity1="1" periodicity2="2" periodicity3="3" periodicity4="4" phase1="0.00" phase2="3.141592653589793" phase3="0.00" phase4="3.141592653589793"/>
<Proper class1="C523" class2="C522" class3="C521" class4="N520" k1="0.000000" k2="15.167000" k3="0.000000" k4="0.000000" periodicity1="1" periodicity2="2" periodicity3="3" periodicity4="4" phase1="0.00" phase2="3.141592653589793" phase3="0.00" phase4="3.141592653589793"/>
<Proper class1="H524" class2="C521" class3="C522" class4="C523" k1="0.000000" k2="15.167000" k3="0.000000" k4="0.000000" periodicity1="1" periodicity2="2" periodicity3="3" periodicity4="4" phase1="0.00" phase2="3.141592653589793" phase3="0.00" phase4="3.141592653589793"/>
<Proper class1="H524" class2="C521" class3="N520" class4="C521" k1="0.000000" k2="15.167000" k3="0.000000" k4="0.000000" periodicity1="1" periodicity2="2" periodicity3="3" periodicity4="4" phase1="0.00" phase2="3.141592653589793" phase3="0.00" phase4="3.141592653589793"/>
<Proper class1="H525" class2="C522" class3="C521" class4="H524" k1="0.000000" k2="15.167000" k3="0.000000" k4="0.000000" periodicity1="1" periodicity2="2" periodicity3="3" periodicity4="4" phase1="0.00" phase2="3.141592653589793" phase3="0.00" phase4="3.141592653589793"/>
<Proper class1="H525" class2="C522" class3="C521" class4="N520" k1="0.000000" k2="15.167000" k3="0.000000" k4="0.000000" periodicity1="1" periodicity2="2" periodicity3="3" periodicity4="4" phase1="0.00" phase2="3.141592653589793" phase3="0.00" phase4="3.141592653589793"/>
<Proper class1="H525" class2="C522" class3="C523" class4="C522" k1="0.000000" k2="15.167000" k3="0.000000" k4="0.000000" periodicity1="1" periodicity2="2" periodicity3="3" periodicity4="4" phase1="0.00" phase2="3.141592653589793" phase3="0.00" phase4="3.141592653589793"/>
<Proper class1="H526" class2="C523" class3="C522" class4="C521" k1="0.000000" k2="15.167000" k3="0.000000" k4="0.000000" periodicity1="1" periodicity2="2" periodicity3="3" periodicity4="4" phase1="0.00" phase2="3.141592653589793" phase3="0.00" phase4="3.141592653589793"/>
<Proper class1="H526" class2="C523" class3="C522" class4="H525" k1="0.000000" k2="15.167000" k3="0.000000" k4="0.000000" periodicity1="1" periodicity2="2" periodicity3="3" periodicity4="4" phase1="0.00" phase2="3.141592653589793" phase3="0.00" phase4="3.141592653589793"/>
<Improper class1="C522" class2="H525" class3="C521" class4="C523" k1="0.000000" k2="10.460000" k3="0.000000" k4="0.000000" periodicity1="1" periodicity2="2" periodicity3="3" periodicity4="4" phase1="0.00" phase2="3.141592653589793" phase3="0.00" phase4="3.141592653589793"/>
<Improper class1="C521" class2="N520" class3="C522" class4="H524" k1="0.000000" k2="10.460000" k3="0.000000" k4="0.000000" periodicity1="1" periodicity2="2" periodicity3="3" periodicity4="4" phase1="0.00" phase2="3.141592653589793" phase3="0.00" phase4="3.141592653589793"/>
</PeriodicTorsionForce>
<NonbondedForce coulomb14scale="0.5" lj14scale="0.5">
<Atom type="opls_521" charge="0.473000" sigma="0.355000" epsilon="0.292880" />
<Atom type="opls_522" charge="-0.447000" sigma="0.355000" epsilon="0.292880" />
<Atom type="opls_520" charge="-0.678000" sigma="0.325000" epsilon="0.711280" />
<Atom type="opls_526" charge="0.065000" sigma="0.242000" epsilon="0.125520" />
<Atom type="opls_523" charge="0.227000" sigma="0.355000" epsilon="0.292880" />
<Atom type="opls_524" charge="0.012000" sigma="0.242000" epsilon="0.125520" />
<Atom type="opls_525" charge="0.155000" sigma="0.242000" epsilon="0.125520" />
</NonbondedForce>
</ForceField>
