<ForceField>
<AtomTypes>
<Type name="opls_711" class="C711" element="C" mass="12.011000" />
<Type name="opls_140" class="H140" element="H" mass="1.008000" />
</AtomTypes>
<Residues>
<Residue name="NEU">
<Atom name="C00" type="opls_711" />
<Atom name="C01" type="opls_711" />
<Atom name="C02" type="opls_711" />
<Atom name="C03" type="opls_711" />
<Atom name="H04" type="opls_140" />
<Atom name="H05" type="opls_140" />
<Atom name="H06" type="opls_140" />
<Atom name="H07" type="opls_140" />
<Atom name="H08" type="opls_140" />
<Atom name="H09" type="opls_140" />
<Atom name="H0A" type="opls_140" />
<Atom name="H0B" type="opls_140" />
<Bond from="0" to="1"/>
<Bond from="0" to="2"/>
<Bond from="1" to="3"/>
<Bond from="1" to="4"/>
<Bond from="1" to="5"/>
<Bond from="2" to="6"/>
<Bond from="2" to="7"/>
<Bond from="0" to="8"/>
<Bond from="0" to="9"/>
<Bond from="3" to="10"/>
<Bond from="3" to="11"/>
<Bond from="2" to="3"/>
</Residue>
</Residues>
<HarmonicBondForce>
<Bond class1="C711" class2="C711" length="0.152000" k="217568.000000"/>
<Bond class1="C711" class2="C711" length="0.152000" k="217568.000000"/>
<Bond class1="C711" class2="C711" length="0.152000" k="217568.000000"/>
<Bond class1="H140" class2="C711" length="0.108800" k="284512.000000"/>
<Bond class1="H140" class2="C711" length="0.108800" k="284512.000000"/>
<Bond class1="H140" class2="C711" length="0.108800" k="284512.000000"/>
<Bond class1="H140" class2="C711" length="0.108800" k="284512.000000"/>
<Bond class1="H140" class2="C711" length="0.108800" k="284512.000000"/>
<Bond class1="H140" class2="C711" length="0.108800" k="284512.000000"/>
<Bond class1="H140" class2="C711" length="0.108800" k="284512.000000"/>
<Bond class1="H140" class2="C711" length="0.108800" k="284512.000000"/>
<Bond class1="C711" class2="C711" length="0.152000" k="217568.000000"/>
</HarmonicBondForce>
<HarmonicAngleForce>
<Angle class1="C711" class2="C711" class3="C711" angle="1.448623" k="251.040000"/>
<Angle class1="C711" class2="C711" class3="H140" angle="2.045526" k="313.800000"/>
<Angle class1="H140" class2="C711" class3="H140" angle="1.994911" k="292.880000"/>
</HarmonicAngleForce>
<PeriodicTorsionForce>
<Proper class1="H140" class2="C711" class3="C711" class4="C711" k1="0.000000" k2="0.000000" k3="0.000000" k4="0.000000" periodicity1="1" periodicity2="2" periodicity3="3" periodicity4="4" phase1="0.00" phase2="3.141592653589793" phase3="0.00" phase4="3.141592653589793"/>
<Proper class1="H140" class2="C711" class3="C711" class4="H140" k1="0.000000" k2="0.000000" k3="0.000000" k4="0.000000" periodicity1="1" periodicity2="2" periodicity3="3" periodicity4="4" phase1="0.00" phase2="3.141592653589793" phase3="0.00" phase4="3.141592653589793"/>
</PeriodicTorsionForce>
<NonbondedForce coulomb14scale="0.5" lj14scale="0.5">
<Atom type="opls_140" charge="0.060000" sigma="0.250000" epsilon="0.125520" />
<Atom type="opls_711" charge="-0.120000" sigma="0.343000" epsilon="0.368192" />
</NonbondedForce>
</ForceField>
