<ForceField>
<AtomTypes>
<Type name="opls_143" class="C143" element="C" mass="12.011000" />
<Type name="opls_144" class="H144" element="H" mass="1.008000" />
<Type name="opls_135" class="C135" element="C" mass="12.011000" />
<Type name="opls_140" class="H140" element="H" mass="1.008000" />
<Type name="opls_142" class="C142" element="C" mass="12.011000" />
</AtomTypes>
<Residues>
<Residue name="NEU">
<Atom name="C00" type="opls_142" />
<Atom name="C01" type="opls_135" />
<Atom name="C02" type="opls_143" />
<Atom name="H03" type="opls_140" />
<Atom name="H04" type="opls_140" />
<Atom name="H05" type="opls_140" />
<Atom name="H06" type="opls_144" />
<Atom name="H07" type="opls_144" />
<Atom name="H08" type="opls_144" />
<Bond from="0" to="1"/>
<Bond from="0" to="2"/>
<Bond from="1" to="3"/>
<Bond from="1" to="4"/>
<Bond from="1" to="5"/>
<Bond from="2" to="6"/>
<Bond from="2" to="7"/>
<Bond from="0" to="8"/>
</Residue>
</Residues>
<HarmonicBondForce>
<Bond class1="C135" class2="C142" length="0.151000" k="265265.600000"/>
<Bond class1="C143" class2="C142" length="0.134000" k="459403.200000"/>
<Bond class1="H140" class2="C135" length="0.109000" k="284512.000000"/>
<Bond class1="H140" class2="C135" length="0.109000" k="284512.000000"/>
<Bond class1="H140" class2="C135" length="0.109000" k="284512.000000"/>
<Bond class1="H144" class2="C143" length="0.108000" k="284512.000000"/>
<Bond class1="H144" class2="C143" length="0.108000" k="284512.000000"/>
<Bond class1="H144" class2="C142" length="0.108000" k="284512.000000"/>
</HarmonicBondForce>
<HarmonicAngleForce>
<Angle class1="C135" class2="C142" class3="C143" angle="2.164208" k="585.760000"/>
<Angle class1="C142" class2="C135" class3="H140" angle="1.911136" k="292.880000"/>
<Angle class1="C142" class2="C143" class3="H144" angle="2.094395" k="292.880000"/>
<Angle class1="C135" class2="C142" class3="H144" angle="2.042035" k="292.880000"/>
<Angle class1="H140" class2="C135" class3="H140" angle="1.881465" k="276.144000"/>
<Angle class1="H144" class2="C143" class3="H144" angle="2.042035" k="292.880000"/>
<Angle class1="C143" class2="C142" class3="H144" angle="2.094395" k="292.880000"/>
</HarmonicAngleForce>
<PeriodicTorsionForce>
<Proper class1="H140" class2="C135" class3="C142" class4="C143" k1="0.000000" k2="0.000000" k3="-0.778224" k4="0.000000" periodicity1="1" periodicity2="2" periodicity3="3" periodicity4="4" phase1="0.00" phase2="3.141592653589793" phase3="0.00" phase4="3.141592653589793"/>
<Proper class1="H144" class2="C142" class3="C135" class4="H140" k1="0.000000" k2="0.000000" k3="0.665256" k4="0.000000" periodicity1="1" periodicity2="2" periodicity3="3" periodicity4="4" phase1="0.00" phase2="3.141592653589793" phase3="0.00" phase4="3.141592653589793"/>
<Proper class1="H144" class2="C142" class3="C143" class4="H144" k1="0.000000" k2="29.288000" k3="0.000000" k4="0.000000" periodicity1="1" periodicity2="2" periodicity3="3" periodicity4="4" phase1="0.00" phase2="3.141592653589793" phase3="0.00" phase4="3.141592653589793"/>
<Proper class1="H144" class2="C143" class3="C142" class4="C135" k1="0.000000" k2="29.288000" k3="0.000000" k4="0.000000" periodicity1="1" periodicity2="2" periodicity3="3" periodicity4="4" phase1="0.00" phase2="3.141592653589793" phase3="0.00" phase4="3.141592653589793"/>
<Improper class1="C142" class2="H144" class3="C143" class4="C135" k1="0.000000" k2="10.460000" k3="0.000000" k4="0.000000" periodicity1="1" periodicity2="2" periodicity3="3" periodicity4="4" phase1="0.00" phase2="3.141592653589793" phase3="0.00" phase4="3.141592653589793"/>
</PeriodicTorsionForce>
<NonbondedForce coulomb14scale="0.5" lj14scale="0.5">
<Atom type="opls_140" charge="0.060000" sigma="0.250000" epsilon="0.125520" />
<Atom type="opls_143" charge="-0.230000" sigma="0.355000" epsilon="0.317984" />
<Atom type="opls_144" charge="0.115000" sigma="0.242000" epsilon="0.125520" />
<Atom type="opls_135" charge="-0.180000" sigma="0.350000" epsilon="0.276144" />
<Atom type="opls_142" charge="-0.115000" sigma="0.355000" epsilon="0.317984" />
</NonbondedForce>
</ForceField>
