<ForceField>
<AtomTypes>
<Type name="opls_660" class="C660" element="C" mass="12.011000" />
<Type name="opls_664" class="H664" element="H" mass="1.008000" />
<Type name="opls_666" class="H666" element="H" mass="1.008000" />
<Type name="opls_662" class="C662" element="C" mass="12.011000" />
<Type name="opls_658" class="C658" element="C" mass="12.011000" />
<Type name="opls_665" class="H665" element="H" mass="1.008000" />
<Type name="opls_657" class="N657" element="N" mass="14.007000" />
<Type name="opls_663" class="H663" element="H" mass="1.008000" />
<Type name="opls_661" class="C661" element="C" mass="12.011000" />
<Type name="opls_659" class="N659" element="N" mass="14.007000" />
</AtomTypes>
<Residues>
<Residue name="NEU">
<Atom name="N00" type="opls_657" />
<Atom name="C01" type="opls_658" />
<Atom name="N02" type="opls_659" />
<Atom name="C03" type="opls_661" />
<Atom name="C04" type="opls_660" />
<Atom name="C05" type="opls_662" />
<Atom name="H06" type="opls_663" />
<Atom name="H07" type="opls_665" />
<Atom name="H08" type="opls_664" />
<Atom name="H09" type="opls_666" />
<Atom name="H0A" type="opls_666" />
<Atom name="H0B" type="opls_666" />
<Bond from="0" to="1"/>
<Bond from="1" to="2"/>
<Bond from="0" to="3"/>
<Bond from="2" to="4"/>
<Bond from="0" to="5"/>
<Bond from="1" to="6"/>
<Bond from="3" to="7"/>
<Bond from="4" to="8"/>
<Bond from="5" to="9"/>
<Bond from="5" to="10"/>
<Bond from="5" to="11"/>
<Bond from="3" to="4"/>
</Residue>
</Residues>
<HarmonicBondForce>
<Bond class1="C658" class2="N657" length="0.134300" k="399153.600000"/>
<Bond class1="N659" class2="C658" length="0.133500" k="408358.400000"/>
<Bond class1="C661" class2="N657" length="0.138100" k="357313.600000"/>
<Bond class1="C660" class2="N659" length="0.139400" k="343088.000000"/>
<Bond class1="C662" class2="N657" length="0.147500" k="282001.600000"/>
<Bond class1="H663" class2="C658" length="0.108000" k="307105.600000"/>
<Bond class1="H665" class2="C661" length="0.108000" k="307105.600000"/>
<Bond class1="H664" class2="C660" length="0.108000" k="307105.600000"/>
<Bond class1="H666" class2="C662" length="0.109000" k="284512.000000"/>
<Bond class1="H666" class2="C662" length="0.109000" k="284512.000000"/>
<Bond class1="H666" class2="C662" length="0.109000" k="284512.000000"/>
<Bond class1="C660" class2="C661" length="0.137000" k="435136.000000"/>
</HarmonicBondForce>
<HarmonicAngleForce>
<Angle class1="N657" class2="C658" class3="N659" angle="1.928589" k="585.760000"/>
<Angle class1="C658" class2="N657" class3="C661" angle="1.916372" k="585.760000"/>
<Angle class1="C658" class2="N659" class3="C660" angle="1.919862" k="585.760000"/>
<Angle class1="C658" class2="N657" class3="C662" angle="2.202606" k="585.760000"/>
<Angle class1="N657" class2="C658" class3="H663" angle="2.094395" k="292.880000"/>
<Angle class1="N657" class2="C661" class3="H665" angle="2.122320" k="292.880000"/>
<Angle class1="N659" class2="C660" class3="H664" angle="2.124066" k="292.880000"/>
<Angle class1="N657" class2="C662" class3="H666" angle="1.911136" k="292.880000"/>
<Angle class1="N657" class2="C661" class3="C660" angle="1.808161" k="585.760000"/>
<Angle class1="H666" class2="C662" class3="H666" angle="1.881465" k="276.144000"/>
<Angle class1="C661" class2="C660" class3="H664" angle="2.237512" k="292.880000"/>
<Angle class1="C661" class2="N657" class3="C662" angle="2.164208" k="585.760000"/>
<Angle class1="N659" class2="C660" class3="C661" angle="1.897173" k="585.760000"/>
<Angle class1="N659" class2="C658" class3="H663" angle="2.094395" k="292.880000"/>
<Angle class1="C660" class2="C661" class3="H665" angle="2.303835" k="292.880000"/>
</HarmonicAngleForce>
<PeriodicTorsionForce>
<Proper class1="C660" class2="N659" class3="C658" class4="N657" k1="0.000000" k2="20.920000" k3="0.000000" k4="0.000000" periodicity1="1" periodicity2="2" periodicity3="3" periodicity4="4" phase1="0.00" phase2="3.141592653589793" phase3="0.00" phase4="3.141592653589793"/>
<Proper class1="C661" class2="N657" class3="C658" class4="N659" k1="0.000000" k2="20.920000" k3="0.000000" k4="0.000000" periodicity1="1" periodicity2="2" periodicity3="3" periodicity4="4" phase1="0.00" phase2="3.141592653589793" phase3="0.00" phase4="3.141592653589793"/>
<Proper class1="C662" class2="N657" class3="C658" class4="N659" k1="0.000000" k2="20.920000" k3="0.000000" k4="0.000000" periodicity1="1" periodicity2="2" periodicity3="3" periodicity4="4" phase1="0.00" phase2="3.141592653589793" phase3="0.00" phase4="3.141592653589793"/>
<Proper class1="C662" class2="N657" class3="C661" class4="C660" k1="0.000000" k2="10.460000" k3="0.000000" k4="0.000000" periodicity1="1" periodicity2="2" periodicity3="3" periodicity4="4" phase1="0.00" phase2="3.141592653589793" phase3="0.00" phase4="3.141592653589793"/>
<Proper class1="H663" class2="C658" class3="N657" class4="C661" k1="0.000000" k2="20.920000" k3="0.000000" k4="0.000000" periodicity1="1" periodicity2="2" periodicity3="3" periodicity4="4" phase1="0.00" phase2="3.141592653589793" phase3="0.00" phase4="3.141592653589793"/>
<Proper class1="H663" class2="C658" class3="N657" class4="C662" k1="0.000000" k2="20.920000" k3="0.000000" k4="0.000000" periodicity1="1" periodicity2="2" periodicity3="3" periodicity4="4" phase1="0.00" phase2="3.141592653589793" phase3="0.00" phase4="3.141592653589793"/>
<Proper class1="H663" class2="C658" class3="N659" class4="C660" k1="0.000000" k2="15.167000" k3="0.000000" k4="0.000000" periodicity1="1" periodicity2="2" periodicity3="3" periodicity4="4" phase1="0.00" phase2="3.141592653589793" phase3="0.00" phase4="3.141592653589793"/>
<Proper class1="H664" class2="C660" class3="C661" class4="H665" k1="0.000000" k2="22.489000" k3="0.000000" k4="0.000000" periodicity1="1" periodicity2="2" periodicity3="3" periodicity4="4" phase1="0.00" phase2="3.141592653589793" phase3="0.00" phase4="3.141592653589793"/>
<Proper class1="H664" class2="C660" class3="C661" class4="N657" k1="0.000000" k2="22.489000" k3="0.000000" k4="0.000000" periodicity1="1" periodicity2="2" periodicity3="3" periodicity4="4" phase1="0.00" phase2="3.141592653589793" phase3="0.00" phase4="3.141592653589793"/>
<Proper class1="H664" class2="C660" class3="N659" class4="C658" k1="0.000000" k2="15.167000" k3="0.000000" k4="0.000000" periodicity1="1" periodicity2="2" periodicity3="3" periodicity4="4" phase1="0.00" phase2="3.141592653589793" phase3="0.00" phase4="3.141592653589793"/>
<Proper class1="H665" class2="C661" class3="C660" class4="N659" k1="0.000000" k2="15.167000" k3="0.000000" k4="0.000000" periodicity1="1" periodicity2="2" periodicity3="3" periodicity4="4" phase1="0.00" phase2="3.141592653589793" phase3="0.00" phase4="3.141592653589793"/>
<Proper class1="H665" class2="C661" class3="N657" class4="C658" k1="0.000000" k2="10.460000" k3="0.000000" k4="0.000000" periodicity1="1" periodicity2="2" periodicity3="3" periodicity4="4" phase1="0.00" phase2="3.141592653589793" phase3="0.00" phase4="3.141592653589793"/>
<Proper class1="H665" class2="C661" class3="N657" class4="C662" k1="0.000000" k2="10.460000" k3="0.000000" k4="0.000000" periodicity1="1" periodicity2="2" periodicity3="3" periodicity4="4" phase1="0.00" phase2="3.141592653589793" phase3="0.00" phase4="3.141592653589793"/>
<Proper class1="H666" class2="C662" class3="N657" class4="C658" k1="0.000000" k2="0.313800" k3="0.000000" k4="0.000000" periodicity1="1" periodicity2="2" periodicity3="3" periodicity4="4" phase1="0.00" phase2="3.141592653589793" phase3="0.00" phase4="3.141592653589793"/>
<Proper class1="H666" class2="C662" class3="N657" class4="C661" k1="0.000000" k2="0.313800" k3="0.000000" k4="0.000000" periodicity1="1" periodicity2="2" periodicity3="3" periodicity4="4" phase1="0.00" phase2="3.141592653589793" phase3="0.00" phase4="3.141592653589793"/>
<Improper class1="C660" class2="H664" class3="N659" class4="C661" k1="0.000000" k2="10.460000" k3="0.000000" k4="0.000000" periodicity1="1" periodicity2="2" periodicity3="3" periodicity4="4" phase1="0.00" phase2="3.141592653589793" phase3="0.00" phase4="3.141592653589793"/>
<Improper class1="C661" class2="N657" class3="C660" class4="H665" k1="0.000000" k2="10.460000" k3="0.000000" k4="0.000000" periodicity1="1" periodicity2="2" periodicity3="3" periodicity4="4" phase1="0.00" phase2="3.141592653589793" phase3="0.00" phase4="3.141592653589793"/>
<Improper class1="C658" class2="N657" class3="N659" class4="H663" k1="0.000000" k2="10.460000" k3="0.000000" k4="0.000000" periodicity1="1" periodicity2="2" periodicity3="3" periodicity4="4" phase1="0.00" phase2="3.141592653589793" phase3="0.00" phase4="3.141592653589793"/>
</PeriodicTorsionForce>
<NonbondedForce coulomb14scale="0.5" lj14scale="0.5">
<Atom type="opls_658" charge="0.166000" sigma="0.355000" epsilon="0.292880" />
<Atom type="opls_664" charge="0.093000" sigma="0.242000" epsilon="0.125520" />
<Atom type="opls_662" charge="-0.199000" sigma="0.350000" epsilon="0.276144" />
<Atom type="opls_665" charge="0.208000" sigma="0.242000" epsilon="0.125520" />
<Atom type="opls_657" charge="0.122000" sigma="0.325000" epsilon="0.711280" />
<Atom type="opls_659" charge="-0.580000" sigma="0.325000" epsilon="0.711280" />
<Atom type="opls_666" charge="0.098000" sigma="0.250000" epsilon="0.125520" />
<Atom type="opls_660" charge="0.173000" sigma="0.355000" epsilon="0.292880" />
<Atom type="opls_663" charge="0.118000" sigma="0.242000" epsilon="0.125520" />
<Atom type="opls_661" charge="-0.395000" sigma="0.355000" epsilon="0.292880" />
</NonbondedForce>
</ForceField>
