<ForceField>
<AtomTypes>
<Type name="opls_281" class="O281" element="O" mass="15.999000" />
<Type name="opls_282" class="H282" element="H" mass="1.008000" />
<Type name="opls_144" class="H144" element="H" mass="1.008000" />
<Type name="opls_136" class="C136" element="C" mass="12.011000" />
<Type name="opls_140" class="H140" element="H" mass="1.008000" />
<Type name="opls_142" class="C142" element="C" mass="12.011000" />
<Type name="opls_137" class="C137" element="C" mass="12.011000" />
<Type name="opls_280" class="C280" element="C" mass="12.011000" />
</AtomTypes>
<Residues>
<Residue name="NEU">
<Atom name="C00" type="opls_137" />
<Atom name="C01" type="opls_136" />
<Atom name="C02" type="opls_136" />
<Atom name="C03" type="opls_142" />
<Atom name="H04" type="opls_140" />
<Atom name="C05" type="opls_137" />
<Atom name="H06" type="opls_140" />
<Atom name="H07" type="opls_140" />
<Atom name="C08" type="opls_280" />
<Atom name="C09" type="opls_142" />
<Atom name="H0A" type="opls_282" />
<Atom name="O0B" type="opls_281" />
<Atom name="H0C" type="opls_282" />
<Atom name="H0D" type="opls_282" />
<Atom name="H0E" type="opls_144" />
<Atom name="H0F" type="opls_144" />
<Bond from="0" to="1"/>
<Bond from="0" to="2"/>
<Bond from="0" to="3"/>
<Bond from="0" to="4"/>
<Bond from="1" to="5"/>
<Bond from="1" to="6"/>
<Bond from="1" to="7"/>
<Bond from="2" to="8"/>
<Bond from="3" to="9"/>
<Bond from="5" to="10"/>
<Bond from="8" to="11"/>
<Bond from="2" to="12"/>
<Bond from="2" to="13"/>
<Bond from="9" to="14"/>
<Bond from="3" to="15"/>
<Bond from="5" to="8"/>
<Bond from="5" to="9"/>
</Residue>
</Residues>
<HarmonicBondForce>
<Bond class1="C136" class2="C137" length="0.152900" k="224262.400000"/>
<Bond class1="C136" class2="C137" length="0.152900" k="224262.400000"/>
<Bond class1="C142" class2="C137" length="0.151000" k="265265.600000"/>
<Bond class1="H140" class2="C137" length="0.109000" k="284512.000000"/>
<Bond class1="C137" class2="C136" length="0.152900" k="224262.400000"/>
<Bond class1="H140" class2="C136" length="0.109000" k="284512.000000"/>
<Bond class1="H140" class2="C136" length="0.109000" k="284512.000000"/>
<Bond class1="C280" class2="C136" length="0.152200" k="265265.600000"/>
<Bond class1="C142" class2="C142" length="0.134000" k="459403.200000"/>
<Bond class1="H282" class2="C137" length="0.109000" k="284512.000000"/>
<Bond class1="O281" class2="C280" length="0.122900" k="476976.000000"/>
<Bond class1="H282" class2="C136" length="0.109000" k="284512.000000"/>
<Bond class1="H282" class2="C136" length="0.109000" k="284512.000000"/>
<Bond class1="H144" class2="C142" length="0.108000" k="284512.000000"/>
<Bond class1="H144" class2="C142" length="0.108000" k="284512.000000"/>
<Bond class1="C280" class2="C137" length="0.152200" k="265265.600000"/>
<Bond class1="C142" class2="C137" length="0.151000" k="265265.600000"/>
</HarmonicBondForce>
<HarmonicAngleForce>
<Angle class1="C136" class2="C137" class3="C136" angle="1.966986" k="488.272800"/>
<Angle class1="C136" class2="C137" class3="C142" angle="1.939061" k="527.184000"/>
<Angle class1="C136" class2="C137" class3="H140" angle="1.932079" k="313.800000"/>
<Angle class1="C137" class2="C136" class3="C137" angle="1.966986" k="488.272800"/>
<Angle class1="C137" class2="C136" class3="H140" angle="1.932079" k="313.800000"/>
<Angle class1="C137" class2="C136" class3="C280" angle="1.939061" k="527.184000"/>
<Angle class1="C137" class2="C142" class3="C142" angle="2.164208" k="585.760000"/>
<Angle class1="C136" class2="C137" class3="H282" angle="1.932079" k="313.800000"/>
<Angle class1="C136" class2="C280" class3="O281" angle="2.101376" k="669.440000"/>
<Angle class1="C137" class2="C136" class3="H282" angle="1.932079" k="313.800000"/>
<Angle class1="C142" class2="C142" class3="H144" angle="2.094395" k="292.880000"/>
<Angle class1="C137" class2="C142" class3="H144" angle="2.042035" k="292.880000"/>
<Angle class1="C280" class2="C137" class3="C142" angle="1.954769" k="527.184000"/>
<Angle class1="C136" class2="C280" class3="C137" angle="2.024582" k="585.760000"/>
<Angle class1="C280" class2="C137" class3="H282" angle="1.911136" k="292.880000"/>
<Angle class1="H282" class2="C136" class3="H282" angle="1.881465" k="276.144000"/>
<Angle class1="H140" class2="C136" class3="H140" angle="1.881465" k="276.144000"/>
<Angle class1="C142" class2="C137" class3="H140" angle="1.911136" k="292.880000"/>
<Angle class1="C142" class2="C142" class3="C137" angle="2.164208" k="585.760000"/>
<Angle class1="C142" class2="C137" class3="H282" angle="1.911136" k="292.880000"/>
<Angle class1="C280" class2="C136" class3="H282" angle="1.911136" k="292.880000"/>
<Angle class1="C136" class2="C137" class3="C280" angle="1.939061" k="527.184000"/>
<Angle class1="C137" class2="C280" class3="O281" angle="2.101376" k="669.440000"/>
</HarmonicAngleForce>
<PeriodicTorsionForce>
<Proper class1="C137" class2="C136" class3="C137" class4="C136" k1="2.719600" k2="-0.418400" k3="0.418400" k4="0.000000" periodicity1="1" periodicity2="2" periodicity3="3" periodicity4="4" phase1="0.00" phase2="3.141592653589793" phase3="0.00" phase4="3.141592653589793"/>
<Proper class1="C137" class2="C136" class3="C137" class4="H140" k1="0.000000" k2="0.000000" k3="0.627600" k4="0.000000" periodicity1="1" periodicity2="2" periodicity3="3" periodicity4="4" phase1="0.00" phase2="3.141592653589793" phase3="0.00" phase4="3.141592653589793"/>
<Proper class1="C142" class2="C137" class3="C136" class4="H140" k1="0.000000" k2="0.000000" k3="0.765672" k4="0.000000" periodicity1="1" periodicity2="2" periodicity3="3" periodicity4="4" phase1="0.00" phase2="3.141592653589793" phase3="0.00" phase4="3.141592653589793"/>
<Proper class1="C142" class2="C137" class3="C280" class4="C136" k1="3.041768" k2="-0.301248" k3="-1.621300" k4="0.000000" periodicity1="1" periodicity2="2" periodicity3="3" periodicity4="4" phase1="0.00" phase2="3.141592653589793" phase3="0.00" phase4="3.141592653589793"/>
<Proper class1="C142" class2="C142" class3="C137" class4="C136" k1="0.723832" k2="0.847260" k3="-1.891168" k4="0.000000" periodicity1="1" periodicity2="2" periodicity3="3" periodicity4="4" phase1="0.00" phase2="3.141592653589793" phase3="0.00" phase4="3.141592653589793"/>
<Proper class1="C142" class2="C142" class3="C137" class4="H140" k1="0.000000" k2="0.000000" k3="-0.778224" k4="0.000000" periodicity1="1" periodicity2="2" periodicity3="3" periodicity4="4" phase1="0.00" phase2="3.141592653589793" phase3="0.00" phase4="3.141592653589793"/>
<Proper class1="C280" class2="C136" class3="C137" class4="C136" k1="-4.309520" k2="-0.654796" k3="0.658980" k4="0.000000" periodicity1="1" periodicity2="2" periodicity3="3" periodicity4="4" phase1="0.00" phase2="3.141592653589793" phase3="0.00" phase4="3.141592653589793"/>
<Proper class1="C280" class2="C136" class3="C137" class4="C142" k1="-4.309520" k2="-0.654796" k3="0.658980" k4="0.000000" periodicity1="1" periodicity2="2" periodicity3="3" periodicity4="4" phase1="0.00" phase2="3.141592653589793" phase3="0.00" phase4="3.141592653589793"/>
<Proper class1="C280" class2="C136" class3="C137" class4="H140" k1="0.000000" k2="0.000000" k3="-0.209200" k4="0.000000" periodicity1="1" periodicity2="2" periodicity3="3" periodicity4="4" phase1="0.00" phase2="3.141592653589793" phase3="0.00" phase4="3.141592653589793"/>
<Proper class1="C280" class2="C137" class3="C136" class4="H140" k1="0.000000" k2="0.000000" k3="-0.209200" k4="0.000000" periodicity1="1" periodicity2="2" periodicity3="3" periodicity4="4" phase1="0.00" phase2="3.141592653589793" phase3="0.00" phase4="3.141592653589793"/>
<Proper class1="C280" class2="C137" class3="C142" class4="C142" k1="0.723832" k2="0.847260" k3="-1.891168" k4="0.000000" periodicity1="1" periodicity2="2" periodicity3="3" periodicity4="4" phase1="0.00" phase2="3.141592653589793" phase3="0.00" phase4="3.141592653589793"/>
<Proper class1="H140" class2="C136" class3="C137" class4="C136" k1="0.000000" k2="0.000000" k3="0.627600" k4="0.000000" periodicity1="1" periodicity2="2" periodicity3="3" periodicity4="4" phase1="0.00" phase2="3.141592653589793" phase3="0.00" phase4="3.141592653589793"/>
<Proper class1="H140" class2="C136" class3="C137" class4="C142" k1="0.000000" k2="0.000000" k3="0.765672" k4="0.000000" periodicity1="1" periodicity2="2" periodicity3="3" periodicity4="4" phase1="0.00" phase2="3.141592653589793" phase3="0.00" phase4="3.141592653589793"/>
<Proper class1="H140" class2="C136" class3="C137" class4="H140" k1="0.000000" k2="0.000000" k3="0.627600" k4="0.000000" periodicity1="1" periodicity2="2" periodicity3="3" periodicity4="4" phase1="0.00" phase2="3.141592653589793" phase3="0.00" phase4="3.141592653589793"/>
<Proper class1="H144" class2="C142" class3="C137" class4="C136" k1="0.000000" k2="-16.736000" k3="0.000000" k4="0.000000" periodicity1="1" periodicity2="2" periodicity3="3" periodicity4="4" phase1="0.00" phase2="3.141592653589793" phase3="0.00" phase4="3.141592653589793"/>
<Proper class1="H144" class2="C142" class3="C137" class4="C280" k1="0.000000" k2="-16.736000" k3="0.000000" k4="0.000000" periodicity1="1" periodicity2="2" periodicity3="3" periodicity4="4" phase1="0.00" phase2="3.141592653589793" phase3="0.00" phase4="3.141592653589793"/>
<Proper class1="H144" class2="C142" class3="C137" class4="H140" k1="0.000000" k2="0.000000" k3="0.665256" k4="0.000000" periodicity1="1" periodicity2="2" periodicity3="3" periodicity4="4" phase1="0.00" phase2="3.141592653589793" phase3="0.00" phase4="3.141592653589793"/>
<Proper class1="H144" class2="C142" class3="C137" class4="H282" k1="0.000000" k2="0.000000" k3="0.665256" k4="0.000000" periodicity1="1" periodicity2="2" periodicity3="3" periodicity4="4" phase1="0.00" phase2="3.141592653589793" phase3="0.00" phase4="3.141592653589793"/>
<Proper class1="H144" class2="C142" class3="C142" class4="C137" k1="0.000000" k2="29.288000" k3="0.000000" k4="0.000000" periodicity1="1" periodicity2="2" periodicity3="3" periodicity4="4" phase1="0.00" phase2="3.141592653589793" phase3="0.00" phase4="3.141592653589793"/>
<Proper class1="H144" class2="C142" class3="C142" class4="H144" k1="0.000000" k2="29.288000" k3="0.000000" k4="0.000000" periodicity1="1" periodicity2="2" periodicity3="3" periodicity4="4" phase1="0.00" phase2="3.141592653589793" phase3="0.00" phase4="3.141592653589793"/>
<Proper class1="H282" class2="C136" class3="C137" class4="C136" k1="0.000000" k2="0.000000" k3="0.627600" k4="0.000000" periodicity1="1" periodicity2="2" periodicity3="3" periodicity4="4" phase1="0.00" phase2="3.141592653589793" phase3="0.00" phase4="3.141592653589793"/>
<Proper class1="H282" class2="C136" class3="C137" class4="C142" k1="0.000000" k2="0.000000" k3="0.765672" k4="0.000000" periodicity1="1" periodicity2="2" periodicity3="3" periodicity4="4" phase1="0.00" phase2="3.141592653589793" phase3="0.00" phase4="3.141592653589793"/>
<Proper class1="H282" class2="C136" class3="C137" class4="H140" k1="0.000000" k2="0.000000" k3="0.627600" k4="0.000000" periodicity1="1" periodicity2="2" periodicity3="3" periodicity4="4" phase1="0.00" phase2="3.141592653589793" phase3="0.00" phase4="3.141592653589793"/>
<Proper class1="H282" class2="C136" class3="C280" class4="C137" k1="0.000000" k2="0.000000" k3="0.575300" k4="0.000000" periodicity1="1" periodicity2="2" periodicity3="3" periodicity4="4" phase1="0.00" phase2="3.141592653589793" phase3="0.00" phase4="3.141592653589793"/>
<Proper class1="H282" class2="C136" class3="C280" class4="O281" k1="0.000000" k2="0.000000" k3="0.000000" k4="0.000000" periodicity1="1" periodicity2="2" periodicity3="3" periodicity4="4" phase1="0.00" phase2="3.141592653589793" phase3="0.00" phase4="3.141592653589793"/>
<Proper class1="H282" class2="C137" class3="C136" class4="C137" k1="0.000000" k2="0.000000" k3="0.627600" k4="0.000000" periodicity1="1" periodicity2="2" periodicity3="3" periodicity4="4" phase1="0.00" phase2="3.141592653589793" phase3="0.00" phase4="3.141592653589793"/>
<Proper class1="H282" class2="C137" class3="C136" class4="H140" k1="0.000000" k2="0.000000" k3="0.627600" k4="0.000000" periodicity1="1" periodicity2="2" periodicity3="3" periodicity4="4" phase1="0.00" phase2="3.141592653589793" phase3="0.00" phase4="3.141592653589793"/>
<Proper class1="H282" class2="C137" class3="C142" class4="C142" k1="0.000000" k2="0.000000" k3="-0.778224" k4="0.000000" periodicity1="1" periodicity2="2" periodicity3="3" periodicity4="4" phase1="0.00" phase2="3.141592653589793" phase3="0.00" phase4="3.141592653589793"/>
<Proper class1="H282" class2="C137" class3="C280" class4="C136" k1="0.000000" k2="0.000000" k3="0.575300" k4="0.000000" periodicity1="1" periodicity2="2" periodicity3="3" periodicity4="4" phase1="0.00" phase2="3.141592653589793" phase3="0.00" phase4="3.141592653589793"/>
<Proper class1="O281" class2="C280" class3="C136" class4="C137" k1="0.000000" k2="0.000000" k3="0.000000" k4="0.000000" periodicity1="1" periodicity2="2" periodicity3="3" periodicity4="4" phase1="0.00" phase2="3.141592653589793" phase3="0.00" phase4="3.141592653589793"/>
<Proper class1="O281" class2="C280" class3="C137" class4="C136" k1="0.000000" k2="0.000000" k3="0.000000" k4="0.000000" periodicity1="1" periodicity2="2" periodicity3="3" periodicity4="4" phase1="0.00" phase2="3.141592653589793" phase3="0.00" phase4="3.141592653589793"/>
<Proper class1="O281" class2="C280" class3="C137" class4="C142" k1="0.000000" k2="0.000000" k3="0.000000" k4="0.000000" periodicity1="1" periodicity2="2" periodicity3="3" periodicity4="4" phase1="0.00" phase2="3.141592653589793" phase3="0.00" phase4="3.141592653589793"/>
<Proper class1="O281" class2="C280" class3="C137" class4="H282" k1="0.000000" k2="0.000000" k3="0.000000" k4="0.000000" periodicity1="1" periodicity2="2" periodicity3="3" periodicity4="4" phase1="0.00" phase2="3.141592653589793" phase3="0.00" phase4="3.141592653589793"/>
<Improper class1="C280" class2="C136" class3="O281" class4="C137" k1="0.000000" k2="43.932000" k3="0.000000" k4="0.000000" periodicity1="1" periodicity2="2" periodicity3="3" periodicity4="4" phase1="0.00" phase2="3.141592653589793" phase3="0.00" phase4="3.141592653589793"/>
</PeriodicTorsionForce>
<NonbondedForce coulomb14scale="0.5" lj14scale="0.5">
<Atom type="opls_142" charge="-0.115000" sigma="0.355000" epsilon="0.317984" />
<Atom type="opls_137" charge="-0.060000" sigma="0.350000" epsilon="0.276144" />
<Atom type="opls_140" charge="0.060000" sigma="0.250000" epsilon="0.125520" />
<Atom type="opls_282" charge="0.060000" sigma="0.242000" epsilon="0.062760" />
<Atom type="opls_136" charge="-0.120000" sigma="0.350000" epsilon="0.276144" />
<Atom type="opls_281" charge="-0.470000" sigma="0.296000" epsilon="0.878640" />
<Atom type="opls_280" charge="0.470000" sigma="0.375000" epsilon="0.439320" />
<Atom type="opls_144" charge="0.115000" sigma="0.242000" epsilon="0.125520" />
</NonbondedForce>
</ForceField>
