<ForceField>
<AtomTypes>
<Type name="opls_1066" class="C066" element="C" mass="12.011000" />
<Type name="opls_135" class="C135" element="C" mass="12.011000" />
<Type name="opls_140" class="H140" element="H" mass="1.008000" />
<Type name="opls_1060" class="Si060" element="Si" mass="28.085000" />
</AtomTypes>
<Residues>
<Residue name="NEU">
<Atom name="Si0" type="opls_1060" />
<Atom name="C01" type="opls_1066" />
<Atom name="C02" type="opls_1066" />
<Atom name="C03" type="opls_135" />
<Atom name="H04" type="opls_140" />
<Atom name="H05" type="opls_140" />
<Atom name="C06" type="opls_135" />
<Atom name="H07" type="opls_140" />
<Atom name="H08" type="opls_140" />
<Atom name="C09" type="opls_1066" />
<Atom name="C0A" type="opls_1066" />
<Atom name="C0B" type="opls_135" />
<Atom name="H0C" type="opls_140" />
<Atom name="H0D" type="opls_140" />
<Atom name="C0E" type="opls_135" />
<Atom name="H0F" type="opls_140" />
<Atom name="H0G" type="opls_140" />
<Atom name="H0H" type="opls_140" />
<Atom name="H0I" type="opls_140" />
<Atom name="H0J" type="opls_140" />
<Atom name="H0K" type="opls_140" />
<Atom name="H0M" type="opls_140" />
<Atom name="H0N" type="opls_140" />
<Atom name="H0O" type="opls_140" />
<Atom name="H0P" type="opls_140" />
<Atom name="H0Q" type="opls_140" />
<Atom name="H0R" type="opls_140" />
<Atom name="H0S" type="opls_140" />
<Atom name="H0T" type="opls_140" />
<Bond from="0" to="1"/>
<Bond from="0" to="2"/>
<Bond from="1" to="3"/>
<Bond from="1" to="4"/>
<Bond from="1" to="5"/>
<Bond from="2" to="6"/>
<Bond from="2" to="7"/>
<Bond from="2" to="8"/>
<Bond from="0" to="9"/>
<Bond from="0" to="10"/>
<Bond from="9" to="11"/>
<Bond from="9" to="12"/>
<Bond from="9" to="13"/>
<Bond from="10" to="14"/>
<Bond from="10" to="15"/>
<Bond from="10" to="16"/>
<Bond from="3" to="17"/>
<Bond from="3" to="18"/>
<Bond from="3" to="19"/>
<Bond from="6" to="20"/>
<Bond from="6" to="21"/>
<Bond from="6" to="22"/>
<Bond from="11" to="23"/>
<Bond from="11" to="24"/>
<Bond from="11" to="25"/>
<Bond from="14" to="26"/>
<Bond from="14" to="27"/>
<Bond from="14" to="28"/>
</Residue>
</Residues>
<HarmonicBondForce>
<Bond class1="C066" class2="Si060" length="0.187000" k="200832.000000"/>
<Bond class1="C066" class2="Si060" length="0.187000" k="200832.000000"/>
<Bond class1="C135" class2="C066" length="0.152900" k="224262.400000"/>
<Bond class1="H140" class2="C066" length="0.109000" k="284512.000000"/>
<Bond class1="H140" class2="C066" length="0.109000" k="284512.000000"/>
<Bond class1="C135" class2="C066" length="0.152900" k="224262.400000"/>
<Bond class1="H140" class2="C066" length="0.109000" k="284512.000000"/>
<Bond class1="H140" class2="C066" length="0.109000" k="284512.000000"/>
<Bond class1="C066" class2="Si060" length="0.187000" k="200832.000000"/>
<Bond class1="C066" class2="Si060" length="0.187000" k="200832.000000"/>
<Bond class1="C135" class2="C066" length="0.152900" k="224262.400000"/>
<Bond class1="H140" class2="C066" length="0.109000" k="284512.000000"/>
<Bond class1="H140" class2="C066" length="0.109000" k="284512.000000"/>
<Bond class1="C135" class2="C066" length="0.152900" k="224262.400000"/>
<Bond class1="H140" class2="C066" length="0.109000" k="284512.000000"/>
<Bond class1="H140" class2="C066" length="0.109000" k="284512.000000"/>
<Bond class1="H140" class2="C135" length="0.109000" k="284512.000000"/>
<Bond class1="H140" class2="C135" length="0.109000" k="284512.000000"/>
<Bond class1="H140" class2="C135" length="0.109000" k="284512.000000"/>
<Bond class1="H140" class2="C135" length="0.109000" k="284512.000000"/>
<Bond class1="H140" class2="C135" length="0.109000" k="284512.000000"/>
<Bond class1="H140" class2="C135" length="0.109000" k="284512.000000"/>
<Bond class1="H140" class2="C135" length="0.109000" k="284512.000000"/>
<Bond class1="H140" class2="C135" length="0.109000" k="284512.000000"/>
<Bond class1="H140" class2="C135" length="0.109000" k="284512.000000"/>
<Bond class1="H140" class2="C135" length="0.109000" k="284512.000000"/>
<Bond class1="H140" class2="C135" length="0.109000" k="284512.000000"/>
<Bond class1="H140" class2="C135" length="0.109000" k="284512.000000"/>
</HarmonicBondForce>
<HarmonicAngleForce>
<Angle class1="C066" class2="Si060" class3="C066" angle="1.963495" k="309.616000"/>
<Angle class1="Si060" class2="C066" class3="C135" angle="1.989675" k="334.720000"/>
<Angle class1="Si060" class2="C066" class3="H140" angle="1.935570" k="292.880000"/>
<Angle class1="C066" class2="C135" class3="H140" angle="1.932079" k="313.800000"/>
<Angle class1="H140" class2="C135" class3="H140" angle="1.881465" k="276.144000"/>
<Angle class1="C135" class2="C066" class3="H140" angle="1.932079" k="313.800000"/>
<Angle class1="H140" class2="C066" class3="H140" angle="1.881465" k="276.144000"/>
</HarmonicAngleForce>
<PeriodicTorsionForce>
<Proper class1="C066" class2="Si060" class3="C066" class4="C135" k1="1.673600" k2="0.000000" k3="0.418400" k4="0.000000" periodicity1="1" periodicity2="2" periodicity3="3" periodicity4="4" phase1="0.00" phase2="3.141592653589793" phase3="0.00" phase4="3.141592653589793"/>
<Proper class1="C066" class2="Si060" class3="C066" class4="H140" k1="0.000000" k2="0.000000" k3="0.376560" k4="0.000000" periodicity1="1" periodicity2="2" periodicity3="3" periodicity4="4" phase1="0.00" phase2="3.141592653589793" phase3="0.00" phase4="3.141592653589793"/>
<Proper class1="C135" class2="C066" class3="Si060" class4="C066" k1="1.673600" k2="0.000000" k3="0.418400" k4="0.000000" periodicity1="1" periodicity2="2" periodicity3="3" periodicity4="4" phase1="0.00" phase2="3.141592653589793" phase3="0.00" phase4="3.141592653589793"/>
<Proper class1="H140" class2="C066" class3="Si060" class4="C066" k1="0.000000" k2="0.000000" k3="0.376560" k4="0.000000" periodicity1="1" periodicity2="2" periodicity3="3" periodicity4="4" phase1="0.00" phase2="3.141592653589793" phase3="0.00" phase4="3.141592653589793"/>
<Proper class1="H140" class2="C135" class3="C066" class4="H140" k1="0.000000" k2="0.000000" k3="0.627600" k4="0.000000" periodicity1="1" periodicity2="2" periodicity3="3" periodicity4="4" phase1="0.00" phase2="3.141592653589793" phase3="0.00" phase4="3.141592653589793"/>
<Proper class1="H140" class2="C135" class3="C066" class4="Si060" k1="0.000000" k2="0.000000" k3="0.543920" k4="0.000000" periodicity1="1" periodicity2="2" periodicity3="3" periodicity4="4" phase1="0.00" phase2="3.141592653589793" phase3="0.00" phase4="3.141592653589793"/>
</PeriodicTorsionForce>
<NonbondedForce coulomb14scale="0.5" lj14scale="0.5">
<Atom type="opls_135" charge="-0.180000" sigma="0.350000" epsilon="0.276144" />
<Atom type="opls_1060" charge="0.320000" sigma="0.400000" epsilon="0.418400" />
<Atom type="opls_140" charge="0.060000" sigma="0.250000" epsilon="0.125520" />
<Atom type="opls_1066" charge="-0.200000" sigma="0.350000" epsilon="0.276144" />
</NonbondedForce>
</ForceField>
