<ForceField>
<AtomTypes>
<Type name="opls_742" class="C742" element="C" mass="12.011000" />
<Type name="opls_745" class="H745" element="H" mass="1.008000" />
<Type name="opls_738" class="C738" element="C" mass="12.011000" />
<Type name="opls_743" class="N743" element="N" mass="14.007000" />
<Type name="opls_737" class="C737" element="C" mass="12.011000" />
<Type name="opls_736" class="C736" element="C" mass="12.011000" />
<Type name="opls_744" class="H744" element="H" mass="1.008000" />
<Type name="opls_740" class="H740" element="H" mass="1.008000" />
<Type name="opls_739" class="C739" element="C" mass="12.011000" />
<Type name="opls_746" class="H746" element="H" mass="1.008000" />
<Type name="opls_741" class="H741" element="H" mass="1.008000" />
</AtomTypes>
<Residues>
<Residue name="POS">
<Atom name="C00" type="opls_739" />
<Atom name="C01" type="opls_738" />
<Atom name="C02" type="opls_737" />
<Atom name="H03" type="opls_741" />
<Atom name="C04" type="opls_736" />
<Atom name="H05" type="opls_740" />
<Atom name="C06" type="opls_737" />
<Atom name="H07" type="opls_746" />
<Atom name="C08" type="opls_738" />
<Atom name="H09" type="opls_740" />
<Atom name="H0A" type="opls_741" />
<Atom name="C0B" type="opls_742" />
<Atom name="N0C" type="opls_743" />
<Atom name="N0D" type="opls_743" />
<Atom name="H0E" type="opls_744" />
<Atom name="H0F" type="opls_745" />
<Atom name="H0G" type="opls_745" />
<Atom name="H0H" type="opls_744" />
<Bond from="0" to="1"/>
<Bond from="1" to="2"/>
<Bond from="1" to="3"/>
<Bond from="2" to="4"/>
<Bond from="2" to="5"/>
<Bond from="4" to="6"/>
<Bond from="4" to="7"/>
<Bond from="0" to="8"/>
<Bond from="6" to="9"/>
<Bond from="8" to="10"/>
<Bond from="0" to="11"/>
<Bond from="11" to="12"/>
<Bond from="11" to="13"/>
<Bond from="12" to="14"/>
<Bond from="12" to="15"/>
<Bond from="13" to="16"/>
<Bond from="13" to="17"/>
<Bond from="6" to="8"/>
</Residue>
</Residues>
<HarmonicBondForce>
<Bond class1="C738" class2="C739" length="0.140000" k="392459.200000"/>
<Bond class1="C737" class2="C738" length="0.140000" k="392459.200000"/>
<Bond class1="H741" class2="C738" length="0.108000" k="307105.600000"/>
<Bond class1="C736" class2="C737" length="0.140000" k="392459.200000"/>
<Bond class1="H740" class2="C737" length="0.108000" k="307105.600000"/>
<Bond class1="C737" class2="C736" length="0.140000" k="392459.200000"/>
<Bond class1="H746" class2="C736" length="0.108000" k="307105.600000"/>
<Bond class1="C738" class2="C739" length="0.140000" k="392459.200000"/>
<Bond class1="H740" class2="C737" length="0.108000" k="307105.600000"/>
<Bond class1="H741" class2="C738" length="0.108000" k="307105.600000"/>
<Bond class1="C742" class2="C739" length="0.140000" k="392459.200000"/>
<Bond class1="N743" class2="C742" length="0.134000" k="402500.800000"/>
<Bond class1="N743" class2="C742" length="0.134000" k="402500.800000"/>
<Bond class1="H744" class2="N743" length="0.101000" k="363171.200000"/>
<Bond class1="H745" class2="N743" length="0.101000" k="363171.200000"/>
<Bond class1="H745" class2="N743" length="0.101000" k="363171.200000"/>
<Bond class1="H744" class2="N743" length="0.101000" k="363171.200000"/>
<Bond class1="C738" class2="C737" length="0.140000" k="392459.200000"/>
</HarmonicBondForce>
<HarmonicAngleForce>
<Angle class1="C739" class2="C738" class3="C737" angle="2.094395" k="527.184000"/>
<Angle class1="C739" class2="C738" class3="H741" angle="2.094395" k="292.880000"/>
<Angle class1="C738" class2="C737" class3="C736" angle="2.094395" k="527.184000"/>
<Angle class1="C738" class2="C737" class3="H740" angle="2.094395" k="292.880000"/>
<Angle class1="C737" class2="C736" class3="C737" angle="2.094395" k="527.184000"/>
<Angle class1="C737" class2="C736" class3="H746" angle="2.094395" k="292.880000"/>
<Angle class1="C738" class2="C739" class3="C738" angle="2.094395" k="527.184000"/>
<Angle class1="C736" class2="C737" class3="H740" angle="2.094395" k="292.880000"/>
<Angle class1="C738" class2="C739" class3="C742" angle="2.094395" k="527.184000"/>
<Angle class1="C739" class2="C742" class3="N743" angle="2.096140" k="585.760000"/>
<Angle class1="C742" class2="N743" class3="H744" angle="2.094395" k="292.880000"/>
<Angle class1="C742" class2="N743" class3="H745" angle="2.094395" k="292.880000"/>
<Angle class1="C737" class2="C738" class3="H741" angle="2.094395" k="292.880000"/>
<Angle class1="N743" class2="C742" class3="N743" angle="2.094395" k="585.760000"/>
<Angle class1="C736" class2="C737" class3="C738" angle="2.094395" k="527.184000"/>
<Angle class1="H744" class2="N743" class3="H745" angle="2.094395" k="292.880000"/>
<Angle class1="H745" class2="N743" class3="H744" angle="2.094395" k="292.880000"/>
</HarmonicAngleForce>
<PeriodicTorsionForce>
<Proper class1="C736" class2="C737" class3="C738" class4="C739" k1="0.000000" k2="15.167000" k3="0.000000" k4="0.000000" periodicity1="1" periodicity2="2" periodicity3="3" periodicity4="4" phase1="0.00" phase2="3.141592653589793" phase3="0.00" phase4="3.141592653589793"/>
<Proper class1="C736" class2="C737" class3="C738" class4="H741" k1="0.000000" k2="15.167000" k3="0.000000" k4="0.000000" periodicity1="1" periodicity2="2" periodicity3="3" periodicity4="4" phase1="0.00" phase2="3.141592653589793" phase3="0.00" phase4="3.141592653589793"/>
<Proper class1="C737" class2="C736" class3="C737" class4="C738" k1="0.000000" k2="15.167000" k3="0.000000" k4="0.000000" periodicity1="1" periodicity2="2" periodicity3="3" periodicity4="4" phase1="0.00" phase2="3.141592653589793" phase3="0.00" phase4="3.141592653589793"/>
<Proper class1="C737" class2="C736" class3="C737" class4="H740" k1="0.000000" k2="15.167000" k3="0.000000" k4="0.000000" periodicity1="1" periodicity2="2" periodicity3="3" periodicity4="4" phase1="0.00" phase2="3.141592653589793" phase3="0.00" phase4="3.141592653589793"/>
<Proper class1="C737" class2="C738" class3="C739" class4="C738" k1="0.000000" k2="15.167000" k3="0.000000" k4="0.000000" periodicity1="1" periodicity2="2" periodicity3="3" periodicity4="4" phase1="0.00" phase2="3.141592653589793" phase3="0.00" phase4="3.141592653589793"/>
<Proper class1="C738" class2="C737" class3="C736" class4="C737" k1="0.000000" k2="15.167000" k3="0.000000" k4="0.000000" periodicity1="1" periodicity2="2" periodicity3="3" periodicity4="4" phase1="0.00" phase2="3.141592653589793" phase3="0.00" phase4="3.141592653589793"/>
<Proper class1="C738" class2="C737" class3="C736" class4="H746" k1="0.000000" k2="15.167000" k3="0.000000" k4="0.000000" periodicity1="1" periodicity2="2" periodicity3="3" periodicity4="4" phase1="0.00" phase2="3.141592653589793" phase3="0.00" phase4="3.141592653589793"/>
<Proper class1="C738" class2="C739" class3="C738" class4="C737" k1="0.000000" k2="15.167000" k3="0.000000" k4="0.000000" periodicity1="1" periodicity2="2" periodicity3="3" periodicity4="4" phase1="0.00" phase2="3.141592653589793" phase3="0.00" phase4="3.141592653589793"/>
<Proper class1="C738" class2="C739" class3="C738" class4="H741" k1="0.000000" k2="15.167000" k3="0.000000" k4="0.000000" periodicity1="1" periodicity2="2" periodicity3="3" periodicity4="4" phase1="0.00" phase2="3.141592653589793" phase3="0.00" phase4="3.141592653589793"/>
<Proper class1="C742" class2="C739" class3="C738" class4="C737" k1="0.000000" k2="15.167000" k3="0.000000" k4="0.000000" periodicity1="1" periodicity2="2" periodicity3="3" periodicity4="4" phase1="0.00" phase2="3.141592653589793" phase3="0.00" phase4="3.141592653589793"/>
<Proper class1="C742" class2="C739" class3="C738" class4="H741" k1="0.000000" k2="15.167000" k3="0.000000" k4="0.000000" periodicity1="1" periodicity2="2" periodicity3="3" periodicity4="4" phase1="0.00" phase2="3.141592653589793" phase3="0.00" phase4="3.141592653589793"/>
<Proper class1="H740" class2="C737" class3="C736" class4="C737" k1="0.000000" k2="15.167000" k3="0.000000" k4="0.000000" periodicity1="1" periodicity2="2" periodicity3="3" periodicity4="4" phase1="0.00" phase2="3.141592653589793" phase3="0.00" phase4="3.141592653589793"/>
<Proper class1="H740" class2="C737" class3="C736" class4="H746" k1="0.000000" k2="15.167000" k3="0.000000" k4="0.000000" periodicity1="1" periodicity2="2" periodicity3="3" periodicity4="4" phase1="0.00" phase2="3.141592653589793" phase3="0.00" phase4="3.141592653589793"/>
<Proper class1="H740" class2="C737" class3="C738" class4="C739" k1="0.000000" k2="15.167000" k3="0.000000" k4="0.000000" periodicity1="1" periodicity2="2" periodicity3="3" periodicity4="4" phase1="0.00" phase2="3.141592653589793" phase3="0.00" phase4="3.141592653589793"/>
<Proper class1="H740" class2="C737" class3="C738" class4="H741" k1="0.000000" k2="15.167000" k3="0.000000" k4="0.000000" periodicity1="1" periodicity2="2" periodicity3="3" periodicity4="4" phase1="0.00" phase2="3.141592653589793" phase3="0.00" phase4="3.141592653589793"/>
<Proper class1="H741" class2="C738" class3="C737" class4="C736" k1="0.000000" k2="15.167000" k3="0.000000" k4="0.000000" periodicity1="1" periodicity2="2" periodicity3="3" periodicity4="4" phase1="0.00" phase2="3.141592653589793" phase3="0.00" phase4="3.141592653589793"/>
<Proper class1="H741" class2="C738" class3="C737" class4="H740" k1="0.000000" k2="15.167000" k3="0.000000" k4="0.000000" periodicity1="1" periodicity2="2" periodicity3="3" periodicity4="4" phase1="0.00" phase2="3.141592653589793" phase3="0.00" phase4="3.141592653589793"/>
<Proper class1="H741" class2="C738" class3="C739" class4="C738" k1="0.000000" k2="15.167000" k3="0.000000" k4="0.000000" periodicity1="1" periodicity2="2" periodicity3="3" periodicity4="4" phase1="0.00" phase2="3.141592653589793" phase3="0.00" phase4="3.141592653589793"/>
<Proper class1="H744" class2="N743" class3="C742" class4="C739" k1="0.000000" k2="8.158800" k3="0.000000" k4="0.000000" periodicity1="1" periodicity2="2" periodicity3="3" periodicity4="4" phase1="0.00" phase2="3.141592653589793" phase3="0.00" phase4="3.141592653589793"/>
<Proper class1="H744" class2="N743" class3="C742" class4="N743" k1="0.000000" k2="8.158800" k3="0.000000" k4="0.000000" periodicity1="1" periodicity2="2" periodicity3="3" periodicity4="4" phase1="0.00" phase2="3.141592653589793" phase3="0.00" phase4="3.141592653589793"/>
<Proper class1="H745" class2="N743" class3="C742" class4="C739" k1="0.000000" k2="8.158800" k3="0.000000" k4="0.000000" periodicity1="1" periodicity2="2" periodicity3="3" periodicity4="4" phase1="0.00" phase2="3.141592653589793" phase3="0.00" phase4="3.141592653589793"/>
<Proper class1="H745" class2="N743" class3="C742" class4="N743" k1="0.000000" k2="8.158800" k3="0.000000" k4="0.000000" periodicity1="1" periodicity2="2" periodicity3="3" periodicity4="4" phase1="0.00" phase2="3.141592653589793" phase3="0.00" phase4="3.141592653589793"/>
<Proper class1="H746" class2="C736" class3="C737" class4="C738" k1="0.000000" k2="15.167000" k3="0.000000" k4="0.000000" periodicity1="1" periodicity2="2" periodicity3="3" periodicity4="4" phase1="0.00" phase2="3.141592653589793" phase3="0.00" phase4="3.141592653589793"/>
<Proper class1="H746" class2="C736" class3="C737" class4="H740" k1="0.000000" k2="15.167000" k3="0.000000" k4="0.000000" periodicity1="1" periodicity2="2" periodicity3="3" periodicity4="4" phase1="0.00" phase2="3.141592653589793" phase3="0.00" phase4="3.141592653589793"/>
<Proper class1="N743" class2="C742" class3="C739" class4="C738" k1="0.000000" k2="3.389040" k3="0.000000" k4="-0.920480" periodicity1="1" periodicity2="2" periodicity3="3" periodicity4="4" phase1="0.00" phase2="3.141592653589793" phase3="0.00" phase4="3.141592653589793"/>
<Improper class1="C737" class2="C738" class3="C736" class4="H740" k1="0.000000" k2="10.460000" k3="0.000000" k4="0.000000" periodicity1="1" periodicity2="2" periodicity3="3" periodicity4="4" phase1="0.00" phase2="3.141592653589793" phase3="0.00" phase4="3.141592653589793"/>
<Improper class1="C737" class2="C738" class3="H740" class4="C736" k1="0.000000" k2="10.460000" k3="0.000000" k4="0.000000" periodicity1="1" periodicity2="2" periodicity3="3" periodicity4="4" phase1="0.00" phase2="3.141592653589793" phase3="0.00" phase4="3.141592653589793"/>
<Improper class1="C738" class2="C739" class3="H741" class4="C737" k1="0.000000" k2="10.460000" k3="0.000000" k4="0.000000" periodicity1="1" periodicity2="2" periodicity3="3" periodicity4="4" phase1="0.00" phase2="3.141592653589793" phase3="0.00" phase4="3.141592653589793"/>
<Improper class1="C738" class2="C739" class3="C737" class4="H741" k1="0.000000" k2="10.460000" k3="0.000000" k4="0.000000" periodicity1="1" periodicity2="2" periodicity3="3" periodicity4="4" phase1="0.00" phase2="3.141592653589793" phase3="0.00" phase4="3.141592653589793"/>
</PeriodicTorsionForce>
<NonbondedForce coulomb14scale="0.5" lj14scale="0.5">
<Atom type="opls_736" charge="0.013000" sigma="0.355000" epsilon="0.292880" />
<Atom type="opls_739" charge="-0.119000" sigma="0.355000" epsilon="0.292880" />
<Atom type="opls_743" charge="-0.885000" sigma="0.325000" epsilon="0.711280" />
<Atom type="opls_742" charge="0.827000" sigma="0.355000" epsilon="0.209200" />
<Atom type="opls_740" charge="0.141000" sigma="0.242000" epsilon="0.125520" />
<Atom type="opls_746" charge="0.119000" sigma="0.242000" epsilon="0.125520" />
<Atom type="opls_744" charge="0.426000" sigma="0.000000" epsilon="0.000000" />
<Atom type="opls_741" charge="0.129000" sigma="0.242000" epsilon="0.125520" />
<Atom type="opls_745" charge="0.465000" sigma="0.000000" epsilon="0.000000" />
<Atom type="opls_737" charge="-0.106000" sigma="0.355000" epsilon="0.292880" />
<Atom type="opls_738" charge="-0.090000" sigma="0.355000" epsilon="0.292880" />
</NonbondedForce>
</ForceField>
