<ForceField>
<AtomTypes>
<Type name="opls_639" class="H639" element="H" mass="1.008000" />
<Type name="opls_635" class="N635" element="N" mass="14.007000" />
<Type name="opls_633" class="S633" element="S" mass="32.060000" />
<Type name="opls_634" class="C634" element="C" mass="12.011000" />
<Type name="opls_638" class="H638" element="H" mass="1.008000" />
<Type name="opls_640" class="H640" element="H" mass="1.008000" />
<Type name="opls_636" class="C636" element="C" mass="12.011000" />
<Type name="opls_637" class="C637" element="C" mass="12.011000" />
</AtomTypes>
<Residues>
<Residue name="NEU">
<Atom name="C00" type="opls_634" />
<Atom name="N01" type="opls_635" />
<Atom name="C02" type="opls_636" />
<Atom name="S03" type="opls_633" />
<Atom name="C04" type="opls_637" />
<Atom name="H05" type="opls_638" />
<Atom name="H06" type="opls_639" />
<Atom name="H07" type="opls_640" />
<Bond from="0" to="1"/>
<Bond from="1" to="2"/>
<Bond from="0" to="3"/>
<Bond from="2" to="4"/>
<Bond from="0" to="5"/>
<Bond from="2" to="6"/>
<Bond from="4" to="7"/>
<Bond from="3" to="4"/>
</Residue>
</Residues>
<HarmonicBondForce>
<Bond class1="N635" class2="C634" length="0.133500" k="408358.400000"/>
<Bond class1="C636" class2="N635" length="0.139400" k="343088.000000"/>
<Bond class1="S633" class2="C634" length="0.176000" k="209200.000000"/>
<Bond class1="C637" class2="C636" length="0.137000" k="435136.000000"/>
<Bond class1="H638" class2="C634" length="0.108000" k="307105.600000"/>
<Bond class1="H639" class2="C636" length="0.108000" k="307105.600000"/>
<Bond class1="H640" class2="C637" length="0.108000" k="307105.600000"/>
<Bond class1="C637" class2="S633" length="0.174000" k="209200.000000"/>
</HarmonicBondForce>
<HarmonicAngleForce>
<Angle class1="C634" class2="N635" class3="C636" angle="1.919862" k="585.760000"/>
<Angle class1="N635" class2="C634" class3="S633" angle="2.007129" k="585.760000"/>
<Angle class1="N635" class2="C636" class3="C637" angle="1.897173" k="585.760000"/>
<Angle class1="N635" class2="C634" class3="H638" angle="2.094395" k="292.880000"/>
<Angle class1="N635" class2="C636" class3="H639" angle="2.124066" k="292.880000"/>
<Angle class1="C636" class2="C637" class3="H640" angle="2.303835" k="292.880000"/>
<Angle class1="C637" class2="C636" class3="H639" angle="2.237512" k="292.880000"/>
<Angle class1="S633" class2="C634" class3="H638" angle="2.181662" k="292.880000"/>
<Angle class1="C634" class2="S633" class3="C637" angle="1.581443" k="585.760000"/>
<Angle class1="S633" class2="C637" class3="H640" angle="2.085843" k="521.242720"/>
<Angle class1="C636" class2="C637" class3="S633" angle="2.085843" k="521.242720"/>
</HarmonicAngleForce>
<PeriodicTorsionForce>
<Proper class1="C637" class2="C636" class3="N635" class4="C634" k1="0.000000" k2="15.167000" k3="0.000000" k4="0.000000" periodicity1="1" periodicity2="2" periodicity3="3" periodicity4="4" phase1="0.00" phase2="3.141592653589793" phase3="0.00" phase4="3.141592653589793"/>
<Proper class1="H638" class2="C634" class3="N635" class4="C636" k1="0.000000" k2="15.167000" k3="0.000000" k4="0.000000" periodicity1="1" periodicity2="2" periodicity3="3" periodicity4="4" phase1="0.00" phase2="3.141592653589793" phase3="0.00" phase4="3.141592653589793"/>
<Proper class1="H638" class2="C634" class3="S633" class4="C637" k1="0.000000" k2="15.167000" k3="0.000000" k4="0.000000" periodicity1="1" periodicity2="2" periodicity3="3" periodicity4="4" phase1="0.00" phase2="3.141592653589793" phase3="0.00" phase4="3.141592653589793"/>
<Proper class1="H639" class2="C636" class3="C637" class4="S633" k1="0.000000" k2="22.489000" k3="0.000000" k4="0.000000" periodicity1="1" periodicity2="2" periodicity3="3" periodicity4="4" phase1="0.00" phase2="3.141592653589793" phase3="0.00" phase4="3.141592653589793"/>
<Proper class1="H639" class2="C636" class3="N635" class4="C634" k1="0.000000" k2="15.167000" k3="0.000000" k4="0.000000" periodicity1="1" periodicity2="2" periodicity3="3" periodicity4="4" phase1="0.00" phase2="3.141592653589793" phase3="0.00" phase4="3.141592653589793"/>
<Proper class1="H640" class2="C637" class3="C636" class4="H639" k1="0.000000" k2="22.489000" k3="0.000000" k4="0.000000" periodicity1="1" periodicity2="2" periodicity3="3" periodicity4="4" phase1="0.00" phase2="3.141592653589793" phase3="0.00" phase4="3.141592653589793"/>
<Proper class1="H640" class2="C637" class3="C636" class4="N635" k1="0.000000" k2="15.167000" k3="0.000000" k4="0.000000" periodicity1="1" periodicity2="2" periodicity3="3" periodicity4="4" phase1="0.00" phase2="3.141592653589793" phase3="0.00" phase4="3.141592653589793"/>
<Proper class1="H640" class2="C637" class3="S633" class4="C634" k1="0.000000" k2="15.167000" k3="0.000000" k4="0.000000" periodicity1="1" periodicity2="2" periodicity3="3" periodicity4="4" phase1="0.00" phase2="3.141592653589793" phase3="0.00" phase4="3.141592653589793"/>
<Proper class1="S633" class2="C634" class3="N635" class4="C636" k1="0.000000" k2="15.167000" k3="0.000000" k4="0.000000" periodicity1="1" periodicity2="2" periodicity3="3" periodicity4="4" phase1="0.00" phase2="3.141592653589793" phase3="0.00" phase4="3.141592653589793"/>
<Improper class1="C637" class2="C636" class3="S633" class4="H640" k1="0.000000" k2="10.460000" k3="0.000000" k4="0.000000" periodicity1="1" periodicity2="2" periodicity3="3" periodicity4="4" phase1="0.00" phase2="3.141592653589793" phase3="0.00" phase4="3.141592653589793"/>
<Improper class1="C634" class2="N635" class3="S633" class4="H638" k1="0.000000" k2="10.460000" k3="0.000000" k4="0.000000" periodicity1="1" periodicity2="2" periodicity3="3" periodicity4="4" phase1="0.00" phase2="3.141592653589793" phase3="0.00" phase4="3.141592653589793"/>
<Improper class1="C636" class2="N635" class3="C637" class4="H639" k1="0.000000" k2="10.460000" k3="0.000000" k4="0.000000" periodicity1="1" periodicity2="2" periodicity3="3" periodicity4="4" phase1="0.00" phase2="3.141592653589793" phase3="0.00" phase4="3.141592653589793"/>
</PeriodicTorsionForce>
<NonbondedForce coulomb14scale="0.5" lj14scale="0.5">
<Atom type="opls_637" charge="-0.299000" sigma="0.355000" epsilon="0.292880" />
<Atom type="opls_633" charge="-0.030000" sigma="0.360000" epsilon="1.485320" />
<Atom type="opls_636" charge="0.228000" sigma="0.355000" epsilon="0.292880" />
<Atom type="opls_639" charge="0.068000" sigma="0.242000" epsilon="0.125520" />
<Atom type="opls_635" charge="-0.515000" sigma="0.325000" epsilon="0.711280" />
<Atom type="opls_640" charge="0.205000" sigma="0.242000" epsilon="0.125520" />
<Atom type="opls_634" charge="0.242000" sigma="0.355000" epsilon="0.292880" />
<Atom type="opls_638" charge="0.101000" sigma="0.242000" epsilon="0.125520" />
</NonbondedForce>
</ForceField>
