<ForceField>
<AtomTypes>
<Type name="opls_135" class="C135" element="C" mass="12.011000" />
<Type name="opls_280" class="C280" element="C" mass="12.011000" />
<Type name="opls_281" class="O281" element="O" mass="15.999000" />
<Type name="opls_282" class="H282" element="H" mass="1.008000" />
</AtomTypes>
<Residues>
<Residue name="NEU">
<Atom name="C00" type="opls_280" />
<Atom name="O01" type="opls_281" />
<Atom name="C02" type="opls_135" />
<Atom name="C03" type="opls_135" />
<Atom name="H04" type="opls_282" />
<Atom name="H05" type="opls_282" />
<Atom name="H06" type="opls_282" />
<Atom name="H07" type="opls_282" />
<Atom name="H08" type="opls_282" />
<Atom name="H09" type="opls_282" />
<Bond from="0" to="1"/>
<Bond from="0" to="2"/>
<Bond from="0" to="3"/>
<Bond from="2" to="4"/>
<Bond from="2" to="5"/>
<Bond from="2" to="6"/>
<Bond from="3" to="7"/>
<Bond from="3" to="8"/>
<Bond from="3" to="9"/>
</Residue>
</Residues>
<HarmonicBondForce>
<Bond class1="O281" class2="C280" length="0.122900" k="476976.000000"/>
<Bond class1="C135" class2="C280" length="0.152200" k="265265.600000"/>
<Bond class1="C135" class2="C280" length="0.152200" k="265265.600000"/>
<Bond class1="H282" class2="C135" length="0.109000" k="284512.000000"/>
<Bond class1="H282" class2="C135" length="0.109000" k="284512.000000"/>
<Bond class1="H282" class2="C135" length="0.109000" k="284512.000000"/>
<Bond class1="H282" class2="C135" length="0.109000" k="284512.000000"/>
<Bond class1="H282" class2="C135" length="0.109000" k="284512.000000"/>
<Bond class1="H282" class2="C135" length="0.109000" k="284512.000000"/>
</HarmonicBondForce>
<HarmonicAngleForce>
<Angle class1="O281" class2="C280" class3="C135" angle="2.101376" k="669.440000"/>
<Angle class1="C280" class2="C135" class3="H282" angle="1.911136" k="292.880000"/>
<Angle class1="H282" class2="C135" class3="H282" angle="1.881465" k="276.144000"/>
<Angle class1="C135" class2="C280" class3="C135" angle="2.024582" k="585.760000"/>
</HarmonicAngleForce>
<PeriodicTorsionForce>
<Proper class1="H282" class2="C135" class3="C280" class4="C135" k1="0.000000" k2="0.000000" k3="0.575300" k4="0.000000" periodicity1="1" periodicity2="2" periodicity3="3" periodicity4="4" phase1="0.00" phase2="3.141592653589793" phase3="0.00" phase4="3.141592653589793"/>
<Proper class1="H282" class2="C135" class3="C280" class4="O281" k1="0.000000" k2="0.000000" k3="0.000000" k4="0.000000" periodicity1="1" periodicity2="2" periodicity3="3" periodicity4="4" phase1="0.00" phase2="3.141592653589793" phase3="0.00" phase4="3.141592653589793"/>
</PeriodicTorsionForce>
<NonbondedForce coulomb14scale="0.5" lj14scale="0.5">
<Atom type="opls_281" charge="-0.470000" sigma="0.296000" epsilon="0.878640" />
<Atom type="opls_280" charge="0.470000" sigma="0.375000" epsilon="0.439320" />
<Atom type="opls_135" charge="-0.180000" sigma="0.350000" epsilon="0.276144" />
<Atom type="opls_282" charge="0.060000" sigma="0.242000" epsilon="0.062760" />
</NonbondedForce>
</ForceField>
