<ForceField>
<AtomTypes>
<Type name="opls_177" class="O177" element="O" mass="15.999000" />
<Type name="opls_199" class="C199" element="C" mass="12.011000" />
<Type name="opls_146" class="H146" element="H" mass="1.008000" />
<Type name="opls_145" class="C145" element="C" mass="12.011000" />
</AtomTypes>
<Residues>
<Residue name="NEU">
<Atom name="C00" type="opls_199" />
<Atom name="C01" type="opls_145" />
<Atom name="C02" type="opls_145" />
<Atom name="O03" type="opls_177" />
<Atom name="C04" type="opls_145" />
<Atom name="H05" type="opls_146" />
<Atom name="C06" type="opls_145" />
<Atom name="H07" type="opls_146" />
<Atom name="C08" type="opls_145" />
<Atom name="H09" type="opls_146" />
<Atom name="H0A" type="opls_146" />
<Atom name="H0B" type="opls_146" />
<Atom name="C0C" type="opls_199" />
<Atom name="C0D" type="opls_145" />
<Atom name="C0E" type="opls_145" />
<Atom name="C0F" type="opls_145" />
<Atom name="H0G" type="opls_146" />
<Atom name="C0H" type="opls_145" />
<Atom name="H0I" type="opls_146" />
<Atom name="C0J" type="opls_145" />
<Atom name="H0K" type="opls_146" />
<Atom name="H0M" type="opls_146" />
<Atom name="H0N" type="opls_146" />
<Bond from="0" to="1"/>
<Bond from="0" to="2"/>
<Bond from="0" to="3"/>
<Bond from="1" to="4"/>
<Bond from="1" to="5"/>
<Bond from="4" to="6"/>
<Bond from="4" to="7"/>
<Bond from="2" to="8"/>
<Bond from="6" to="9"/>
<Bond from="8" to="10"/>
<Bond from="2" to="11"/>
<Bond from="3" to="12"/>
<Bond from="12" to="13"/>
<Bond from="12" to="14"/>
<Bond from="13" to="15"/>
<Bond from="13" to="16"/>
<Bond from="15" to="17"/>
<Bond from="15" to="18"/>
<Bond from="14" to="19"/>
<Bond from="17" to="20"/>
<Bond from="19" to="21"/>
<Bond from="14" to="22"/>
<Bond from="6" to="8"/>
<Bond from="17" to="19"/>
</Residue>
</Residues>
<HarmonicBondForce>
<Bond class1="C145" class2="C199" length="0.140000" k="392459.200000"/>
<Bond class1="C145" class2="C199" length="0.140000" k="392459.200000"/>
<Bond class1="O177" class2="C199" length="0.136400" k="376560.000000"/>
<Bond class1="C145" class2="C145" length="0.140000" k="392459.200000"/>
<Bond class1="H146" class2="C145" length="0.108000" k="307105.600000"/>
<Bond class1="C145" class2="C145" length="0.140000" k="392459.200000"/>
<Bond class1="H146" class2="C145" length="0.108000" k="307105.600000"/>
<Bond class1="C145" class2="C145" length="0.140000" k="392459.200000"/>
<Bond class1="H146" class2="C145" length="0.108000" k="307105.600000"/>
<Bond class1="H146" class2="C145" length="0.108000" k="307105.600000"/>
<Bond class1="H146" class2="C145" length="0.108000" k="307105.600000"/>
<Bond class1="C199" class2="O177" length="0.136400" k="376560.000000"/>
<Bond class1="C145" class2="C199" length="0.140000" k="392459.200000"/>
<Bond class1="C145" class2="C199" length="0.140000" k="392459.200000"/>
<Bond class1="C145" class2="C145" length="0.140000" k="392459.200000"/>
<Bond class1="H146" class2="C145" length="0.108000" k="307105.600000"/>
<Bond class1="C145" class2="C145" length="0.140000" k="392459.200000"/>
<Bond class1="H146" class2="C145" length="0.108000" k="307105.600000"/>
<Bond class1="C145" class2="C145" length="0.140000" k="392459.200000"/>
<Bond class1="H146" class2="C145" length="0.108000" k="307105.600000"/>
<Bond class1="H146" class2="C145" length="0.108000" k="307105.600000"/>
<Bond class1="H146" class2="C145" length="0.108000" k="307105.600000"/>
<Bond class1="C145" class2="C145" length="0.140000" k="392459.200000"/>
<Bond class1="C145" class2="C145" length="0.140000" k="392459.200000"/>
</HarmonicBondForce>
<HarmonicAngleForce>
<Angle class1="C145" class2="C199" class3="C145" angle="2.094395" k="527.184000"/>
<Angle class1="C145" class2="C199" class3="O177" angle="2.094395" k="585.760000"/>
<Angle class1="C199" class2="C145" class3="C145" angle="2.094395" k="527.184000"/>
<Angle class1="C199" class2="C145" class3="H146" angle="2.094395" k="292.880000"/>
<Angle class1="C145" class2="C145" class3="C145" angle="2.094395" k="527.184000"/>
<Angle class1="C145" class2="C145" class3="H146" angle="2.094395" k="292.880000"/>
<Angle class1="C199" class2="O177" class3="C199" angle="2.029818" k="627.600000"/>
<Angle class1="O177" class2="C199" class3="C145" angle="2.094395" k="585.760000"/>
</HarmonicAngleForce>
<PeriodicTorsionForce>
<Proper class1="C145" class2="C145" class3="C145" class4="C145" k1="0.000000" k2="15.167000" k3="0.000000" k4="0.000000" periodicity1="1" periodicity2="2" periodicity3="3" periodicity4="4" phase1="0.00" phase2="3.141592653589793" phase3="0.00" phase4="3.141592653589793"/>
<Proper class1="C145" class2="C145" class3="C145" class4="C199" k1="0.000000" k2="15.167000" k3="0.000000" k4="0.000000" periodicity1="1" periodicity2="2" periodicity3="3" periodicity4="4" phase1="0.00" phase2="3.141592653589793" phase3="0.00" phase4="3.141592653589793"/>
<Proper class1="C145" class2="C145" class3="C145" class4="H146" k1="0.000000" k2="15.167000" k3="0.000000" k4="0.000000" periodicity1="1" periodicity2="2" periodicity3="3" periodicity4="4" phase1="0.00" phase2="3.141592653589793" phase3="0.00" phase4="3.141592653589793"/>
<Proper class1="C145" class2="C145" class3="C199" class4="C145" k1="0.000000" k2="15.167000" k3="0.000000" k4="0.000000" periodicity1="1" periodicity2="2" periodicity3="3" periodicity4="4" phase1="0.00" phase2="3.141592653589793" phase3="0.00" phase4="3.141592653589793"/>
<Proper class1="C145" class2="C145" class3="C199" class4="O177" k1="0.000000" k2="15.167000" k3="0.000000" k4="0.000000" periodicity1="1" periodicity2="2" periodicity3="3" periodicity4="4" phase1="0.00" phase2="3.141592653589793" phase3="0.00" phase4="3.141592653589793"/>
<Proper class1="C145" class2="C199" class3="O177" class4="C199" k1="6.799000" k2="4.518720" k3="2.677760" k4="0.753120" periodicity1="1" periodicity2="2" periodicity3="3" periodicity4="4" phase1="0.00" phase2="3.141592653589793" phase3="0.00" phase4="3.141592653589793"/>
<Proper class1="C199" class2="O177" class3="C199" class4="C145" k1="6.799000" k2="4.518720" k3="2.677760" k4="0.753120" periodicity1="1" periodicity2="2" periodicity3="3" periodicity4="4" phase1="0.00" phase2="3.141592653589793" phase3="0.00" phase4="3.141592653589793"/>
<Proper class1="H146" class2="C145" class3="C145" class4="C145" k1="0.000000" k2="15.167000" k3="0.000000" k4="0.000000" periodicity1="1" periodicity2="2" periodicity3="3" periodicity4="4" phase1="0.00" phase2="3.141592653589793" phase3="0.00" phase4="3.141592653589793"/>
<Proper class1="H146" class2="C145" class3="C145" class4="C199" k1="0.000000" k2="15.167000" k3="0.000000" k4="0.000000" periodicity1="1" periodicity2="2" periodicity3="3" periodicity4="4" phase1="0.00" phase2="3.141592653589793" phase3="0.00" phase4="3.141592653589793"/>
<Proper class1="H146" class2="C145" class3="C145" class4="H146" k1="0.000000" k2="15.167000" k3="0.000000" k4="0.000000" periodicity1="1" periodicity2="2" periodicity3="3" periodicity4="4" phase1="0.00" phase2="3.141592653589793" phase3="0.00" phase4="3.141592653589793"/>
<Proper class1="H146" class2="C145" class3="C199" class4="C145" k1="0.000000" k2="15.167000" k3="0.000000" k4="0.000000" periodicity1="1" periodicity2="2" periodicity3="3" periodicity4="4" phase1="0.00" phase2="3.141592653589793" phase3="0.00" phase4="3.141592653589793"/>
<Proper class1="H146" class2="C145" class3="C199" class4="O177" k1="0.000000" k2="15.167000" k3="0.000000" k4="0.000000" periodicity1="1" periodicity2="2" periodicity3="3" periodicity4="4" phase1="0.00" phase2="3.141592653589793" phase3="0.00" phase4="3.141592653589793"/>
</PeriodicTorsionForce>
<NonbondedForce coulomb14scale="0.5" lj14scale="0.5">
<Atom type="opls_145" charge="-0.115000" sigma="0.355000" epsilon="0.292880" />
<Atom type="opls_146" charge="0.115000" sigma="0.242000" epsilon="0.125520" />
<Atom type="opls_177" charge="-0.170000" sigma="0.290000" epsilon="0.585760" />
<Atom type="opls_199" charge="0.085000" sigma="0.355000" epsilon="0.292880" />
</NonbondedForce>
</ForceField>
