<ForceField>
<AtomTypes>
<Type name="opls_300" class="N300" element="N" mass="14.007000" />
<Type name="opls_303" class="N303" element="N" mass="14.007000" />
<Type name="opls_145" class="C145" element="C" mass="12.011000" />
<Type name="opls_146" class="H146" element="H" mass="1.008000" />
<Type name="opls_793" class="C793" element="C" mass="12.011000" />
<Type name="opls_304" class="H304" element="H" mass="1.008000" />
<Type name="opls_301" class="H301" element="H" mass="1.008000" />
<Type name="opls_302" class="C302" element="C" mass="12.011000" />
</AtomTypes>
<Residues>
<Residue name="POS">
<Atom name="C00" type="opls_793" />
<Atom name="C01" type="opls_145" />
<Atom name="C02" type="opls_145" />
<Atom name="C03" type="opls_145" />
<Atom name="C04" type="opls_145" />
<Atom name="C05" type="opls_145" />
<Atom name="N06" type="opls_303" />
<Atom name="H07" type="opls_146" />
<Atom name="H08" type="opls_146" />
<Atom name="H09" type="opls_146" />
<Atom name="H0A" type="opls_146" />
<Atom name="H0B" type="opls_146" />
<Atom name="H0C" type="opls_304" />
<Atom name="C0D" type="opls_302" />
<Atom name="N0E" type="opls_300" />
<Atom name="N0F" type="opls_300" />
<Atom name="H0G" type="opls_301" />
<Atom name="H0H" type="opls_301" />
<Atom name="H0I" type="opls_301" />
<Atom name="H0J" type="opls_301" />
<Bond from="0" to="1"/>
<Bond from="0" to="2"/>
<Bond from="1" to="3"/>
<Bond from="2" to="4"/>
<Bond from="3" to="5"/>
<Bond from="0" to="6"/>
<Bond from="1" to="7"/>
<Bond from="2" to="8"/>
<Bond from="3" to="9"/>
<Bond from="4" to="10"/>
<Bond from="5" to="11"/>
<Bond from="6" to="12"/>
<Bond from="6" to="13"/>
<Bond from="13" to="14"/>
<Bond from="13" to="15"/>
<Bond from="14" to="16"/>
<Bond from="15" to="17"/>
<Bond from="15" to="18"/>
<Bond from="14" to="19"/>
<Bond from="4" to="5"/>
</Residue>
</Residues>
<HarmonicBondForce>
<Bond class1="C145" class2="C793" length="0.140000" k="392459.200000"/>
<Bond class1="C145" class2="C793" length="0.140000" k="392459.200000"/>
<Bond class1="C145" class2="C145" length="0.140000" k="392459.200000"/>
<Bond class1="C145" class2="C145" length="0.140000" k="392459.200000"/>
<Bond class1="C145" class2="C145" length="0.140000" k="392459.200000"/>
<Bond class1="N303" class2="C793" length="0.134000" k="402500.800000"/>
<Bond class1="H146" class2="C145" length="0.108000" k="307105.600000"/>
<Bond class1="H146" class2="C145" length="0.108000" k="307105.600000"/>
<Bond class1="H146" class2="C145" length="0.108000" k="307105.600000"/>
<Bond class1="H146" class2="C145" length="0.108000" k="307105.600000"/>
<Bond class1="H146" class2="C145" length="0.108000" k="307105.600000"/>
<Bond class1="H304" class2="N303" length="0.101000" k="363171.200000"/>
<Bond class1="C302" class2="N303" length="0.134000" k="402500.800000"/>
<Bond class1="N300" class2="C302" length="0.134000" k="402500.800000"/>
<Bond class1="N300" class2="C302" length="0.134000" k="402500.800000"/>
<Bond class1="H301" class2="N300" length="0.101000" k="363171.200000"/>
<Bond class1="H301" class2="N300" length="0.101000" k="363171.200000"/>
<Bond class1="H301" class2="N300" length="0.101000" k="363171.200000"/>
<Bond class1="H301" class2="N300" length="0.101000" k="363171.200000"/>
<Bond class1="C145" class2="C145" length="0.140000" k="392459.200000"/>
</HarmonicBondForce>
<HarmonicAngleForce>
<Angle class1="C145" class2="C793" class3="C145" angle="2.094395" k="527.184000"/>
<Angle class1="C793" class2="C145" class3="C145" angle="2.094395" k="527.184000"/>
<Angle class1="C145" class2="C145" class3="C145" angle="2.094395" k="527.184000"/>
<Angle class1="C145" class2="C793" class3="N303" angle="2.096140" k="585.760000"/>
<Angle class1="C793" class2="C145" class3="H146" angle="2.094395" k="292.880000"/>
<Angle class1="C145" class2="C145" class3="H146" angle="2.094395" k="292.880000"/>
<Angle class1="C793" class2="N303" class3="H304" angle="2.094395" k="292.880000"/>
<Angle class1="C793" class2="N303" class3="C302" angle="2.127556" k="418.400000"/>
<Angle class1="N303" class2="C302" class3="N300" angle="2.094395" k="585.760000"/>
<Angle class1="C302" class2="N300" class3="H301" angle="2.094395" k="292.880000"/>
<Angle class1="N300" class2="C302" class3="N300" angle="2.094395" k="585.760000"/>
<Angle class1="H301" class2="N300" class3="H301" angle="2.094395" k="292.880000"/>
<Angle class1="H304" class2="N303" class3="C302" angle="2.094395" k="292.880000"/>
</HarmonicAngleForce>
<PeriodicTorsionForce>
<Proper class1="C145" class2="C145" class3="C145" class4="C145" k1="0.000000" k2="15.167000" k3="0.000000" k4="0.000000" periodicity1="1" periodicity2="2" periodicity3="3" periodicity4="4" phase1="0.00" phase2="3.141592653589793" phase3="0.00" phase4="3.141592653589793"/>
<Proper class1="C145" class2="C145" class3="C145" class4="C793" k1="0.000000" k2="15.167000" k3="0.000000" k4="0.000000" periodicity1="1" periodicity2="2" periodicity3="3" periodicity4="4" phase1="0.00" phase2="3.141592653589793" phase3="0.00" phase4="3.141592653589793"/>
<Proper class1="C145" class2="C145" class3="C793" class4="C145" k1="0.000000" k2="15.167000" k3="0.000000" k4="0.000000" periodicity1="1" periodicity2="2" periodicity3="3" periodicity4="4" phase1="0.00" phase2="3.141592653589793" phase3="0.00" phase4="3.141592653589793"/>
<Proper class1="C302" class2="N303" class3="C793" class4="C145" k1="0.000000" k2="15.167000" k3="0.000000" k4="0.000000" periodicity1="1" periodicity2="2" periodicity3="3" periodicity4="4" phase1="0.00" phase2="3.141592653589793" phase3="0.00" phase4="3.141592653589793"/>
<Proper class1="H146" class2="C145" class3="C145" class4="C145" k1="0.000000" k2="15.167000" k3="0.000000" k4="0.000000" periodicity1="1" periodicity2="2" periodicity3="3" periodicity4="4" phase1="0.00" phase2="3.141592653589793" phase3="0.00" phase4="3.141592653589793"/>
<Proper class1="H146" class2="C145" class3="C145" class4="C793" k1="0.000000" k2="15.167000" k3="0.000000" k4="0.000000" periodicity1="1" periodicity2="2" periodicity3="3" periodicity4="4" phase1="0.00" phase2="3.141592653589793" phase3="0.00" phase4="3.141592653589793"/>
<Proper class1="H146" class2="C145" class3="C145" class4="H146" k1="0.000000" k2="15.167000" k3="0.000000" k4="0.000000" periodicity1="1" periodicity2="2" periodicity3="3" periodicity4="4" phase1="0.00" phase2="3.141592653589793" phase3="0.00" phase4="3.141592653589793"/>
<Proper class1="H146" class2="C145" class3="C793" class4="C145" k1="0.000000" k2="15.167000" k3="0.000000" k4="0.000000" periodicity1="1" periodicity2="2" periodicity3="3" periodicity4="4" phase1="0.00" phase2="3.141592653589793" phase3="0.00" phase4="3.141592653589793"/>
<Proper class1="H146" class2="C145" class3="C793" class4="N303" k1="0.000000" k2="15.167000" k3="0.000000" k4="0.000000" periodicity1="1" periodicity2="2" periodicity3="3" periodicity4="4" phase1="0.00" phase2="3.141592653589793" phase3="0.00" phase4="3.141592653589793"/>
<Proper class1="H301" class2="N300" class3="C302" class4="N300" k1="0.000000" k2="8.158800" k3="0.000000" k4="0.000000" periodicity1="1" periodicity2="2" periodicity3="3" periodicity4="4" phase1="0.00" phase2="3.141592653589793" phase3="0.00" phase4="3.141592653589793"/>
<Proper class1="H301" class2="N300" class3="C302" class4="N303" k1="0.000000" k2="8.158800" k3="0.000000" k4="0.000000" periodicity1="1" periodicity2="2" periodicity3="3" periodicity4="4" phase1="0.00" phase2="3.141592653589793" phase3="0.00" phase4="3.141592653589793"/>
<Proper class1="H304" class2="N303" class3="C793" class4="C145" k1="0.000000" k2="8.158800" k3="0.000000" k4="0.000000" periodicity1="1" periodicity2="2" periodicity3="3" periodicity4="4" phase1="0.00" phase2="3.141592653589793" phase3="0.00" phase4="3.141592653589793"/>
<Proper class1="N300" class2="C302" class3="N303" class4="C793" k1="0.000000" k2="16.602112" k3="0.000000" k4="0.000000" periodicity1="1" periodicity2="2" periodicity3="3" periodicity4="4" phase1="0.00" phase2="3.141592653589793" phase3="0.00" phase4="3.141592653589793"/>
<Proper class1="N300" class2="C302" class3="N303" class4="H304" k1="0.000000" k2="8.158800" k3="0.000000" k4="0.000000" periodicity1="1" periodicity2="2" periodicity3="3" periodicity4="4" phase1="0.00" phase2="3.141592653589793" phase3="0.00" phase4="3.141592653589793"/>
<Proper class1="N303" class2="C793" class3="C145" class4="C145" k1="0.000000" k2="3.389040" k3="0.000000" k4="-0.920480" periodicity1="1" periodicity2="2" periodicity3="3" periodicity4="4" phase1="0.00" phase2="3.141592653589793" phase3="0.00" phase4="3.141592653589793"/>
</PeriodicTorsionForce>
<NonbondedForce coulomb14scale="0.5" lj14scale="0.5">
<Atom type="opls_793" charge="0.380000" sigma="0.355000" epsilon="0.292880" />
<Atom type="opls_301" charge="0.460000" sigma="0.000000" epsilon="0.000000" />
<Atom type="opls_302" charge="0.640000" sigma="0.355000" epsilon="0.209200" />
<Atom type="opls_304" charge="0.440000" sigma="0.000000" epsilon="0.000000" />
<Atom type="opls_300" charge="-0.800000" sigma="0.325000" epsilon="0.711280" />
<Atom type="opls_303" charge="-0.700000" sigma="0.325000" epsilon="0.711280" />
<Atom type="opls_146" charge="0.115000" sigma="0.242000" epsilon="0.125520" />
<Atom type="opls_145" charge="-0.115000" sigma="0.355000" epsilon="0.292880" />
</NonbondedForce>
</ForceField>
