<ForceField>
<AtomTypes>
<Type name="opls_247" class="C247" element="C" mass="12.011000" />
<Type name="opls_248" class="O248" element="O" mass="15.999000" />
<Type name="opls_249" class="N249" element="N" mass="14.007000" />
<Type name="opls_250" class="H250" element="H" mass="1.008000" />
</AtomTypes>
<Residues>
<Residue name="NEU">
<Atom name="C00" type="opls_247" />
<Atom name="O01" type="opls_248" />
<Atom name="N02" type="opls_249" />
<Atom name="N03" type="opls_249" />
<Atom name="H04" type="opls_250" />
<Atom name="H05" type="opls_250" />
<Atom name="H06" type="opls_250" />
<Atom name="H07" type="opls_250" />
<Bond from="0" to="1"/>
<Bond from="0" to="2"/>
<Bond from="0" to="3"/>
<Bond from="2" to="4"/>
<Bond from="2" to="5"/>
<Bond from="3" to="6"/>
<Bond from="3" to="7"/>
</Residue>
</Residues>
<HarmonicBondForce>
<Bond class1="O248" class2="C247" length="0.122900" k="476976.000000"/>
<Bond class1="N249" class2="C247" length="0.133500" k="410032.000000"/>
<Bond class1="N249" class2="C247" length="0.133500" k="410032.000000"/>
<Bond class1="H250" class2="N249" length="0.101000" k="363171.200000"/>
<Bond class1="H250" class2="N249" length="0.101000" k="363171.200000"/>
<Bond class1="H250" class2="N249" length="0.101000" k="363171.200000"/>
<Bond class1="H250" class2="N249" length="0.101000" k="363171.200000"/>
</HarmonicBondForce>
<HarmonicAngleForce>
<Angle class1="O248" class2="C247" class3="N249" angle="2.145010" k="669.440000"/>
<Angle class1="C247" class2="N249" class3="H250" angle="2.090904" k="292.880000"/>
<Angle class1="N249" class2="C247" class3="N249" angle="1.993166" k="585.760000"/>
<Angle class1="H250" class2="N249" class3="H250" angle="2.094395" k="292.880000"/>
</HarmonicAngleForce>
<PeriodicTorsionForce>
<Proper class1="H250" class2="N249" class3="C247" class4="N249" k1="0.000000" k2="10.250800" k3="0.000000" k4="0.000000" periodicity1="1" periodicity2="2" periodicity3="3" periodicity4="4" phase1="0.00" phase2="3.141592653589793" phase3="0.00" phase4="3.141592653589793"/>
<Proper class1="H250" class2="N249" class3="C247" class4="O248" k1="0.000000" k2="10.250800" k3="0.000000" k4="0.000000" periodicity1="1" periodicity2="2" periodicity3="3" periodicity4="4" phase1="0.00" phase2="3.141592653589793" phase3="0.00" phase4="3.141592653589793"/>
</PeriodicTorsionForce>
<NonbondedForce coulomb14scale="0.5" lj14scale="0.5">
<Atom type="opls_250" charge="0.333000" sigma="0.000000" epsilon="0.000000" />
<Atom type="opls_248" charge="-0.390000" sigma="0.296000" epsilon="0.878640" />
<Atom type="opls_249" charge="-0.542000" sigma="0.325000" epsilon="0.711280" />
<Atom type="opls_247" charge="0.142000" sigma="0.375000" epsilon="0.439320" />
</NonbondedForce>
</ForceField>
