<ForceField>
<AtomTypes>
<Type name="opls_345" class="H345" element="H" mass="1.008000" />
<Type name="opls_333" class="N333" element="N" mass="14.007000" />
<Type name="opls_337" class="C337" element="C" mass="12.011000" />
<Type name="opls_335" class="N335" element="N" mass="14.007000" />
<Type name="opls_336" class="C336" element="C" mass="12.011000" />
<Type name="opls_343" class="H343" element="H" mass="1.008000" />
<Type name="opls_341" class="N341" element="N" mass="14.007000" />
<Type name="opls_340" class="O340" element="O" mass="15.999000" />
<Type name="opls_339" class="H339" element="H" mass="1.008000" />
<Type name="opls_338" class="C338" element="C" mass="12.011000" />
<Type name="opls_344" class="H344" element="H" mass="1.008000" />
<Type name="opls_334" class="C334" element="C" mass="12.011000" />
<Type name="opls_342" class="H342" element="H" mass="1.008000" />
</AtomTypes>
<Residues>
<Residue name="NEU">
<Atom name="N00" type="opls_333" />
<Atom name="C01" type="opls_334" />
<Atom name="N02" type="opls_335" />
<Atom name="C03" type="opls_336" />
<Atom name="C04" type="opls_337" />
<Atom name="C05" type="opls_338" />
<Atom name="H06" type="opls_339" />
<Atom name="O07" type="opls_340" />
<Atom name="N08" type="opls_341" />
<Atom name="H09" type="opls_344" />
<Atom name="H0A" type="opls_345" />
<Atom name="H0B" type="opls_342" />
<Atom name="H0C" type="opls_343" />
<Bond from="0" to="1"/>
<Bond from="1" to="2"/>
<Bond from="2" to="3"/>
<Bond from="3" to="4"/>
<Bond from="0" to="5"/>
<Bond from="0" to="6"/>
<Bond from="1" to="7"/>
<Bond from="3" to="8"/>
<Bond from="4" to="9"/>
<Bond from="5" to="10"/>
<Bond from="8" to="11"/>
<Bond from="8" to="12"/>
<Bond from="4" to="5"/>
</Residue>
</Residues>
<HarmonicBondForce>
<Bond class1="C334" class2="N333" length="0.138800" k="349782.400000"/>
<Bond class1="N335" class2="C334" length="0.135800" k="382417.600000"/>
<Bond class1="C336" class2="N335" length="0.133900" k="404174.400000"/>
<Bond class1="C337" class2="C336" length="0.143300" k="357313.600000"/>
<Bond class1="C338" class2="N333" length="0.136500" k="374886.400000"/>
<Bond class1="H339" class2="N333" length="0.101000" k="363171.200000"/>
<Bond class1="O340" class2="C334" length="0.122900" k="476976.000000"/>
<Bond class1="N341" class2="C336" length="0.134000" k="402500.800000"/>
<Bond class1="H344" class2="C337" length="0.108000" k="284512.000000"/>
<Bond class1="H345" class2="C338" length="0.108000" k="307105.600000"/>
<Bond class1="H342" class2="N341" length="0.101000" k="363171.200000"/>
<Bond class1="H343" class2="N341" length="0.101000" k="363171.200000"/>
<Bond class1="C338" class2="C337" length="0.134000" k="459403.200000"/>
</HarmonicBondForce>
<HarmonicAngleForce>
<Angle class1="N333" class2="C334" class3="N335" angle="2.069960" k="585.760000"/>
<Angle class1="C334" class2="N335" class3="C336" angle="2.103122" k="585.760000"/>
<Angle class1="N335" class2="C336" class3="C337" angle="2.120575" k="585.760000"/>
<Angle class1="C334" class2="N333" class3="C338" angle="2.122320" k="585.760000"/>
<Angle class1="C334" class2="N333" class3="H339" angle="2.038545" k="292.880000"/>
<Angle class1="N333" class2="C334" class3="O340" angle="2.104867" k="669.440000"/>
<Angle class1="N335" class2="C336" class3="N341" angle="2.082178" k="585.760000"/>
<Angle class1="C336" class2="C337" class3="H344" angle="2.151991" k="292.880000"/>
<Angle class1="N333" class2="C338" class3="H345" angle="2.078687" k="292.880000"/>
<Angle class1="C336" class2="N341" class3="H342" angle="2.094395" k="292.880000"/>
<Angle class1="C336" class2="N341" class3="H343" angle="2.094395" k="292.880000"/>
<Angle class1="C337" class2="C336" class3="N341" angle="2.096140" k="585.760000"/>
<Angle class1="C337" class2="C338" class3="H345" angle="2.089159" k="292.880000"/>
<Angle class1="C338" class2="N333" class3="H339" angle="2.080432" k="292.880000"/>
<Angle class1="H342" class2="N341" class3="H343" angle="2.094395" k="292.880000"/>
<Angle class1="C338" class2="C337" class3="H344" angle="2.094395" k="292.880000"/>
<Angle class1="N333" class2="C338" class3="C337" angle="2.115339" k="585.760000"/>
<Angle class1="C336" class2="C337" class3="C338" angle="2.042035" k="711.280000"/>
<Angle class1="N335" class2="C334" class3="O340" angle="2.138028" k="669.440000"/>
</HarmonicAngleForce>
<PeriodicTorsionForce>
<Proper class1="C336" class2="C337" class3="C338" class4="N333" k1="0.000000" k2="29.288000" k3="0.000000" k4="0.000000" periodicity1="1" periodicity2="2" periodicity3="3" periodicity4="4" phase1="0.00" phase2="3.141592653589793" phase3="0.00" phase4="3.141592653589793"/>
<Proper class1="C336" class2="N335" class3="C334" class4="N333" k1="0.000000" k2="29.288000" k3="0.000000" k4="0.000000" periodicity1="1" periodicity2="2" periodicity3="3" periodicity4="4" phase1="0.00" phase2="3.141592653589793" phase3="0.00" phase4="3.141592653589793"/>
<Proper class1="C337" class2="C336" class3="N335" class4="C334" k1="0.000000" k2="15.167000" k3="0.000000" k4="0.000000" periodicity1="1" periodicity2="2" periodicity3="3" periodicity4="4" phase1="0.00" phase2="3.141592653589793" phase3="0.00" phase4="3.141592653589793"/>
<Proper class1="C337" class2="C338" class3="N333" class4="C334" k1="0.000000" k2="0.313800" k3="0.000000" k4="0.000000" periodicity1="1" periodicity2="2" periodicity3="3" periodicity4="4" phase1="0.00" phase2="3.141592653589793" phase3="0.00" phase4="3.141592653589793"/>
<Proper class1="C338" class2="C337" class3="C336" class4="N335" k1="1.667324" k2="8.771756" k3="-1.179888" k4="-0.589944" periodicity1="1" periodicity2="2" periodicity3="3" periodicity4="4" phase1="0.00" phase2="3.141592653589793" phase3="0.00" phase4="3.141592653589793"/>
<Proper class1="C338" class2="N333" class3="C334" class4="N335" k1="0.000000" k2="12.738188" k3="0.000000" k4="0.000000" periodicity1="1" periodicity2="2" periodicity3="3" periodicity4="4" phase1="0.00" phase2="3.141592653589793" phase3="0.00" phase4="3.141592653589793"/>
<Proper class1="H339" class2="N333" class3="C334" class4="N335" k1="0.000000" k2="10.250800" k3="0.000000" k4="0.000000" periodicity1="1" periodicity2="2" periodicity3="3" periodicity4="4" phase1="0.00" phase2="3.141592653589793" phase3="0.00" phase4="3.141592653589793"/>
<Proper class1="H339" class2="N333" class3="C338" class4="C337" k1="0.000000" k2="10.460000" k3="0.000000" k4="0.000000" periodicity1="1" periodicity2="2" periodicity3="3" periodicity4="4" phase1="0.00" phase2="3.141592653589793" phase3="0.00" phase4="3.141592653589793"/>
<Proper class1="H342" class2="N341" class3="C336" class4="C337" k1="0.000000" k2="8.158800" k3="0.000000" k4="0.000000" periodicity1="1" periodicity2="2" periodicity3="3" periodicity4="4" phase1="0.00" phase2="3.141592653589793" phase3="0.00" phase4="3.141592653589793"/>
<Proper class1="H342" class2="N341" class3="C336" class4="N335" k1="0.000000" k2="7.949600" k3="0.000000" k4="0.000000" periodicity1="1" periodicity2="2" periodicity3="3" periodicity4="4" phase1="0.00" phase2="3.141592653589793" phase3="0.00" phase4="3.141592653589793"/>
<Proper class1="H343" class2="N341" class3="C336" class4="C337" k1="0.000000" k2="8.158800" k3="0.000000" k4="0.000000" periodicity1="1" periodicity2="2" periodicity3="3" periodicity4="4" phase1="0.00" phase2="3.141592653589793" phase3="0.00" phase4="3.141592653589793"/>
<Proper class1="H343" class2="N341" class3="C336" class4="N335" k1="0.000000" k2="7.949600" k3="0.000000" k4="0.000000" periodicity1="1" periodicity2="2" periodicity3="3" periodicity4="4" phase1="0.00" phase2="3.141592653589793" phase3="0.00" phase4="3.141592653589793"/>
<Proper class1="H344" class2="C337" class3="C336" class4="N335" k1="0.000000" k2="0.000000" k3="0.000000" k4="0.000000" periodicity1="1" periodicity2="2" periodicity3="3" periodicity4="4" phase1="0.00" phase2="3.141592653589793" phase3="0.00" phase4="3.141592653589793"/>
<Proper class1="H344" class2="C337" class3="C336" class4="N341" k1="0.000000" k2="0.000000" k3="0.000000" k4="0.000000" periodicity1="1" periodicity2="2" periodicity3="3" periodicity4="4" phase1="0.00" phase2="3.141592653589793" phase3="0.00" phase4="3.141592653589793"/>
<Proper class1="H344" class2="C337" class3="C338" class4="N333" k1="0.000000" k2="29.288000" k3="0.000000" k4="0.000000" periodicity1="1" periodicity2="2" periodicity3="3" periodicity4="4" phase1="0.00" phase2="3.141592653589793" phase3="0.00" phase4="3.141592653589793"/>
<Proper class1="H345" class2="C338" class3="C337" class4="C336" k1="0.000000" k2="29.288000" k3="0.000000" k4="0.000000" periodicity1="1" periodicity2="2" periodicity3="3" periodicity4="4" phase1="0.00" phase2="3.141592653589793" phase3="0.00" phase4="3.141592653589793"/>
<Proper class1="H345" class2="C338" class3="C337" class4="H344" k1="0.000000" k2="29.288000" k3="0.000000" k4="0.000000" periodicity1="1" periodicity2="2" periodicity3="3" periodicity4="4" phase1="0.00" phase2="3.141592653589793" phase3="0.00" phase4="3.141592653589793"/>
<Proper class1="H345" class2="C338" class3="N333" class4="C334" k1="0.000000" k2="0.313800" k3="0.000000" k4="0.000000" periodicity1="1" periodicity2="2" periodicity3="3" periodicity4="4" phase1="0.00" phase2="3.141592653589793" phase3="0.00" phase4="3.141592653589793"/>
<Proper class1="H345" class2="C338" class3="N333" class4="H339" k1="0.000000" k2="10.460000" k3="0.000000" k4="0.000000" periodicity1="1" periodicity2="2" periodicity3="3" periodicity4="4" phase1="0.00" phase2="3.141592653589793" phase3="0.00" phase4="3.141592653589793"/>
<Proper class1="N341" class2="C336" class3="C337" class4="C338" k1="1.667324" k2="8.771756" k3="-1.179888" k4="-0.589944" periodicity1="1" periodicity2="2" periodicity3="3" periodicity4="4" phase1="0.00" phase2="3.141592653589793" phase3="0.00" phase4="3.141592653589793"/>
<Proper class1="N341" class2="C336" class3="N335" class4="C334" k1="0.000000" k2="15.167000" k3="0.000000" k4="0.000000" periodicity1="1" periodicity2="2" periodicity3="3" periodicity4="4" phase1="0.00" phase2="3.141592653589793" phase3="0.00" phase4="3.141592653589793"/>
<Proper class1="O340" class2="C334" class3="N333" class4="C338" k1="0.000000" k2="12.738188" k3="0.000000" k4="0.000000" periodicity1="1" periodicity2="2" periodicity3="3" periodicity4="4" phase1="0.00" phase2="3.141592653589793" phase3="0.00" phase4="3.141592653589793"/>
<Proper class1="O340" class2="C334" class3="N333" class4="H339" k1="0.000000" k2="10.250800" k3="0.000000" k4="0.000000" periodicity1="1" periodicity2="2" periodicity3="3" periodicity4="4" phase1="0.00" phase2="3.141592653589793" phase3="0.00" phase4="3.141592653589793"/>
<Proper class1="O340" class2="C334" class3="N335" class4="C336" k1="0.000000" k2="12.738188" k3="0.000000" k4="0.000000" periodicity1="1" periodicity2="2" periodicity3="3" periodicity4="4" phase1="0.00" phase2="3.141592653589793" phase3="0.00" phase4="3.141592653589793"/>
<Improper class1="C337" class2="H344" class3="C336" class4="C338" k1="0.000000" k2="10.460000" k3="0.000000" k4="0.000000" periodicity1="1" periodicity2="2" periodicity3="3" periodicity4="4" phase1="0.00" phase2="3.141592653589793" phase3="0.00" phase4="3.141592653589793"/>
<Improper class1="C338" class2="N333" class3="H345" class4="C337" k1="0.000000" k2="10.460000" k3="0.000000" k4="0.000000" periodicity1="1" periodicity2="2" periodicity3="3" periodicity4="4" phase1="0.00" phase2="3.141592653589793" phase3="0.00" phase4="3.141592653589793"/>
<Improper class1="C336" class2="N341" class3="N335" class4="C337" k1="0.000000" k2="10.460000" k3="0.000000" k4="0.000000" periodicity1="1" periodicity2="2" periodicity3="3" periodicity4="4" phase1="0.00" phase2="3.141592653589793" phase3="0.00" phase4="3.141592653589793"/>
<Improper class1="C334" class2="N333" class3="N335" class4="O340" k1="0.000000" k2="43.932000" k3="0.000000" k4="0.000000" periodicity1="1" periodicity2="2" periodicity3="3" periodicity4="4" phase1="0.00" phase2="3.141592653589793" phase3="0.00" phase4="3.141592653589793"/>
</PeriodicTorsionForce>
<NonbondedForce coulomb14scale="0.5" lj14scale="0.5">
<Atom type="opls_340" charge="-0.480000" sigma="0.296000" epsilon="0.878640" />
<Atom type="opls_334" charge="0.550000" sigma="0.375000" epsilon="0.439320" />
<Atom type="opls_343" charge="0.355000" sigma="0.000000" epsilon="0.000000" />
<Atom type="opls_333" charge="-0.560000" sigma="0.325000" epsilon="0.711280" />
<Atom type="opls_337" charge="-0.060000" sigma="0.350000" epsilon="0.334720" />
<Atom type="opls_335" charge="-0.540000" sigma="0.325000" epsilon="0.711280" />
<Atom type="opls_344" charge="0.100000" sigma="0.250000" epsilon="0.209200" />
<Atom type="opls_341" charge="-0.790000" sigma="0.325000" epsilon="0.711280" />
<Atom type="opls_345" charge="0.100000" sigma="0.250000" epsilon="0.209200" />
<Atom type="opls_338" charge="0.100000" sigma="0.350000" epsilon="0.334720" />
<Atom type="opls_336" charge="0.460000" sigma="0.350000" epsilon="0.334720" />
<Atom type="opls_339" charge="0.380000" sigma="0.000000" epsilon="0.000000" />
<Atom type="opls_342" charge="0.385000" sigma="0.000000" epsilon="0.000000" />
</NonbondedForce>
</ForceField>
