<ForceField>
<AtomTypes>
<Type name="opls_911" class="H911" element="H" mass="1.008000" />
<Type name="opls_136" class="C136" element="C" mass="12.011000" />
<Type name="opls_140" class="H140" element="H" mass="1.008000" />
<Type name="opls_910" class="H910" element="H" mass="1.008000" />
<Type name="opls_907" class="C907" element="C" mass="12.011000" />
<Type name="opls_901" class="N901" element="N" mass="14.007000" />
</AtomTypes>
<Residues>
<Residue name="NEU">
<Atom name="N00" type="opls_901" />
<Atom name="C01" type="opls_907" />
<Atom name="C02" type="opls_136" />
<Atom name="C03" type="opls_136" />
<Atom name="C04" type="opls_907" />
<Atom name="H05" type="opls_911" />
<Atom name="H06" type="opls_911" />
<Atom name="H07" type="opls_140" />
<Atom name="H08" type="opls_140" />
<Atom name="H09" type="opls_140" />
<Atom name="H0A" type="opls_140" />
<Atom name="H0B" type="opls_911" />
<Atom name="H0C" type="opls_911" />
<Atom name="H0D" type="opls_910" />
<Bond from="0" to="1"/>
<Bond from="1" to="2"/>
<Bond from="2" to="3"/>
<Bond from="0" to="4"/>
<Bond from="1" to="5"/>
<Bond from="1" to="6"/>
<Bond from="2" to="7"/>
<Bond from="2" to="8"/>
<Bond from="3" to="9"/>
<Bond from="3" to="10"/>
<Bond from="4" to="11"/>
<Bond from="4" to="12"/>
<Bond from="0" to="13"/>
<Bond from="3" to="4"/>
</Residue>
</Residues>
<HarmonicBondForce>
<Bond class1="C907" class2="N901" length="0.144800" k="319657.600000"/>
<Bond class1="C136" class2="C907" length="0.152900" k="224262.400000"/>
<Bond class1="C136" class2="C136" length="0.152900" k="224262.400000"/>
<Bond class1="C907" class2="N901" length="0.144800" k="319657.600000"/>
<Bond class1="H911" class2="C907" length="0.109000" k="284512.000000"/>
<Bond class1="H911" class2="C907" length="0.109000" k="284512.000000"/>
<Bond class1="H140" class2="C136" length="0.109000" k="284512.000000"/>
<Bond class1="H140" class2="C136" length="0.109000" k="284512.000000"/>
<Bond class1="H140" class2="C136" length="0.109000" k="284512.000000"/>
<Bond class1="H140" class2="C136" length="0.109000" k="284512.000000"/>
<Bond class1="H911" class2="C907" length="0.109000" k="284512.000000"/>
<Bond class1="H911" class2="C907" length="0.109000" k="284512.000000"/>
<Bond class1="H910" class2="N901" length="0.101000" k="363171.200000"/>
<Bond class1="C907" class2="C136" length="0.152900" k="224262.400000"/>
</HarmonicBondForce>
<HarmonicAngleForce>
<Angle class1="N901" class2="C907" class3="C136" angle="1.910612" k="470.281600"/>
<Angle class1="C907" class2="C136" class3="C136" angle="1.966986" k="488.272800"/>
<Angle class1="C907" class2="N901" class3="C907" angle="1.870993" k="433.462400"/>
<Angle class1="N901" class2="C907" class3="H911" angle="1.911136" k="292.880000"/>
<Angle class1="C907" class2="C136" class3="H140" angle="1.932079" k="313.800000"/>
<Angle class1="C136" class2="C136" class3="H140" angle="1.932079" k="313.800000"/>
<Angle class1="C907" class2="N901" class3="H910" angle="1.911136" k="292.880000"/>
<Angle class1="H140" class2="C136" class3="H140" angle="1.881465" k="276.144000"/>
<Angle class1="H911" class2="C907" class3="H911" angle="1.881465" k="276.144000"/>
<Angle class1="C136" class2="C907" class3="H911" angle="1.932079" k="313.800000"/>
<Angle class1="C136" class2="C136" class3="C907" angle="1.966986" k="488.272800"/>
</HarmonicAngleForce>
<PeriodicTorsionForce>
<Proper class1="C136" class2="C136" class3="C907" class4="N901" k1="5.004064" k2="-1.410008" k3="1.150600" k4="0.000000" periodicity1="1" periodicity2="2" periodicity3="3" periodicity4="4" phase1="0.00" phase2="3.141592653589793" phase3="0.00" phase4="3.141592653589793"/>
<Proper class1="C907" class2="N901" class3="C907" class4="C136" k1="0.870272" k2="-0.267776" k3="1.453940" k4="0.000000" periodicity1="1" periodicity2="2" periodicity3="3" periodicity4="4" phase1="0.00" phase2="3.141592653589793" phase3="0.00" phase4="3.141592653589793"/>
<Proper class1="H140" class2="C136" class3="C136" class4="C907" k1="0.000000" k2="0.000000" k3="0.627600" k4="0.000000" periodicity1="1" periodicity2="2" periodicity3="3" periodicity4="4" phase1="0.00" phase2="3.141592653589793" phase3="0.00" phase4="3.141592653589793"/>
<Proper class1="H140" class2="C136" class3="C136" class4="H140" k1="0.000000" k2="0.000000" k3="0.627600" k4="0.000000" periodicity1="1" periodicity2="2" periodicity3="3" periodicity4="4" phase1="0.00" phase2="3.141592653589793" phase3="0.00" phase4="3.141592653589793"/>
<Proper class1="H140" class2="C136" class3="C907" class4="H911" k1="0.000000" k2="0.000000" k3="0.627600" k4="0.000000" periodicity1="1" periodicity2="2" periodicity3="3" periodicity4="4" phase1="0.00" phase2="3.141592653589793" phase3="0.00" phase4="3.141592653589793"/>
<Proper class1="H140" class2="C136" class3="C907" class4="N901" k1="-2.119196" k2="-1.483228" k3="0.989516" k4="0.000000" periodicity1="1" periodicity2="2" periodicity3="3" periodicity4="4" phase1="0.00" phase2="3.141592653589793" phase3="0.00" phase4="3.141592653589793"/>
<Proper class1="H910" class2="N901" class3="C907" class4="C136" k1="-0.397480" k2="-0.872364" k3="0.874456" k4="0.000000" periodicity1="1" periodicity2="2" periodicity3="3" periodicity4="4" phase1="0.00" phase2="3.141592653589793" phase3="0.00" phase4="3.141592653589793"/>
<Proper class1="H910" class2="N901" class3="C907" class4="H911" k1="0.000000" k2="0.000000" k3="0.836800" k4="0.000000" periodicity1="1" periodicity2="2" periodicity3="3" periodicity4="4" phase1="0.00" phase2="3.141592653589793" phase3="0.00" phase4="3.141592653589793"/>
<Proper class1="H911" class2="C907" class3="C136" class4="C136" k1="0.000000" k2="0.000000" k3="0.627600" k4="0.000000" periodicity1="1" periodicity2="2" periodicity3="3" periodicity4="4" phase1="0.00" phase2="3.141592653589793" phase3="0.00" phase4="3.141592653589793"/>
<Proper class1="H911" class2="C907" class3="C136" class4="H140" k1="0.000000" k2="0.000000" k3="0.627600" k4="0.000000" periodicity1="1" periodicity2="2" periodicity3="3" periodicity4="4" phase1="0.00" phase2="3.141592653589793" phase3="0.00" phase4="3.141592653589793"/>
<Proper class1="H911" class2="C907" class3="N901" class4="C907" k1="0.000000" k2="0.000000" k3="1.171520" k4="0.000000" periodicity1="1" periodicity2="2" periodicity3="3" periodicity4="4" phase1="0.00" phase2="3.141592653589793" phase3="0.00" phase4="3.141592653589793"/>
</PeriodicTorsionForce>
<NonbondedForce coulomb14scale="0.5" lj14scale="0.5">
<Atom type="opls_140" charge="0.060000" sigma="0.250000" epsilon="0.125520" />
<Atom type="opls_910" charge="0.380000" sigma="0.000000" epsilon="0.000000" />
<Atom type="opls_907" charge="0.080000" sigma="0.350000" epsilon="0.276144" />
<Atom type="opls_136" charge="-0.120000" sigma="0.350000" epsilon="0.276144" />
<Atom type="opls_901" charge="-0.780000" sigma="0.330000" epsilon="0.711280" />
<Atom type="opls_911" charge="0.060000" sigma="0.250000" epsilon="0.062760" />
</NonbondedForce>
</ForceField>
