<ForceField>
<AtomTypes>
<Type name="opls_140" class="H140" element="H" mass="1.008000" />
<Type name="opls_180" class="O180" element="O" mass="15.999000" />
<Type name="opls_182" class="C182" element="C" mass="12.011000" />
<Type name="opls_135" class="C135" element="C" mass="12.011000" />
<Type name="opls_185" class="H185" element="H" mass="1.008000" />
<Type name="opls_154" class="O154" element="O" mass="15.999000" />
<Type name="opls_157" class="C157" element="C" mass="12.011000" />
<Type name="opls_155" class="H155" element="H" mass="1.008000" />
</AtomTypes>
<Residues>
<Residue name="NEU">
<Atom name="O00" type="opls_180" />
<Atom name="C01" type="opls_182" />
<Atom name="C02" type="opls_182" />
<Atom name="C03" type="opls_135" />
<Atom name="H04" type="opls_185" />
<Atom name="H05" type="opls_185" />
<Atom name="H06" type="opls_140" />
<Atom name="H07" type="opls_140" />
<Atom name="H08" type="opls_140" />
<Atom name="C09" type="opls_157" />
<Atom name="H0A" type="opls_185" />
<Atom name="H0B" type="opls_185" />
<Atom name="O0C" type="opls_154" />
<Atom name="H0D" type="opls_140" />
<Atom name="H0E" type="opls_140" />
<Atom name="H0F" type="opls_155" />
<Bond from="0" to="1"/>
<Bond from="0" to="2"/>
<Bond from="1" to="3"/>
<Bond from="1" to="4"/>
<Bond from="1" to="5"/>
<Bond from="3" to="6"/>
<Bond from="3" to="7"/>
<Bond from="3" to="8"/>
<Bond from="2" to="9"/>
<Bond from="2" to="10"/>
<Bond from="2" to="11"/>
<Bond from="9" to="12"/>
<Bond from="9" to="13"/>
<Bond from="9" to="14"/>
<Bond from="12" to="15"/>
</Residue>
</Residues>
<HarmonicBondForce>
<Bond class1="C182" class2="O180" length="0.141000" k="267776.000000"/>
<Bond class1="C182" class2="O180" length="0.141000" k="267776.000000"/>
<Bond class1="C135" class2="C182" length="0.152900" k="224262.400000"/>
<Bond class1="H185" class2="C182" length="0.109000" k="284512.000000"/>
<Bond class1="H185" class2="C182" length="0.109000" k="284512.000000"/>
<Bond class1="H140" class2="C135" length="0.109000" k="284512.000000"/>
<Bond class1="H140" class2="C135" length="0.109000" k="284512.000000"/>
<Bond class1="H140" class2="C135" length="0.109000" k="284512.000000"/>
<Bond class1="C157" class2="C182" length="0.152900" k="224262.400000"/>
<Bond class1="H185" class2="C182" length="0.109000" k="284512.000000"/>
<Bond class1="H185" class2="C182" length="0.109000" k="284512.000000"/>
<Bond class1="O154" class2="C157" length="0.141000" k="267776.000000"/>
<Bond class1="H140" class2="C157" length="0.109000" k="284512.000000"/>
<Bond class1="H140" class2="C157" length="0.109000" k="284512.000000"/>
<Bond class1="H155" class2="O154" length="0.094500" k="462750.400000"/>
</HarmonicBondForce>
<HarmonicAngleForce>
<Angle class1="C182" class2="O180" class3="C182" angle="1.911136" k="502.080000"/>
<Angle class1="O180" class2="C182" class3="C135" angle="1.911136" k="418.400000"/>
<Angle class1="O180" class2="C182" class3="H185" angle="1.911136" k="292.880000"/>
<Angle class1="C182" class2="C135" class3="H140" angle="1.932079" k="313.800000"/>
<Angle class1="O180" class2="C182" class3="C157" angle="1.911136" k="418.400000"/>
<Angle class1="C182" class2="C157" class3="O154" angle="1.911136" k="418.400000"/>
<Angle class1="C182" class2="C157" class3="H140" angle="1.932079" k="313.800000"/>
<Angle class1="C157" class2="O154" class3="H155" angle="1.893682" k="460.240000"/>
<Angle class1="C157" class2="C182" class3="H185" angle="1.932079" k="313.800000"/>
<Angle class1="H140" class2="C135" class3="H140" angle="1.881465" k="276.144000"/>
<Angle class1="O154" class2="C157" class3="H140" angle="1.911136" k="292.880000"/>
<Angle class1="H185" class2="C182" class3="H185" angle="1.881465" k="276.144000"/>
<Angle class1="C135" class2="C182" class3="H185" angle="1.932079" k="313.800000"/>
<Angle class1="H140" class2="C157" class3="H140" angle="1.881465" k="276.144000"/>
</HarmonicAngleForce>
<PeriodicTorsionForce>
<Proper class1="C135" class2="C182" class3="O180" class4="C182" k1="1.359800" k2="-0.523000" k3="1.401640" k4="0.000000" periodicity1="1" periodicity2="2" periodicity3="3" periodicity4="4" phase1="0.00" phase2="3.141592653589793" phase3="0.00" phase4="3.141592653589793"/>
<Proper class1="C157" class2="C182" class3="O180" class4="C182" k1="1.359800" k2="-0.523000" k3="1.401640" k4="0.000000" periodicity1="1" periodicity2="2" periodicity3="3" periodicity4="4" phase1="0.00" phase2="3.141592653589793" phase3="0.00" phase4="3.141592653589793"/>
<Proper class1="H140" class2="C135" class3="C182" class4="H185" k1="0.000000" k2="0.000000" k3="0.627600" k4="0.000000" periodicity1="1" periodicity2="2" periodicity3="3" periodicity4="4" phase1="0.00" phase2="3.141592653589793" phase3="0.00" phase4="3.141592653589793"/>
<Proper class1="H140" class2="C135" class3="C182" class4="O180" k1="0.000000" k2="0.000000" k3="0.979056" k4="0.000000" periodicity1="1" periodicity2="2" periodicity3="3" periodicity4="4" phase1="0.00" phase2="3.141592653589793" phase3="0.00" phase4="3.141592653589793"/>
<Proper class1="H140" class2="C157" class3="C182" class4="H185" k1="0.000000" k2="0.000000" k3="0.627600" k4="0.000000" periodicity1="1" periodicity2="2" periodicity3="3" periodicity4="4" phase1="0.00" phase2="3.141592653589793" phase3="0.00" phase4="3.141592653589793"/>
<Proper class1="H140" class2="C157" class3="C182" class4="O180" k1="0.000000" k2="0.000000" k3="0.979056" k4="0.000000" periodicity1="1" periodicity2="2" periodicity3="3" periodicity4="4" phase1="0.00" phase2="3.141592653589793" phase3="0.00" phase4="3.141592653589793"/>
<Proper class1="H155" class2="O154" class3="C157" class4="C182" k1="-0.744752" k2="-0.364008" k3="1.029264" k4="0.000000" periodicity1="1" periodicity2="2" periodicity3="3" periodicity4="4" phase1="0.00" phase2="3.141592653589793" phase3="0.00" phase4="3.141592653589793"/>
<Proper class1="H155" class2="O154" class3="C157" class4="H140" k1="0.000000" k2="0.000000" k3="0.736384" k4="0.000000" periodicity1="1" periodicity2="2" periodicity3="3" periodicity4="4" phase1="0.00" phase2="3.141592653589793" phase3="0.00" phase4="3.141592653589793"/>
<Proper class1="H185" class2="C182" class3="O180" class4="C182" k1="0.000000" k2="0.000000" k3="1.589920" k4="0.000000" periodicity1="1" periodicity2="2" periodicity3="3" periodicity4="4" phase1="0.00" phase2="3.141592653589793" phase3="0.00" phase4="3.141592653589793"/>
<Proper class1="O154" class2="C157" class3="C182" class4="H185" k1="0.000000" k2="0.000000" k3="0.979056" k4="0.000000" periodicity1="1" periodicity2="2" periodicity3="3" periodicity4="4" phase1="0.00" phase2="3.141592653589793" phase3="0.00" phase4="3.141592653589793"/>
<Proper class1="O154" class2="C157" class3="C182" class4="O180" k1="9.035348" k2="0.000000" k3="0.000000" k4="0.000000" periodicity1="1" periodicity2="2" periodicity3="3" periodicity4="4" phase1="0.00" phase2="3.141592653589793" phase3="0.00" phase4="3.141592653589793"/>
</PeriodicTorsionForce>
<NonbondedForce coulomb14scale="0.5" lj14scale="0.5">
<Atom type="opls_155" charge="0.418000" sigma="0.000000" epsilon="0.000000" />
<Atom type="opls_180" charge="-0.400000" sigma="0.290000" epsilon="0.585760" />
<Atom type="opls_140" charge="0.060000" sigma="0.250000" epsilon="0.125520" />
<Atom type="opls_154" charge="-0.683000" sigma="0.312000" epsilon="0.711280" />
<Atom type="opls_185" charge="0.030000" sigma="0.250000" epsilon="0.125520" />
<Atom type="opls_157" charge="0.145000" sigma="0.350000" epsilon="0.276144" />
<Atom type="opls_182" charge="0.140000" sigma="0.350000" epsilon="0.276144" />
<Atom type="opls_135" charge="-0.180000" sigma="0.350000" epsilon="0.276144" />
</NonbondedForce>
</ForceField>
