<ForceField>
<AtomTypes>
<Type name="opls_1038" class="C038" element="C" mass="12.011000" />
<Type name="opls_1045" class="H045" element="H" mass="1.008000" />
<Type name="opls_1044" class="O044" element="O" mass="15.999000" />
<Type name="opls_1042" class="H042" element="H" mass="1.008000" />
<Type name="opls_1037" class="N037" element="N" mass="14.007000" />
<Type name="opls_1043" class="C043" element="C" mass="12.011000" />
</AtomTypes>
<Residues>
<Residue name="NEU">
<Atom name="C00" type="opls_1043" />
<Atom name="O01" type="opls_1044" />
<Atom name="N02" type="opls_1037" />
<Atom name="H03" type="opls_1045" />
<Atom name="C04" type="opls_1038" />
<Atom name="C05" type="opls_1038" />
<Atom name="H06" type="opls_1042" />
<Atom name="H07" type="opls_1042" />
<Atom name="H08" type="opls_1042" />
<Atom name="H09" type="opls_1042" />
<Atom name="H0A" type="opls_1042" />
<Atom name="H0B" type="opls_1042" />
<Bond from="0" to="1"/>
<Bond from="0" to="2"/>
<Bond from="0" to="3"/>
<Bond from="2" to="4"/>
<Bond from="2" to="5"/>
<Bond from="4" to="6"/>
<Bond from="4" to="7"/>
<Bond from="4" to="8"/>
<Bond from="5" to="9"/>
<Bond from="5" to="10"/>
<Bond from="5" to="11"/>
</Residue>
</Residues>
<HarmonicBondForce>
<Bond class1="O044" class2="C043" length="0.122900" k="476976.000000"/>
<Bond class1="N037" class2="C043" length="0.133500" k="410032.000000"/>
<Bond class1="H045" class2="C043" length="0.109000" k="284512.000000"/>
<Bond class1="C038" class2="N037" length="0.144900" k="282001.600000"/>
<Bond class1="C038" class2="N037" length="0.144900" k="282001.600000"/>
<Bond class1="H042" class2="C038" length="0.109000" k="284512.000000"/>
<Bond class1="H042" class2="C038" length="0.109000" k="284512.000000"/>
<Bond class1="H042" class2="C038" length="0.109000" k="284512.000000"/>
<Bond class1="H042" class2="C038" length="0.109000" k="284512.000000"/>
<Bond class1="H042" class2="C038" length="0.109000" k="284512.000000"/>
<Bond class1="H042" class2="C038" length="0.109000" k="284512.000000"/>
</HarmonicBondForce>
<HarmonicAngleForce>
<Angle class1="O044" class2="C043" class3="N037" angle="2.145010" k="669.440000"/>
<Angle class1="O044" class2="C043" class3="H045" angle="2.146755" k="292.880000"/>
<Angle class1="C043" class2="N037" class3="C038" angle="2.127556" k="418.400000"/>
<Angle class1="N037" class2="C038" class3="H042" angle="1.911136" k="292.880000"/>
<Angle class1="N037" class2="C043" class3="H045" angle="1.989675" k="334.720000"/>
<Angle class1="H042" class2="C038" class3="H042" angle="1.881465" k="276.144000"/>
<Angle class1="C038" class2="N037" class3="C038" angle="2.059489" k="418.400000"/>
</HarmonicAngleForce>
<PeriodicTorsionForce>
<Proper class1="C038" class2="N037" class3="C043" class4="H045" k1="4.811600" k2="12.738188" k3="0.000000" k4="0.000000" periodicity1="1" periodicity2="2" periodicity3="3" periodicity4="4" phase1="0.00" phase2="3.141592653589793" phase3="0.00" phase4="3.141592653589793"/>
<Proper class1="C038" class2="N037" class3="C043" class4="O044" k1="0.000000" k2="10.250800" k3="0.000000" k4="0.000000" periodicity1="1" periodicity2="2" periodicity3="3" periodicity4="4" phase1="0.00" phase2="3.141592653589793" phase3="0.00" phase4="3.141592653589793"/>
<Proper class1="H042" class2="C038" class3="N037" class4="C038" k1="0.000000" k2="0.000000" k3="0.000000" k4="0.000000" periodicity1="1" periodicity2="2" periodicity3="3" periodicity4="4" phase1="0.00" phase2="3.141592653589793" phase3="0.00" phase4="3.141592653589793"/>
<Proper class1="H042" class2="C038" class3="N037" class4="C043" k1="0.000000" k2="0.000000" k3="-0.290788" k4="0.000000" periodicity1="1" periodicity2="2" periodicity3="3" periodicity4="4" phase1="0.00" phase2="3.141592653589793" phase3="0.00" phase4="3.141592653589793"/>
<Improper class1="C043" class2="O044" class3="N037" class4="H045" k1="0.000000" k2="43.932000" k3="0.000000" k4="0.000000" periodicity1="1" periodicity2="2" periodicity3="3" periodicity4="4" phase1="0.00" phase2="3.141592653589793" phase3="0.00" phase4="3.141592653589793"/>
</PeriodicTorsionForce>
<NonbondedForce coulomb14scale="0.5" lj14scale="0.5">
<Atom type="opls_1043" charge="0.570000" sigma="0.375000" epsilon="0.439320" />
<Atom type="opls_1045" charge="0.000000" sigma="0.242000" epsilon="0.062760" />
<Atom type="opls_1037" charge="-0.360000" sigma="0.325000" epsilon="0.711280" />
<Atom type="opls_1038" charge="0.000000" sigma="0.350000" epsilon="0.276144" />
<Atom type="opls_1042" charge="0.060000" sigma="0.242000" epsilon="0.062760" />
<Atom type="opls_1044" charge="-0.570000" sigma="0.296000" epsilon="0.878640" />
</NonbondedForce>
</ForceField>
