<ForceField>
<AtomTypes>
<Type name="opls_782" class="C782" element="C" mass="12.011000" />
<Type name="opls_140" class="H140" element="H" mass="1.008000" />
<Type name="opls_784" class="H784" element="H" mass="1.008000" />
<Type name="opls_783" class="C783" element="C" mass="12.011000" />
<Type name="opls_781" class="P781" element="P" mass="30.973762" />
</AtomTypes>
<Residues>
<Residue name="POS">
<Atom name="P00" type="opls_781" />
<Atom name="C01" type="opls_782" />
<Atom name="C02" type="opls_782" />
<Atom name="C03" type="opls_782" />
<Atom name="C04" type="opls_782" />
<Atom name="C05" type="opls_783" />
<Atom name="H06" type="opls_784" />
<Atom name="H07" type="opls_784" />
<Atom name="C08" type="opls_783" />
<Atom name="H09" type="opls_784" />
<Atom name="H0A" type="opls_784" />
<Atom name="C0B" type="opls_783" />
<Atom name="H0C" type="opls_784" />
<Atom name="H0D" type="opls_784" />
<Atom name="C0E" type="opls_783" />
<Atom name="H0F" type="opls_784" />
<Atom name="H0G" type="opls_784" />
<Atom name="H0H" type="opls_140" />
<Atom name="H0I" type="opls_140" />
<Atom name="H0J" type="opls_140" />
<Atom name="H0K" type="opls_140" />
<Atom name="H0M" type="opls_140" />
<Atom name="H0N" type="opls_140" />
<Atom name="H0O" type="opls_140" />
<Atom name="H0P" type="opls_140" />
<Atom name="H0Q" type="opls_140" />
<Atom name="H0R" type="opls_140" />
<Atom name="H0S" type="opls_140" />
<Atom name="H0T" type="opls_140" />
<Bond from="0" to="1"/>
<Bond from="0" to="2"/>
<Bond from="0" to="3"/>
<Bond from="0" to="4"/>
<Bond from="1" to="5"/>
<Bond from="1" to="6"/>
<Bond from="1" to="7"/>
<Bond from="2" to="8"/>
<Bond from="2" to="9"/>
<Bond from="2" to="10"/>
<Bond from="3" to="11"/>
<Bond from="3" to="12"/>
<Bond from="3" to="13"/>
<Bond from="4" to="14"/>
<Bond from="4" to="15"/>
<Bond from="4" to="16"/>
<Bond from="5" to="17"/>
<Bond from="5" to="18"/>
<Bond from="5" to="19"/>
<Bond from="8" to="20"/>
<Bond from="8" to="21"/>
<Bond from="8" to="22"/>
<Bond from="11" to="23"/>
<Bond from="11" to="24"/>
<Bond from="11" to="25"/>
<Bond from="14" to="26"/>
<Bond from="14" to="27"/>
<Bond from="14" to="28"/>
</Residue>
</Residues>
<HarmonicBondForce>
<Bond class1="C782" class2="P781" length="0.182000" k="177401.600000"/>
<Bond class1="C782" class2="P781" length="0.182000" k="177401.600000"/>
<Bond class1="C782" class2="P781" length="0.182000" k="177401.600000"/>
<Bond class1="C782" class2="P781" length="0.182000" k="177401.600000"/>
<Bond class1="C783" class2="C782" length="0.152900" k="224262.400000"/>
<Bond class1="H784" class2="C782" length="0.109000" k="284512.000000"/>
<Bond class1="H784" class2="C782" length="0.109000" k="284512.000000"/>
<Bond class1="C783" class2="C782" length="0.152900" k="224262.400000"/>
<Bond class1="H784" class2="C782" length="0.109000" k="284512.000000"/>
<Bond class1="H784" class2="C782" length="0.109000" k="284512.000000"/>
<Bond class1="C783" class2="C782" length="0.152900" k="224262.400000"/>
<Bond class1="H784" class2="C782" length="0.109000" k="284512.000000"/>
<Bond class1="H784" class2="C782" length="0.109000" k="284512.000000"/>
<Bond class1="C783" class2="C782" length="0.152900" k="224262.400000"/>
<Bond class1="H784" class2="C782" length="0.109000" k="284512.000000"/>
<Bond class1="H784" class2="C782" length="0.109000" k="284512.000000"/>
<Bond class1="H140" class2="C783" length="0.109000" k="284512.000000"/>
<Bond class1="H140" class2="C783" length="0.109000" k="284512.000000"/>
<Bond class1="H140" class2="C783" length="0.109000" k="284512.000000"/>
<Bond class1="H140" class2="C783" length="0.109000" k="284512.000000"/>
<Bond class1="H140" class2="C783" length="0.109000" k="284512.000000"/>
<Bond class1="H140" class2="C783" length="0.109000" k="284512.000000"/>
<Bond class1="H140" class2="C783" length="0.109000" k="284512.000000"/>
<Bond class1="H140" class2="C783" length="0.109000" k="284512.000000"/>
<Bond class1="H140" class2="C783" length="0.109000" k="284512.000000"/>
<Bond class1="H140" class2="C783" length="0.109000" k="284512.000000"/>
<Bond class1="H140" class2="C783" length="0.109000" k="284512.000000"/>
<Bond class1="H140" class2="C783" length="0.109000" k="284512.000000"/>
</HarmonicBondForce>
<HarmonicAngleForce>
<Angle class1="C782" class2="P781" class3="C782" angle="1.911136" k="376.560000"/>
<Angle class1="P781" class2="C782" class3="C783" angle="1.911136" k="359.824000"/>
<Angle class1="P781" class2="C782" class3="H784" angle="1.911136" k="343.088000"/>
<Angle class1="C782" class2="C783" class3="H140" angle="1.932079" k="313.800000"/>
<Angle class1="H140" class2="C783" class3="H140" angle="1.881465" k="276.144000"/>
<Angle class1="C783" class2="C782" class3="H784" angle="1.932079" k="313.800000"/>
<Angle class1="H784" class2="C782" class3="H784" angle="1.881465" k="276.144000"/>
</HarmonicAngleForce>
<PeriodicTorsionForce>
<Proper class1="C783" class2="C782" class3="P781" class4="C782" k1="2.092000" k2="-1.046000" k3="1.046000" k4="0.000000" periodicity1="1" periodicity2="2" periodicity3="3" periodicity4="4" phase1="0.00" phase2="3.141592653589793" phase3="0.00" phase4="3.141592653589793"/>
<Proper class1="H140" class2="C783" class3="C782" class4="H784" k1="0.000000" k2="0.000000" k3="0.627600" k4="0.000000" periodicity1="1" periodicity2="2" periodicity3="3" periodicity4="4" phase1="0.00" phase2="3.141592653589793" phase3="0.00" phase4="3.141592653589793"/>
<Proper class1="H140" class2="C783" class3="C782" class4="P781" k1="0.000000" k2="0.000000" k3="0.627600" k4="0.000000" periodicity1="1" periodicity2="2" periodicity3="3" periodicity4="4" phase1="0.00" phase2="3.141592653589793" phase3="0.00" phase4="3.141592653589793"/>
<Proper class1="H784" class2="C782" class3="P781" class4="C782" k1="0.000000" k2="0.000000" k3="0.627600" k4="0.000000" periodicity1="1" periodicity2="2" periodicity3="3" periodicity4="4" phase1="0.00" phase2="3.141592653589793" phase3="0.00" phase4="3.141592653589793"/>
</PeriodicTorsionForce>
<NonbondedForce coulomb14scale="0.5" lj14scale="0.5">
<Atom type="opls_140" charge="0.060000" sigma="0.250000" epsilon="0.125520" />
<Atom type="opls_783" charge="-0.008000" sigma="0.350000" epsilon="0.276144" />
<Atom type="opls_784" charge="0.172000" sigma="0.250000" epsilon="0.125520" />
<Atom type="opls_781" charge="0.968400" sigma="0.374000" epsilon="0.836800" />
<Atom type="opls_782" charge="-0.508100" sigma="0.350000" epsilon="0.276144" />
</NonbondedForce>
</ForceField>
