<ForceField>
<AtomTypes>
<Type name="opls_522" class="C522" element="C" mass="12.011000" />
<Type name="opls_146" class="H146" element="H" mass="1.008000" />
<Type name="opls_520" class="N520" element="N" mass="14.007000" />
<Type name="opls_525" class="H525" element="H" mass="1.008000" />
<Type name="opls_523" class="C523" element="C" mass="12.011000" />
<Type name="opls_521" class="C521" element="C" mass="12.011000" />
<Type name="opls_526" class="H526" element="H" mass="1.008000" />
<Type name="opls_524" class="H524" element="H" mass="1.008000" />
<Type name="opls_692" class="C692" element="C" mass="12.011000" />
<Type name="opls_693" class="C693" element="C" mass="12.011000" />
<Type name="opls_145" class="C145" element="C" mass="12.011000" />
</AtomTypes>
<Residues>
<Residue name="NEU">
<Atom name="C00" type="opls_693" />
<Atom name="C01" type="opls_145" />
<Atom name="C02" type="opls_145" />
<Atom name="C03" type="opls_145" />
<Atom name="C04" type="opls_145" />
<Atom name="C05" type="opls_145" />
<Atom name="C06" type="opls_692" />
<Atom name="H07" type="opls_146" />
<Atom name="H08" type="opls_146" />
<Atom name="H09" type="opls_146" />
<Atom name="H0A" type="opls_146" />
<Atom name="H0B" type="opls_146" />
<Atom name="C0C" type="opls_523" />
<Atom name="C0D" type="opls_522" />
<Atom name="C0E" type="opls_521" />
<Atom name="N0F" type="opls_520" />
<Atom name="C0G" type="opls_521" />
<Atom name="H0H" type="opls_526" />
<Atom name="H0I" type="opls_525" />
<Atom name="H0J" type="opls_524" />
<Atom name="H0K" type="opls_524" />
<Bond from="0" to="1"/>
<Bond from="0" to="2"/>
<Bond from="1" to="3"/>
<Bond from="2" to="4"/>
<Bond from="3" to="5"/>
<Bond from="0" to="6"/>
<Bond from="1" to="7"/>
<Bond from="2" to="8"/>
<Bond from="3" to="9"/>
<Bond from="4" to="10"/>
<Bond from="5" to="11"/>
<Bond from="6" to="12"/>
<Bond from="12" to="13"/>
<Bond from="13" to="14"/>
<Bond from="14" to="15"/>
<Bond from="6" to="16"/>
<Bond from="12" to="17"/>
<Bond from="13" to="18"/>
<Bond from="14" to="19"/>
<Bond from="16" to="20"/>
<Bond from="4" to="5"/>
<Bond from="15" to="16"/>
</Residue>
</Residues>
<HarmonicBondForce>
<Bond class1="C145" class2="C693" length="0.140000" k="392459.200000"/>
<Bond class1="C145" class2="C693" length="0.140000" k="392459.200000"/>
<Bond class1="C145" class2="C145" length="0.140000" k="392459.200000"/>
<Bond class1="C145" class2="C145" length="0.140000" k="392459.200000"/>
<Bond class1="C145" class2="C145" length="0.140000" k="392459.200000"/>
<Bond class1="C692" class2="C693" length="0.146000" k="322168.000000"/>
<Bond class1="H146" class2="C145" length="0.108000" k="307105.600000"/>
<Bond class1="H146" class2="C145" length="0.108000" k="307105.600000"/>
<Bond class1="H146" class2="C145" length="0.108000" k="307105.600000"/>
<Bond class1="H146" class2="C145" length="0.108000" k="307105.600000"/>
<Bond class1="H146" class2="C145" length="0.108000" k="307105.600000"/>
<Bond class1="C523" class2="C692" length="0.140000" k="392459.200000"/>
<Bond class1="C522" class2="C523" length="0.140000" k="392459.200000"/>
<Bond class1="C521" class2="C522" length="0.140000" k="392459.200000"/>
<Bond class1="N520" class2="C521" length="0.133900" k="404174.400000"/>
<Bond class1="C521" class2="C692" length="0.140000" k="392459.200000"/>
<Bond class1="H526" class2="C523" length="0.108000" k="307105.600000"/>
<Bond class1="H525" class2="C522" length="0.108000" k="307105.600000"/>
<Bond class1="H524" class2="C521" length="0.108000" k="307105.600000"/>
<Bond class1="H524" class2="C521" length="0.108000" k="307105.600000"/>
<Bond class1="C145" class2="C145" length="0.140000" k="392459.200000"/>
<Bond class1="C521" class2="N520" length="0.133900" k="404174.400000"/>
</HarmonicBondForce>
<HarmonicAngleForce>
<Angle class1="C145" class2="C693" class3="C145" angle="2.094395" k="527.184000"/>
<Angle class1="C693" class2="C145" class3="C145" angle="2.094395" k="527.184000"/>
<Angle class1="C145" class2="C145" class3="C145" angle="2.094395" k="527.184000"/>
<Angle class1="C145" class2="C693" class3="C692" angle="2.094395" k="527.184000"/>
<Angle class1="C693" class2="C145" class3="H146" angle="2.094395" k="292.880000"/>
<Angle class1="C145" class2="C145" class3="H146" angle="2.094395" k="292.880000"/>
<Angle class1="C693" class2="C692" class3="C523" angle="2.094395" k="527.184000"/>
<Angle class1="C692" class2="C523" class3="C522" angle="2.094395" k="527.184000"/>
<Angle class1="C523" class2="C522" class3="C521" angle="2.094395" k="527.184000"/>
<Angle class1="C522" class2="C521" class3="N520" angle="2.164208" k="585.760000"/>
<Angle class1="C693" class2="C692" class3="C521" angle="2.094395" k="527.184000"/>
<Angle class1="C692" class2="C523" class3="H526" angle="2.094395" k="292.880000"/>
<Angle class1="C523" class2="C522" class3="H525" angle="2.094395" k="292.880000"/>
<Angle class1="C522" class2="C521" class3="H524" angle="2.094395" k="292.880000"/>
<Angle class1="C692" class2="C521" class3="H524" angle="2.094395" k="292.880000"/>
<Angle class1="C692" class2="C521" class3="N520" angle="2.164208" k="585.760000"/>
<Angle class1="N520" class2="C521" class3="H524" angle="2.024582" k="292.880000"/>
<Angle class1="C521" class2="C522" class3="H525" angle="2.094395" k="292.880000"/>
<Angle class1="C521" class2="N520" class3="C521" angle="2.042035" k="585.760000"/>
<Angle class1="C522" class2="C523" class3="H526" angle="2.094395" k="292.880000"/>
<Angle class1="C523" class2="C692" class3="C521" angle="2.094395" k="527.184000"/>
</HarmonicAngleForce>
<PeriodicTorsionForce>
<Proper class1="C145" class2="C145" class3="C145" class4="C145" k1="0.000000" k2="15.167000" k3="0.000000" k4="0.000000" periodicity1="1" periodicity2="2" periodicity3="3" periodicity4="4" phase1="0.00" phase2="3.141592653589793" phase3="0.00" phase4="3.141592653589793"/>
<Proper class1="C145" class2="C145" class3="C145" class4="C693" k1="0.000000" k2="15.167000" k3="0.000000" k4="0.000000" periodicity1="1" periodicity2="2" periodicity3="3" periodicity4="4" phase1="0.00" phase2="3.141592653589793" phase3="0.00" phase4="3.141592653589793"/>
<Proper class1="C145" class2="C145" class3="C693" class4="C145" k1="0.000000" k2="15.167000" k3="0.000000" k4="0.000000" periodicity1="1" periodicity2="2" periodicity3="3" periodicity4="4" phase1="0.00" phase2="3.141592653589793" phase3="0.00" phase4="3.141592653589793"/>
<Proper class1="C521" class2="C522" class3="C523" class4="C692" k1="0.000000" k2="15.167000" k3="0.000000" k4="0.000000" periodicity1="1" periodicity2="2" periodicity3="3" periodicity4="4" phase1="0.00" phase2="3.141592653589793" phase3="0.00" phase4="3.141592653589793"/>
<Proper class1="C521" class2="C692" class3="C523" class4="C522" k1="0.000000" k2="15.167000" k3="0.000000" k4="0.000000" periodicity1="1" periodicity2="2" periodicity3="3" periodicity4="4" phase1="0.00" phase2="3.141592653589793" phase3="0.00" phase4="3.141592653589793"/>
<Proper class1="C521" class2="C692" class3="C693" class4="C145" k1="0.000000" k2="3.451800" k3="0.000000" k4="-0.104600" periodicity1="1" periodicity2="2" periodicity3="3" periodicity4="4" phase1="0.00" phase2="3.141592653589793" phase3="0.00" phase4="3.141592653589793"/>
<Proper class1="C521" class2="N520" class3="C521" class4="C522" k1="0.000000" k2="15.167000" k3="0.000000" k4="0.000000" periodicity1="1" periodicity2="2" periodicity3="3" periodicity4="4" phase1="0.00" phase2="3.141592653589793" phase3="0.00" phase4="3.141592653589793"/>
<Proper class1="C521" class2="N520" class3="C521" class4="C692" k1="0.000000" k2="15.167000" k3="0.000000" k4="0.000000" periodicity1="1" periodicity2="2" periodicity3="3" periodicity4="4" phase1="0.00" phase2="3.141592653589793" phase3="0.00" phase4="3.141592653589793"/>
<Proper class1="C522" class2="C523" class3="C692" class4="C693" k1="0.000000" k2="15.167000" k3="0.000000" k4="0.000000" periodicity1="1" periodicity2="2" periodicity3="3" periodicity4="4" phase1="0.00" phase2="3.141592653589793" phase3="0.00" phase4="3.141592653589793"/>
<Proper class1="C523" class2="C692" class3="C693" class4="C145" k1="0.000000" k2="3.451800" k3="0.000000" k4="-0.104600" periodicity1="1" periodicity2="2" periodicity3="3" periodicity4="4" phase1="0.00" phase2="3.141592653589793" phase3="0.00" phase4="3.141592653589793"/>
<Proper class1="C692" class2="C693" class3="C145" class4="C145" k1="0.000000" k2="15.167000" k3="0.000000" k4="0.000000" periodicity1="1" periodicity2="2" periodicity3="3" periodicity4="4" phase1="0.00" phase2="3.141592653589793" phase3="0.00" phase4="3.141592653589793"/>
<Proper class1="H146" class2="C145" class3="C145" class4="C145" k1="0.000000" k2="15.167000" k3="0.000000" k4="0.000000" periodicity1="1" periodicity2="2" periodicity3="3" periodicity4="4" phase1="0.00" phase2="3.141592653589793" phase3="0.00" phase4="3.141592653589793"/>
<Proper class1="H146" class2="C145" class3="C145" class4="C693" k1="0.000000" k2="15.167000" k3="0.000000" k4="0.000000" periodicity1="1" periodicity2="2" periodicity3="3" periodicity4="4" phase1="0.00" phase2="3.141592653589793" phase3="0.00" phase4="3.141592653589793"/>
<Proper class1="H146" class2="C145" class3="C145" class4="H146" k1="0.000000" k2="15.167000" k3="0.000000" k4="0.000000" periodicity1="1" periodicity2="2" periodicity3="3" periodicity4="4" phase1="0.00" phase2="3.141592653589793" phase3="0.00" phase4="3.141592653589793"/>
<Proper class1="H146" class2="C145" class3="C693" class4="C145" k1="0.000000" k2="15.167000" k3="0.000000" k4="0.000000" periodicity1="1" periodicity2="2" periodicity3="3" periodicity4="4" phase1="0.00" phase2="3.141592653589793" phase3="0.00" phase4="3.141592653589793"/>
<Proper class1="H146" class2="C145" class3="C693" class4="C692" k1="0.000000" k2="15.167000" k3="0.000000" k4="0.000000" periodicity1="1" periodicity2="2" periodicity3="3" periodicity4="4" phase1="0.00" phase2="3.141592653589793" phase3="0.00" phase4="3.141592653589793"/>
<Proper class1="H524" class2="C521" class3="C522" class4="C523" k1="0.000000" k2="15.167000" k3="0.000000" k4="0.000000" periodicity1="1" periodicity2="2" periodicity3="3" periodicity4="4" phase1="0.00" phase2="3.141592653589793" phase3="0.00" phase4="3.141592653589793"/>
<Proper class1="H524" class2="C521" class3="C522" class4="H525" k1="0.000000" k2="15.167000" k3="0.000000" k4="0.000000" periodicity1="1" periodicity2="2" periodicity3="3" periodicity4="4" phase1="0.00" phase2="3.141592653589793" phase3="0.00" phase4="3.141592653589793"/>
<Proper class1="H524" class2="C521" class3="C692" class4="C523" k1="0.000000" k2="15.167000" k3="0.000000" k4="0.000000" periodicity1="1" periodicity2="2" periodicity3="3" periodicity4="4" phase1="0.00" phase2="3.141592653589793" phase3="0.00" phase4="3.141592653589793"/>
<Proper class1="H524" class2="C521" class3="C692" class4="C693" k1="0.000000" k2="15.167000" k3="0.000000" k4="0.000000" periodicity1="1" periodicity2="2" periodicity3="3" periodicity4="4" phase1="0.00" phase2="3.141592653589793" phase3="0.00" phase4="3.141592653589793"/>
<Proper class1="H524" class2="C521" class3="N520" class4="C521" k1="0.000000" k2="15.167000" k3="0.000000" k4="0.000000" periodicity1="1" periodicity2="2" periodicity3="3" periodicity4="4" phase1="0.00" phase2="3.141592653589793" phase3="0.00" phase4="3.141592653589793"/>
<Proper class1="H525" class2="C522" class3="C521" class4="N520" k1="0.000000" k2="15.167000" k3="0.000000" k4="0.000000" periodicity1="1" periodicity2="2" periodicity3="3" periodicity4="4" phase1="0.00" phase2="3.141592653589793" phase3="0.00" phase4="3.141592653589793"/>
<Proper class1="H525" class2="C522" class3="C523" class4="C692" k1="0.000000" k2="15.167000" k3="0.000000" k4="0.000000" periodicity1="1" periodicity2="2" periodicity3="3" periodicity4="4" phase1="0.00" phase2="3.141592653589793" phase3="0.00" phase4="3.141592653589793"/>
<Proper class1="H525" class2="C522" class3="C523" class4="H526" k1="0.000000" k2="15.167000" k3="0.000000" k4="0.000000" periodicity1="1" periodicity2="2" periodicity3="3" periodicity4="4" phase1="0.00" phase2="3.141592653589793" phase3="0.00" phase4="3.141592653589793"/>
<Proper class1="H526" class2="C523" class3="C522" class4="C521" k1="0.000000" k2="15.167000" k3="0.000000" k4="0.000000" periodicity1="1" periodicity2="2" periodicity3="3" periodicity4="4" phase1="0.00" phase2="3.141592653589793" phase3="0.00" phase4="3.141592653589793"/>
<Proper class1="H526" class2="C523" class3="C692" class4="C521" k1="0.000000" k2="15.167000" k3="0.000000" k4="0.000000" periodicity1="1" periodicity2="2" periodicity3="3" periodicity4="4" phase1="0.00" phase2="3.141592653589793" phase3="0.00" phase4="3.141592653589793"/>
<Proper class1="H526" class2="C523" class3="C692" class4="C693" k1="0.000000" k2="15.167000" k3="0.000000" k4="0.000000" periodicity1="1" periodicity2="2" periodicity3="3" periodicity4="4" phase1="0.00" phase2="3.141592653589793" phase3="0.00" phase4="3.141592653589793"/>
<Proper class1="N520" class2="C521" class3="C522" class4="C523" k1="0.000000" k2="15.167000" k3="0.000000" k4="0.000000" periodicity1="1" periodicity2="2" periodicity3="3" periodicity4="4" phase1="0.00" phase2="3.141592653589793" phase3="0.00" phase4="3.141592653589793"/>
<Proper class1="N520" class2="C521" class3="C692" class4="C523" k1="0.000000" k2="15.167000" k3="0.000000" k4="0.000000" periodicity1="1" periodicity2="2" periodicity3="3" periodicity4="4" phase1="0.00" phase2="3.141592653589793" phase3="0.00" phase4="3.141592653589793"/>
<Proper class1="N520" class2="C521" class3="C692" class4="C693" k1="0.000000" k2="15.167000" k3="0.000000" k4="0.000000" periodicity1="1" periodicity2="2" periodicity3="3" periodicity4="4" phase1="0.00" phase2="3.141592653589793" phase3="0.00" phase4="3.141592653589793"/>
<Improper class1="C692" class2="C693" class3="C521" class4="C523" k1="0.000000" k2="10.460000" k3="0.000000" k4="0.000000" periodicity1="1" periodicity2="2" periodicity3="3" periodicity4="4" phase1="0.00" phase2="3.141592653589793" phase3="0.00" phase4="3.141592653589793"/>
<Improper class1="C522" class2="H525" class3="C523" class4="C521" k1="0.000000" k2="10.460000" k3="0.000000" k4="0.000000" periodicity1="1" periodicity2="2" periodicity3="3" periodicity4="4" phase1="0.00" phase2="3.141592653589793" phase3="0.00" phase4="3.141592653589793"/>
<Improper class1="C523" class2="H526" class3="C522" class4="C692" k1="0.000000" k2="10.460000" k3="0.000000" k4="0.000000" periodicity1="1" periodicity2="2" periodicity3="3" periodicity4="4" phase1="0.00" phase2="3.141592653589793" phase3="0.00" phase4="3.141592653589793"/>
<Improper class1="C521" class2="H524" class3="C522" class4="N520" k1="0.000000" k2="10.460000" k3="0.000000" k4="0.000000" periodicity1="1" periodicity2="2" periodicity3="3" periodicity4="4" phase1="0.00" phase2="3.141592653589793" phase3="0.00" phase4="3.141592653589793"/>
<Improper class1="C521" class2="H524" class3="C692" class4="N520" k1="0.000000" k2="10.460000" k3="0.000000" k4="0.000000" periodicity1="1" periodicity2="2" periodicity3="3" periodicity4="4" phase1="0.00" phase2="3.141592653589793" phase3="0.00" phase4="3.141592653589793"/>
</PeriodicTorsionForce>
<NonbondedForce coulomb14scale="0.5" lj14scale="0.5">
<Atom type="opls_523" charge="0.227000" sigma="0.355000" epsilon="0.292880" />
<Atom type="opls_692" charge="-0.332000" sigma="0.355000" epsilon="0.292880" />
<Atom type="opls_524" charge="0.012000" sigma="0.242000" epsilon="0.125520" />
<Atom type="opls_145" charge="-0.115000" sigma="0.355000" epsilon="0.292880" />
<Atom type="opls_693" charge="0.040000" sigma="0.355000" epsilon="0.292880" />
<Atom type="opls_525" charge="0.155000" sigma="0.242000" epsilon="0.125520" />
<Atom type="opls_521" charge="0.473000" sigma="0.355000" epsilon="0.292880" />
<Atom type="opls_146" charge="0.115000" sigma="0.242000" epsilon="0.125520" />
<Atom type="opls_526" charge="0.065000" sigma="0.242000" epsilon="0.125520" />
<Atom type="opls_520" charge="-0.678000" sigma="0.325000" epsilon="0.711280" />
<Atom type="opls_522" charge="-0.447000" sigma="0.355000" epsilon="0.292880" />
</NonbondedForce>
</ForceField>
