<ForceField>
<AtomTypes>
<Type name="opls_557" class="N557" element="N" mass="14.007000" />
<Type name="opls_562" class="H562" element="H" mass="1.008000" />
<Type name="opls_565" class="H565" element="H" mass="1.008000" />
<Type name="opls_559" class="N559" element="N" mass="14.007000" />
<Type name="opls_563" class="H563" element="H" mass="1.008000" />
<Type name="opls_560" class="C560" element="C" mass="12.011000" />
<Type name="opls_561" class="C561" element="C" mass="12.011000" />
<Type name="opls_558" class="C558" element="C" mass="12.011000" />
<Type name="opls_564" class="H564" element="H" mass="1.008000" />
</AtomTypes>
<Residues>
<Residue name="NEU">
<Atom name="N00" type="opls_557" />
<Atom name="C01" type="opls_558" />
<Atom name="N02" type="opls_559" />
<Atom name="C03" type="opls_561" />
<Atom name="C04" type="opls_560" />
<Atom name="H05" type="opls_562" />
<Atom name="H06" type="opls_563" />
<Atom name="H07" type="opls_565" />
<Atom name="H08" type="opls_564" />
<Bond from="0" to="1"/>
<Bond from="1" to="2"/>
<Bond from="0" to="3"/>
<Bond from="2" to="4"/>
<Bond from="0" to="5"/>
<Bond from="1" to="6"/>
<Bond from="3" to="7"/>
<Bond from="4" to="8"/>
<Bond from="3" to="4"/>
</Residue>
</Residues>
<HarmonicBondForce>
<Bond class1="C558" class2="N557" length="0.134300" k="399153.600000"/>
<Bond class1="N559" class2="C558" length="0.133500" k="408358.400000"/>
<Bond class1="C561" class2="N557" length="0.138100" k="357313.600000"/>
<Bond class1="C560" class2="N559" length="0.139400" k="343088.000000"/>
<Bond class1="H562" class2="N557" length="0.101000" k="363171.200000"/>
<Bond class1="H563" class2="C558" length="0.108000" k="307105.600000"/>
<Bond class1="H565" class2="C561" length="0.108000" k="307105.600000"/>
<Bond class1="H564" class2="C560" length="0.108000" k="307105.600000"/>
<Bond class1="C560" class2="C561" length="0.137000" k="435136.000000"/>
</HarmonicBondForce>
<HarmonicAngleForce>
<Angle class1="N557" class2="C558" class3="N559" angle="1.928589" k="585.760000"/>
<Angle class1="C558" class2="N557" class3="C561" angle="1.916372" k="585.760000"/>
<Angle class1="C558" class2="N559" class3="C560" angle="1.919862" k="585.760000"/>
<Angle class1="C558" class2="N557" class3="H562" angle="2.164208" k="292.880000"/>
<Angle class1="N557" class2="C558" class3="H563" angle="2.094395" k="292.880000"/>
<Angle class1="N557" class2="C561" class3="H565" angle="2.122320" k="292.880000"/>
<Angle class1="N559" class2="C560" class3="H564" angle="2.124066" k="292.880000"/>
<Angle class1="N557" class2="C561" class3="C560" angle="1.808161" k="585.760000"/>
<Angle class1="C561" class2="C560" class3="H564" angle="2.237512" k="292.880000"/>
<Angle class1="N559" class2="C558" class3="H563" angle="2.094395" k="292.880000"/>
<Angle class1="N559" class2="C560" class3="C561" angle="1.897173" k="585.760000"/>
<Angle class1="C561" class2="N557" class3="H562" angle="2.164208" k="292.880000"/>
<Angle class1="C560" class2="C561" class3="H565" angle="2.303835" k="292.880000"/>
</HarmonicAngleForce>
<PeriodicTorsionForce>
<Proper class1="C560" class2="N559" class3="C558" class4="N557" k1="0.000000" k2="20.920000" k3="0.000000" k4="0.000000" periodicity1="1" periodicity2="2" periodicity3="3" periodicity4="4" phase1="0.00" phase2="3.141592653589793" phase3="0.00" phase4="3.141592653589793"/>
<Proper class1="C561" class2="N557" class3="C558" class4="N559" k1="0.000000" k2="20.920000" k3="0.000000" k4="0.000000" periodicity1="1" periodicity2="2" periodicity3="3" periodicity4="4" phase1="0.00" phase2="3.141592653589793" phase3="0.00" phase4="3.141592653589793"/>
<Proper class1="H562" class2="N557" class3="C558" class4="N559" k1="0.000000" k2="10.460000" k3="0.000000" k4="0.000000" periodicity1="1" periodicity2="2" periodicity3="3" periodicity4="4" phase1="0.00" phase2="3.141592653589793" phase3="0.00" phase4="3.141592653589793"/>
<Proper class1="H562" class2="N557" class3="C561" class4="C560" k1="0.000000" k2="10.460000" k3="0.000000" k4="0.000000" periodicity1="1" periodicity2="2" periodicity3="3" periodicity4="4" phase1="0.00" phase2="3.141592653589793" phase3="0.00" phase4="3.141592653589793"/>
<Proper class1="H563" class2="C558" class3="N557" class4="C561" k1="0.000000" k2="20.920000" k3="0.000000" k4="0.000000" periodicity1="1" periodicity2="2" periodicity3="3" periodicity4="4" phase1="0.00" phase2="3.141592653589793" phase3="0.00" phase4="3.141592653589793"/>
<Proper class1="H563" class2="C558" class3="N557" class4="H562" k1="0.000000" k2="20.920000" k3="0.000000" k4="0.000000" periodicity1="1" periodicity2="2" periodicity3="3" periodicity4="4" phase1="0.00" phase2="3.141592653589793" phase3="0.00" phase4="3.141592653589793"/>
<Proper class1="H563" class2="C558" class3="N559" class4="C560" k1="0.000000" k2="15.167000" k3="0.000000" k4="0.000000" periodicity1="1" periodicity2="2" periodicity3="3" periodicity4="4" phase1="0.00" phase2="3.141592653589793" phase3="0.00" phase4="3.141592653589793"/>
<Proper class1="H564" class2="C560" class3="C561" class4="H565" k1="0.000000" k2="22.489000" k3="0.000000" k4="0.000000" periodicity1="1" periodicity2="2" periodicity3="3" periodicity4="4" phase1="0.00" phase2="3.141592653589793" phase3="0.00" phase4="3.141592653589793"/>
<Proper class1="H564" class2="C560" class3="C561" class4="N557" k1="0.000000" k2="22.489000" k3="0.000000" k4="0.000000" periodicity1="1" periodicity2="2" periodicity3="3" periodicity4="4" phase1="0.00" phase2="3.141592653589793" phase3="0.00" phase4="3.141592653589793"/>
<Proper class1="H564" class2="C560" class3="N559" class4="C558" k1="0.000000" k2="15.167000" k3="0.000000" k4="0.000000" periodicity1="1" periodicity2="2" periodicity3="3" periodicity4="4" phase1="0.00" phase2="3.141592653589793" phase3="0.00" phase4="3.141592653589793"/>
<Proper class1="H565" class2="C561" class3="C560" class4="N559" k1="0.000000" k2="15.167000" k3="0.000000" k4="0.000000" periodicity1="1" periodicity2="2" periodicity3="3" periodicity4="4" phase1="0.00" phase2="3.141592653589793" phase3="0.00" phase4="3.141592653589793"/>
<Proper class1="H565" class2="C561" class3="N557" class4="C558" k1="0.000000" k2="10.460000" k3="0.000000" k4="0.000000" periodicity1="1" periodicity2="2" periodicity3="3" periodicity4="4" phase1="0.00" phase2="3.141592653589793" phase3="0.00" phase4="3.141592653589793"/>
<Proper class1="H565" class2="C561" class3="N557" class4="H562" k1="0.000000" k2="10.460000" k3="0.000000" k4="0.000000" periodicity1="1" periodicity2="2" periodicity3="3" periodicity4="4" phase1="0.00" phase2="3.141592653589793" phase3="0.00" phase4="3.141592653589793"/>
<Improper class1="C560" class2="H564" class3="N559" class4="C561" k1="0.000000" k2="10.460000" k3="0.000000" k4="0.000000" periodicity1="1" periodicity2="2" periodicity3="3" periodicity4="4" phase1="0.00" phase2="3.141592653589793" phase3="0.00" phase4="3.141592653589793"/>
<Improper class1="C561" class2="N557" class3="C560" class4="H565" k1="0.000000" k2="10.460000" k3="0.000000" k4="0.000000" periodicity1="1" periodicity2="2" periodicity3="3" periodicity4="4" phase1="0.00" phase2="3.141592653589793" phase3="0.00" phase4="3.141592653589793"/>
<Improper class1="C558" class2="N557" class3="N559" class4="H563" k1="0.000000" k2="10.460000" k3="0.000000" k4="0.000000" periodicity1="1" periodicity2="2" periodicity3="3" periodicity4="4" phase1="0.00" phase2="3.141592653589793" phase3="0.00" phase4="3.141592653589793"/>
</PeriodicTorsionForce>
<NonbondedForce coulomb14scale="0.5" lj14scale="0.5">
<Atom type="opls_561" charge="-0.286000" sigma="0.355000" epsilon="0.292880" />
<Atom type="opls_558" charge="0.275000" sigma="0.355000" epsilon="0.292880" />
<Atom type="opls_562" charge="0.306000" sigma="0.000000" epsilon="0.000000" />
<Atom type="opls_565" charge="0.187000" sigma="0.242000" epsilon="0.125520" />
<Atom type="opls_560" charge="0.185000" sigma="0.355000" epsilon="0.292880" />
<Atom type="opls_564" charge="0.075000" sigma="0.242000" epsilon="0.125520" />
<Atom type="opls_559" charge="-0.563000" sigma="0.325000" epsilon="0.711280" />
<Atom type="opls_557" charge="-0.257000" sigma="0.325000" epsilon="0.711280" />
<Atom type="opls_563" charge="0.078000" sigma="0.242000" epsilon="0.125520" />
</NonbondedForce>
</ForceField>
