<ForceField>
<AtomTypes>
<Type name="opls_169" class="O169" element="O" mass="15.999000" />
<Type name="opls_204" class="H204" element="H" mass="1.008000" />
<Type name="opls_173" class="C173" element="C" mass="12.011000" />
<Type name="opls_176" class="H176" element="H" mass="1.008000" />
<Type name="opls_206" class="C206" element="C" mass="12.011000" />
<Type name="opls_200" class="S200" element="S" mass="32.060000" />
<Type name="opls_170" class="H170" element="H" mass="1.008000" />
<Type name="opls_140" class="H140" element="H" mass="1.008000" />
</AtomTypes>
<Residues>
<Residue name="NEU">
<Atom name="H00" type="opls_170" />
<Atom name="O01" type="opls_169" />
<Atom name="C02" type="opls_173" />
<Atom name="C03" type="opls_206" />
<Atom name="S04" type="opls_200" />
<Atom name="H05" type="opls_204" />
<Atom name="H06" type="opls_176" />
<Atom name="H07" type="opls_176" />
<Atom name="H08" type="opls_140" />
<Atom name="H09" type="opls_140" />
<Bond from="0" to="1"/>
<Bond from="1" to="2"/>
<Bond from="2" to="3"/>
<Bond from="3" to="4"/>
<Bond from="4" to="5"/>
<Bond from="2" to="6"/>
<Bond from="2" to="7"/>
<Bond from="3" to="8"/>
<Bond from="3" to="9"/>
</Residue>
</Residues>
<HarmonicBondForce>
<Bond class1="O169" class2="H170" length="0.094500" k="462750.400000"/>
<Bond class1="C173" class2="O169" length="0.141000" k="267776.000000"/>
<Bond class1="C206" class2="C173" length="0.152900" k="224262.400000"/>
<Bond class1="S200" class2="C206" length="0.181000" k="185769.600000"/>
<Bond class1="H204" class2="S200" length="0.133600" k="229283.200000"/>
<Bond class1="H176" class2="C173" length="0.109000" k="284512.000000"/>
<Bond class1="H176" class2="C173" length="0.109000" k="284512.000000"/>
<Bond class1="H140" class2="C206" length="0.109000" k="284512.000000"/>
<Bond class1="H140" class2="C206" length="0.109000" k="284512.000000"/>
</HarmonicBondForce>
<HarmonicAngleForce>
<Angle class1="H170" class2="O169" class3="C173" angle="1.893682" k="460.240000"/>
<Angle class1="O169" class2="C173" class3="C206" angle="1.911136" k="418.400000"/>
<Angle class1="C173" class2="C206" class3="S200" angle="1.895428" k="418.400000"/>
<Angle class1="C206" class2="S200" class3="H204" angle="1.675516" k="368.192000"/>
<Angle class1="O169" class2="C173" class3="H176" angle="1.911136" k="292.880000"/>
<Angle class1="C173" class2="C206" class3="H140" angle="1.932079" k="313.800000"/>
<Angle class1="S200" class2="C206" class3="H140" angle="1.911136" k="292.880000"/>
<Angle class1="H140" class2="C206" class3="H140" angle="1.881465" k="276.144000"/>
<Angle class1="C206" class2="C173" class3="H176" angle="1.932079" k="313.800000"/>
<Angle class1="H176" class2="C173" class3="H176" angle="1.881465" k="276.144000"/>
</HarmonicAngleForce>
<PeriodicTorsionForce>
<Proper class1="C206" class2="C173" class3="O169" class4="H170" k1="-0.744752" k2="-0.364008" k3="1.029264" k4="0.000000" periodicity1="1" periodicity2="2" periodicity3="3" periodicity4="4" phase1="0.00" phase2="3.141592653589793" phase3="0.00" phase4="3.141592653589793"/>
<Proper class1="H140" class2="C206" class3="C173" class4="H176" k1="0.000000" k2="0.000000" k3="0.627600" k4="0.000000" periodicity1="1" periodicity2="2" periodicity3="3" periodicity4="4" phase1="0.00" phase2="3.141592653589793" phase3="0.00" phase4="3.141592653589793"/>
<Proper class1="H140" class2="C206" class3="C173" class4="O169" k1="0.000000" k2="0.000000" k3="0.979056" k4="0.000000" periodicity1="1" periodicity2="2" periodicity3="3" periodicity4="4" phase1="0.00" phase2="3.141592653589793" phase3="0.00" phase4="3.141592653589793"/>
<Proper class1="H140" class2="C206" class3="S200" class4="H204" k1="0.000000" k2="0.000000" k3="1.004160" k4="0.000000" periodicity1="1" periodicity2="2" periodicity3="3" periodicity4="4" phase1="0.00" phase2="3.141592653589793" phase3="0.00" phase4="3.141592653589793"/>
<Proper class1="H176" class2="C173" class3="C206" class4="S200" k1="0.000000" k2="0.000000" k3="0.945584" k4="0.000000" periodicity1="1" periodicity2="2" periodicity3="3" periodicity4="4" phase1="0.00" phase2="3.141592653589793" phase3="0.00" phase4="3.141592653589793"/>
<Proper class1="H176" class2="C173" class3="O169" class4="H170" k1="0.000000" k2="0.000000" k3="0.736384" k4="0.000000" periodicity1="1" periodicity2="2" periodicity3="3" periodicity4="4" phase1="0.00" phase2="3.141592653589793" phase3="0.00" phase4="3.141592653589793"/>
<Proper class1="H204" class2="S200" class3="C206" class4="C173" k1="-1.587828" k2="-0.589944" k3="1.422560" k4="0.000000" periodicity1="1" periodicity2="2" periodicity3="3" periodicity4="4" phase1="0.00" phase2="3.141592653589793" phase3="0.00" phase4="3.141592653589793"/>
<Proper class1="S200" class2="C206" class3="C173" class4="O169" k1="19.890736" k2="0.000000" k3="0.000000" k4="0.000000" periodicity1="1" periodicity2="2" periodicity3="3" periodicity4="4" phase1="0.00" phase2="3.141592653589793" phase3="0.00" phase4="3.141592653589793"/>
</PeriodicTorsionForce>
<NonbondedForce coulomb14scale="0.5" lj14scale="0.5">
<Atom type="opls_200" charge="-0.335000" sigma="0.360000" epsilon="1.778200" />
<Atom type="opls_169" charge="-0.700000" sigma="0.307000" epsilon="0.711280" />
<Atom type="opls_173" charge="0.145000" sigma="0.350000" epsilon="0.276144" />
<Atom type="opls_204" charge="0.155000" sigma="0.000000" epsilon="0.000000" />
<Atom type="opls_206" charge="0.060000" sigma="0.350000" epsilon="0.276144" />
<Atom type="opls_176" charge="0.060000" sigma="0.250000" epsilon="0.125520" />
<Atom type="opls_170" charge="0.435000" sigma="0.000000" epsilon="0.000000" />
<Atom type="opls_140" charge="0.060000" sigma="0.250000" epsilon="0.125520" />
</NonbondedForce>
</ForceField>
