<ForceField>
<AtomTypes>
<Type name="opls_253" class="O253" element="O" mass="15.999000" />
<Type name="opls_140" class="H140" element="H" mass="1.008000" />
<Type name="opls_251" class="N251" element="N" mass="14.007000" />
<Type name="opls_257" class="C257" element="C" mass="12.011000" />
<Type name="opls_252" class="C252" element="C" mass="12.011000" />
<Type name="opls_254" class="H254" element="H" mass="1.008000" />
</AtomTypes>
<Residues>
<Residue name="NEU">
<Atom name="C00" type="opls_257" />
<Atom name="C01" type="opls_257" />
<Atom name="C02" type="opls_252" />
<Atom name="H03" type="opls_140" />
<Atom name="H04" type="opls_140" />
<Atom name="C05" type="opls_252" />
<Atom name="H06" type="opls_140" />
<Atom name="H07" type="opls_140" />
<Atom name="N08" type="opls_251" />
<Atom name="O09" type="opls_253" />
<Atom name="H0A" type="opls_254" />
<Atom name="O0B" type="opls_253" />
<Bond from="0" to="1"/>
<Bond from="0" to="2"/>
<Bond from="0" to="3"/>
<Bond from="0" to="4"/>
<Bond from="1" to="5"/>
<Bond from="1" to="6"/>
<Bond from="1" to="7"/>
<Bond from="2" to="8"/>
<Bond from="5" to="9"/>
<Bond from="8" to="10"/>
<Bond from="2" to="11"/>
<Bond from="5" to="8"/>
</Residue>
</Residues>
<HarmonicBondForce>
<Bond class1="C257" class2="C257" length="0.152900" k="224262.400000"/>
<Bond class1="C252" class2="C257" length="0.152200" k="265265.600000"/>
<Bond class1="H140" class2="C257" length="0.109000" k="284512.000000"/>
<Bond class1="H140" class2="C257" length="0.109000" k="284512.000000"/>
<Bond class1="C252" class2="C257" length="0.152200" k="265265.600000"/>
<Bond class1="H140" class2="C257" length="0.109000" k="284512.000000"/>
<Bond class1="H140" class2="C257" length="0.109000" k="284512.000000"/>
<Bond class1="N251" class2="C252" length="0.133500" k="410032.000000"/>
<Bond class1="O253" class2="C252" length="0.122900" k="476976.000000"/>
<Bond class1="H254" class2="N251" length="0.101000" k="363171.200000"/>
<Bond class1="O253" class2="C252" length="0.122900" k="476976.000000"/>
<Bond class1="N251" class2="C252" length="0.133500" k="410032.000000"/>
</HarmonicBondForce>
<HarmonicAngleForce>
<Angle class1="C257" class2="C257" class3="C252" angle="1.939061" k="527.184000"/>
<Angle class1="C257" class2="C257" class3="H140" angle="1.932079" k="313.800000"/>
<Angle class1="C257" class2="C252" class3="N251" angle="2.035054" k="585.760000"/>
<Angle class1="C257" class2="C252" class3="O253" angle="2.101376" k="669.440000"/>
<Angle class1="C252" class2="N251" class3="H254" angle="2.090904" k="292.880000"/>
<Angle class1="H140" class2="C257" class3="H140" angle="1.881465" k="276.144000"/>
<Angle class1="C252" class2="C257" class3="H140" angle="1.911136" k="292.880000"/>
<Angle class1="C252" class2="N251" class3="C252" angle="2.206096" k="585.760000"/>
<Angle class1="N251" class2="C252" class3="O253" angle="2.145010" k="669.440000"/>
</HarmonicAngleForce>
<PeriodicTorsionForce>
<Proper class1="C252" class2="C257" class3="C257" class4="C252" k1="-1.150600" k2="0.000000" k3="2.092000" k4="0.000000" periodicity1="1" periodicity2="2" periodicity3="3" periodicity4="4" phase1="0.00" phase2="3.141592653589793" phase3="0.00" phase4="3.141592653589793"/>
<Proper class1="C252" class2="C257" class3="C257" class4="H140" k1="0.000000" k2="0.000000" k3="-0.209200" k4="0.000000" periodicity1="1" periodicity2="2" periodicity3="3" periodicity4="4" phase1="0.00" phase2="3.141592653589793" phase3="0.00" phase4="3.141592653589793"/>
<Proper class1="H140" class2="C257" class3="C257" class4="C252" k1="0.000000" k2="0.000000" k3="-0.209200" k4="0.000000" periodicity1="1" periodicity2="2" periodicity3="3" periodicity4="4" phase1="0.00" phase2="3.141592653589793" phase3="0.00" phase4="3.141592653589793"/>
<Proper class1="H140" class2="C257" class3="C257" class4="H140" k1="0.000000" k2="0.000000" k3="0.627600" k4="0.000000" periodicity1="1" periodicity2="2" periodicity3="3" periodicity4="4" phase1="0.00" phase2="3.141592653589793" phase3="0.00" phase4="3.141592653589793"/>
<Proper class1="H254" class2="N251" class3="C252" class4="C257" k1="0.000000" k2="10.250800" k3="0.000000" k4="0.000000" periodicity1="1" periodicity2="2" periodicity3="3" periodicity4="4" phase1="0.00" phase2="3.141592653589793" phase3="0.00" phase4="3.141592653589793"/>
<Proper class1="H254" class2="N251" class3="C252" class4="O253" k1="0.000000" k2="10.250800" k3="0.000000" k4="0.000000" periodicity1="1" periodicity2="2" periodicity3="3" periodicity4="4" phase1="0.00" phase2="3.141592653589793" phase3="0.00" phase4="3.141592653589793"/>
<Proper class1="N251" class2="C252" class3="C257" class4="C257" k1="2.453916" k2="0.395388" k3="-2.510400" k4="0.000000" periodicity1="1" periodicity2="2" periodicity3="3" periodicity4="4" phase1="0.00" phase2="3.141592653589793" phase3="0.00" phase4="3.141592653589793"/>
<Proper class1="N251" class2="C252" class3="C257" class4="H140" k1="0.000000" k2="0.000000" k3="0.000000" k4="0.000000" periodicity1="1" periodicity2="2" periodicity3="3" periodicity4="4" phase1="0.00" phase2="3.141592653589793" phase3="0.00" phase4="3.141592653589793"/>
<Proper class1="O253" class2="C252" class3="C257" class4="C257" k1="0.000000" k2="0.000000" k3="0.000000" k4="0.000000" periodicity1="1" periodicity2="2" periodicity3="3" periodicity4="4" phase1="0.00" phase2="3.141592653589793" phase3="0.00" phase4="3.141592653589793"/>
<Proper class1="O253" class2="C252" class3="C257" class4="H140" k1="0.000000" k2="0.000000" k3="0.000000" k4="0.000000" periodicity1="1" periodicity2="2" periodicity3="3" periodicity4="4" phase1="0.00" phase2="3.141592653589793" phase3="0.00" phase4="3.141592653589793"/>
<Proper class1="O253" class2="C252" class3="N251" class4="C252" k1="0.000000" k2="12.738188" k3="0.000000" k4="0.000000" periodicity1="1" periodicity2="2" periodicity3="3" periodicity4="4" phase1="0.00" phase2="3.141592653589793" phase3="0.00" phase4="3.141592653589793"/>
<Proper class1="O253" class2="C252" class3="N251" class4="H254" k1="0.000000" k2="10.250800" k3="0.000000" k4="0.000000" periodicity1="1" periodicity2="2" periodicity3="3" periodicity4="4" phase1="0.00" phase2="3.141592653589793" phase3="0.00" phase4="3.141592653589793"/>
<Improper class1="C252" class2="C257" class3="N251" class4="O253" k1="0.000000" k2="43.932000" k3="0.000000" k4="0.000000" periodicity1="1" periodicity2="2" periodicity3="3" periodicity4="4" phase1="0.00" phase2="3.141592653589793" phase3="0.00" phase4="3.141592653589793"/>
<Improper class1="C252" class2="N251" class3="C257" class4="O253" k1="0.000000" k2="43.932000" k3="0.000000" k4="0.000000" periodicity1="1" periodicity2="2" periodicity3="3" periodicity4="4" phase1="0.00" phase2="3.141592653589793" phase3="0.00" phase4="3.141592653589793"/>
</PeriodicTorsionForce>
<NonbondedForce coulomb14scale="0.5" lj14scale="0.5">
<Atom type="opls_251" charge="-0.490000" sigma="0.325000" epsilon="0.711280" />
<Atom type="opls_254" charge="0.370000" sigma="0.000000" epsilon="0.000000" />
<Atom type="opls_140" charge="0.060000" sigma="0.250000" epsilon="0.125520" />
<Atom type="opls_252" charge="0.420000" sigma="0.375000" epsilon="0.439320" />
<Atom type="opls_257" charge="-0.060000" sigma="0.350000" epsilon="0.276144" />
<Atom type="opls_253" charge="-0.420000" sigma="0.296000" epsilon="0.878640" />
</NonbondedForce>
</ForceField>
