<ForceField>
<AtomTypes>
<Type name="opls_701" class="C701" element="C" mass="12.011000" />
<Type name="opls_702" class="H702" element="H" mass="1.008000" />
<Type name="opls_700" class="C700" element="C" mass="12.011000" />
</AtomTypes>
<Residues>
<Residue name="POS">
<Atom name="C00" type="opls_700" />
<Atom name="C01" type="opls_701" />
<Atom name="C02" type="opls_701" />
<Atom name="C03" type="opls_701" />
<Atom name="H04" type="opls_702" />
<Atom name="H05" type="opls_702" />
<Atom name="H06" type="opls_702" />
<Atom name="H07" type="opls_702" />
<Atom name="H08" type="opls_702" />
<Atom name="H09" type="opls_702" />
<Atom name="H0A" type="opls_702" />
<Atom name="H0B" type="opls_702" />
<Atom name="H0C" type="opls_702" />
<Bond from="0" to="1"/>
<Bond from="0" to="2"/>
<Bond from="0" to="3"/>
<Bond from="1" to="4"/>
<Bond from="1" to="5"/>
<Bond from="1" to="6"/>
<Bond from="2" to="7"/>
<Bond from="2" to="8"/>
<Bond from="2" to="9"/>
<Bond from="3" to="10"/>
<Bond from="3" to="11"/>
<Bond from="3" to="12"/>
</Residue>
</Residues>
<HarmonicBondForce>
<Bond class1="C701" class2="C700" length="0.146000" k="445847.040000"/>
<Bond class1="C701" class2="C700" length="0.146000" k="445847.040000"/>
<Bond class1="C701" class2="C700" length="0.146000" k="445847.040000"/>
<Bond class1="H702" class2="C701" length="0.109000" k="284512.000000"/>
<Bond class1="H702" class2="C701" length="0.109000" k="284512.000000"/>
<Bond class1="H702" class2="C701" length="0.109000" k="284512.000000"/>
<Bond class1="H702" class2="C701" length="0.109000" k="284512.000000"/>
<Bond class1="H702" class2="C701" length="0.109000" k="284512.000000"/>
<Bond class1="H702" class2="C701" length="0.109000" k="284512.000000"/>
<Bond class1="H702" class2="C701" length="0.109000" k="284512.000000"/>
<Bond class1="H702" class2="C701" length="0.109000" k="284512.000000"/>
<Bond class1="H702" class2="C701" length="0.109000" k="284512.000000"/>
</HarmonicBondForce>
<HarmonicAngleForce>
<Angle class1="C701" class2="C700" class3="C701" angle="2.094395" k="1445.990400"/>
<Angle class1="C700" class2="C701" class3="H702" angle="1.832596" k="292.880000"/>
<Angle class1="H702" class2="C701" class3="H702" angle="1.881465" k="276.144000"/>
</HarmonicAngleForce>
<PeriodicTorsionForce>
<Proper class1="H702" class2="C701" class3="C700" class4="C701" k1="0.000000" k2="0.000000" k3="0.627600" k4="0.000000" periodicity1="1" periodicity2="2" periodicity3="3" periodicity4="4" phase1="0.00" phase2="3.141592653589793" phase3="0.00" phase4="3.141592653589793"/>
</PeriodicTorsionForce>
<NonbondedForce coulomb14scale="0.5" lj14scale="0.5">
<Atom type="opls_702" charge="0.174000" sigma="0.250000" epsilon="0.125520" />
<Atom type="opls_700" charge="0.619000" sigma="0.355000" epsilon="0.317984" />
<Atom type="opls_701" charge="-0.395000" sigma="0.350000" epsilon="0.276144" />
</NonbondedForce>
</ForceField>
