<ForceField>
<AtomTypes>
<Type name="opls_146" class="H146" element="H" mass="1.008000" />
<Type name="opls_140" class="H140" element="H" mass="1.008000" />
<Type name="opls_182" class="C182" element="C" mass="12.011000" />
<Type name="opls_180" class="O180" element="O" mass="15.999000" />
<Type name="opls_185" class="H185" element="H" mass="1.008000" />
<Type name="opls_234" class="C234" element="C" mass="12.011000" />
<Type name="opls_145" class="C145" element="C" mass="12.011000" />
<Type name="opls_239" class="N239" element="N" mass="14.007000" />
<Type name="opls_245" class="C245" element="C" mass="12.011000" />
<Type name="opls_236" class="O236" element="O" mass="15.999000" />
</AtomTypes>
<Residues>
<Residue name="NEU">
<Atom name="C00" type="opls_145" />
<Atom name="C01" type="opls_145" />
<Atom name="C02" type="opls_145" />
<Atom name="C03" type="opls_145" />
<Atom name="C04" type="opls_145" />
<Atom name="C05" type="opls_145" />
<Atom name="C06" type="opls_234" />
<Atom name="H07" type="opls_146" />
<Atom name="H08" type="opls_146" />
<Atom name="H09" type="opls_146" />
<Atom name="H0A" type="opls_146" />
<Atom name="H0B" type="opls_146" />
<Atom name="N0C" type="opls_239" />
<Atom name="O0D" type="opls_236" />
<Atom name="C0E" type="opls_245" />
<Atom name="C0F" type="opls_245" />
<Atom name="C0G" type="opls_182" />
<Atom name="H0H" type="opls_140" />
<Atom name="H0I" type="opls_140" />
<Atom name="C0J" type="opls_182" />
<Atom name="H0K" type="opls_140" />
<Atom name="H0M" type="opls_140" />
<Atom name="O0N" type="opls_180" />
<Atom name="H0O" type="opls_185" />
<Atom name="H0P" type="opls_185" />
<Atom name="H0Q" type="opls_185" />
<Atom name="H0R" type="opls_185" />
<Bond from="0" to="1"/>
<Bond from="0" to="2"/>
<Bond from="1" to="3"/>
<Bond from="2" to="4"/>
<Bond from="3" to="5"/>
<Bond from="0" to="6"/>
<Bond from="1" to="7"/>
<Bond from="2" to="8"/>
<Bond from="3" to="9"/>
<Bond from="4" to="10"/>
<Bond from="5" to="11"/>
<Bond from="6" to="12"/>
<Bond from="6" to="13"/>
<Bond from="12" to="14"/>
<Bond from="12" to="15"/>
<Bond from="14" to="16"/>
<Bond from="14" to="17"/>
<Bond from="14" to="18"/>
<Bond from="15" to="19"/>
<Bond from="15" to="20"/>
<Bond from="15" to="21"/>
<Bond from="16" to="22"/>
<Bond from="16" to="23"/>
<Bond from="16" to="24"/>
<Bond from="19" to="25"/>
<Bond from="19" to="26"/>
<Bond from="4" to="5"/>
<Bond from="19" to="22"/>
</Residue>
</Residues>
<HarmonicBondForce>
<Bond class1="C145" class2="C145" length="0.140000" k="392459.200000"/>
<Bond class1="C145" class2="C145" length="0.140000" k="392459.200000"/>
<Bond class1="C145" class2="C145" length="0.140000" k="392459.200000"/>
<Bond class1="C145" class2="C145" length="0.140000" k="392459.200000"/>
<Bond class1="C145" class2="C145" length="0.140000" k="392459.200000"/>
<Bond class1="C234" class2="C145" length="0.149000" k="334720.000000"/>
<Bond class1="H146" class2="C145" length="0.108000" k="307105.600000"/>
<Bond class1="H146" class2="C145" length="0.108000" k="307105.600000"/>
<Bond class1="H146" class2="C145" length="0.108000" k="307105.600000"/>
<Bond class1="H146" class2="C145" length="0.108000" k="307105.600000"/>
<Bond class1="H146" class2="C145" length="0.108000" k="307105.600000"/>
<Bond class1="N239" class2="C234" length="0.133500" k="410032.000000"/>
<Bond class1="O236" class2="C234" length="0.122900" k="476976.000000"/>
<Bond class1="C245" class2="N239" length="0.144900" k="282001.600000"/>
<Bond class1="C245" class2="N239" length="0.144900" k="282001.600000"/>
<Bond class1="C182" class2="C245" length="0.152900" k="224262.400000"/>
<Bond class1="H140" class2="C245" length="0.109000" k="284512.000000"/>
<Bond class1="H140" class2="C245" length="0.109000" k="284512.000000"/>
<Bond class1="C182" class2="C245" length="0.152900" k="224262.400000"/>
<Bond class1="H140" class2="C245" length="0.109000" k="284512.000000"/>
<Bond class1="H140" class2="C245" length="0.109000" k="284512.000000"/>
<Bond class1="O180" class2="C182" length="0.141000" k="267776.000000"/>
<Bond class1="H185" class2="C182" length="0.109000" k="284512.000000"/>
<Bond class1="H185" class2="C182" length="0.109000" k="284512.000000"/>
<Bond class1="H185" class2="C182" length="0.109000" k="284512.000000"/>
<Bond class1="H185" class2="C182" length="0.109000" k="284512.000000"/>
<Bond class1="C145" class2="C145" length="0.140000" k="392459.200000"/>
<Bond class1="O180" class2="C182" length="0.141000" k="267776.000000"/>
</HarmonicBondForce>
<HarmonicAngleForce>
<Angle class1="C145" class2="C145" class3="C145" angle="2.094395" k="527.184000"/>
<Angle class1="C145" class2="C145" class3="C234" angle="2.094395" k="711.280000"/>
<Angle class1="C145" class2="C145" class3="H146" angle="2.094395" k="292.880000"/>
<Angle class1="C145" class2="C234" class3="N239" angle="2.015855" k="585.760000"/>
<Angle class1="C145" class2="C234" class3="O236" angle="2.101376" k="669.440000"/>
<Angle class1="C234" class2="N239" class3="C245" angle="2.127556" k="418.400000"/>
<Angle class1="N239" class2="C245" class3="C182" angle="1.914626" k="669.440000"/>
<Angle class1="N239" class2="C245" class3="H140" angle="1.911136" k="292.880000"/>
<Angle class1="C245" class2="C182" class3="O180" angle="1.911136" k="418.400000"/>
<Angle class1="C245" class2="C182" class3="H185" angle="1.932079" k="313.800000"/>
<Angle class1="H140" class2="C245" class3="H140" angle="1.881465" k="276.144000"/>
<Angle class1="H185" class2="C182" class3="H185" angle="1.881465" k="276.144000"/>
<Angle class1="O180" class2="C182" class3="H185" angle="1.911136" k="292.880000"/>
<Angle class1="C182" class2="C245" class3="H140" angle="1.932079" k="313.800000"/>
<Angle class1="C182" class2="O180" class3="C182" angle="1.911136" k="502.080000"/>
<Angle class1="C245" class2="N239" class3="C245" angle="2.059489" k="418.400000"/>
<Angle class1="N239" class2="C234" class3="O236" angle="2.145010" k="669.440000"/>
</HarmonicAngleForce>
<PeriodicTorsionForce>
<Proper class1="C145" class2="C145" class3="C145" class4="C145" k1="0.000000" k2="15.167000" k3="0.000000" k4="0.000000" periodicity1="1" periodicity2="2" periodicity3="3" periodicity4="4" phase1="0.00" phase2="3.141592653589793" phase3="0.00" phase4="3.141592653589793"/>
<Proper class1="C182" class2="C245" class3="N239" class4="C234" k1="0.000000" k2="0.966504" k3="0.000000" k4="0.000000" periodicity1="1" periodicity2="2" periodicity3="3" periodicity4="4" phase1="0.00" phase2="3.141592653589793" phase3="0.00" phase4="3.141592653589793"/>
<Proper class1="C182" class2="C245" class3="N239" class4="C245" k1="9.943276" k2="-1.535528" k3="0.000000" k4="0.000000" periodicity1="1" periodicity2="2" periodicity3="3" periodicity4="4" phase1="0.00" phase2="3.141592653589793" phase3="0.00" phase4="3.141592653589793"/>
<Proper class1="C182" class2="O180" class3="C182" class4="C245" k1="1.359800" k2="-0.523000" k3="1.401640" k4="0.000000" periodicity1="1" periodicity2="2" periodicity3="3" periodicity4="4" phase1="0.00" phase2="3.141592653589793" phase3="0.00" phase4="3.141592653589793"/>
<Proper class1="C234" class2="C145" class3="C145" class4="C145" k1="0.000000" k2="15.167000" k3="0.000000" k4="0.000000" periodicity1="1" periodicity2="2" periodicity3="3" periodicity4="4" phase1="0.00" phase2="3.141592653589793" phase3="0.00" phase4="3.141592653589793"/>
<Proper class1="C245" class2="N239" class3="C234" class4="C145" k1="4.811600" k2="12.738188" k3="0.000000" k4="0.000000" periodicity1="1" periodicity2="2" periodicity3="3" periodicity4="4" phase1="0.00" phase2="3.141592653589793" phase3="0.00" phase4="3.141592653589793"/>
<Proper class1="C245" class2="N239" class3="C234" class4="O236" k1="0.000000" k2="12.738188" k3="0.000000" k4="0.000000" periodicity1="1" periodicity2="2" periodicity3="3" periodicity4="4" phase1="0.00" phase2="3.141592653589793" phase3="0.00" phase4="3.141592653589793"/>
<Proper class1="H140" class2="C245" class3="N239" class4="C234" k1="0.000000" k2="0.000000" k3="0.000000" k4="0.000000" periodicity1="1" periodicity2="2" periodicity3="3" periodicity4="4" phase1="0.00" phase2="3.141592653589793" phase3="0.00" phase4="3.141592653589793"/>
<Proper class1="H140" class2="C245" class3="N239" class4="C245" k1="0.000000" k2="0.000000" k3="0.000000" k4="0.000000" periodicity1="1" periodicity2="2" periodicity3="3" periodicity4="4" phase1="0.00" phase2="3.141592653589793" phase3="0.00" phase4="3.141592653589793"/>
<Proper class1="H146" class2="C145" class3="C145" class4="C145" k1="0.000000" k2="15.167000" k3="0.000000" k4="0.000000" periodicity1="1" periodicity2="2" periodicity3="3" periodicity4="4" phase1="0.00" phase2="3.141592653589793" phase3="0.00" phase4="3.141592653589793"/>
<Proper class1="H146" class2="C145" class3="C145" class4="C234" k1="0.000000" k2="15.167000" k3="0.000000" k4="0.000000" periodicity1="1" periodicity2="2" periodicity3="3" periodicity4="4" phase1="0.00" phase2="3.141592653589793" phase3="0.00" phase4="3.141592653589793"/>
<Proper class1="H146" class2="C145" class3="C145" class4="H146" k1="0.000000" k2="15.167000" k3="0.000000" k4="0.000000" periodicity1="1" periodicity2="2" periodicity3="3" periodicity4="4" phase1="0.00" phase2="3.141592653589793" phase3="0.00" phase4="3.141592653589793"/>
<Proper class1="H185" class2="C182" class3="C245" class4="H140" k1="0.000000" k2="0.000000" k3="0.627600" k4="0.000000" periodicity1="1" periodicity2="2" periodicity3="3" periodicity4="4" phase1="0.00" phase2="3.141592653589793" phase3="0.00" phase4="3.141592653589793"/>
<Proper class1="H185" class2="C182" class3="C245" class4="N239" k1="0.000000" k2="0.000000" k3="0.970688" k4="0.000000" periodicity1="1" periodicity2="2" periodicity3="3" periodicity4="4" phase1="0.00" phase2="3.141592653589793" phase3="0.00" phase4="3.141592653589793"/>
<Proper class1="H185" class2="C182" class3="O180" class4="C182" k1="0.000000" k2="0.000000" k3="1.589920" k4="0.000000" periodicity1="1" periodicity2="2" periodicity3="3" periodicity4="4" phase1="0.00" phase2="3.141592653589793" phase3="0.00" phase4="3.141592653589793"/>
<Proper class1="N239" class2="C234" class3="C145" class4="C145" k1="0.000000" k2="2.301200" k3="0.000000" k4="0.000000" periodicity1="1" periodicity2="2" periodicity3="3" periodicity4="4" phase1="0.00" phase2="3.141592653589793" phase3="0.00" phase4="3.141592653589793"/>
<Proper class1="O180" class2="C182" class3="C245" class4="H140" k1="0.000000" k2="0.000000" k3="0.979056" k4="0.000000" periodicity1="1" periodicity2="2" periodicity3="3" periodicity4="4" phase1="0.00" phase2="3.141592653589793" phase3="0.00" phase4="3.141592653589793"/>
<Proper class1="O180" class2="C182" class3="C245" class4="N239" k1="13.137760" k2="-3.068964" k3="4.246760" k4="0.000000" periodicity1="1" periodicity2="2" periodicity3="3" periodicity4="4" phase1="0.00" phase2="3.141592653589793" phase3="0.00" phase4="3.141592653589793"/>
<Proper class1="O236" class2="C234" class3="C145" class4="C145" k1="0.000000" k2="4.393200" k3="0.000000" k4="0.000000" periodicity1="1" periodicity2="2" periodicity3="3" periodicity4="4" phase1="0.00" phase2="3.141592653589793" phase3="0.00" phase4="3.141592653589793"/>
<Improper class1="C234" class2="C145" class3="N239" class4="O236" k1="0.000000" k2="43.932000" k3="0.000000" k4="0.000000" periodicity1="1" periodicity2="2" periodicity3="3" periodicity4="4" phase1="0.00" phase2="3.141592653589793" phase3="0.00" phase4="3.141592653589793"/>
</PeriodicTorsionForce>
<NonbondedForce coulomb14scale="0.5" lj14scale="0.5">
<Atom type="opls_180" charge="-0.400000" sigma="0.290000" epsilon="0.585760" />
<Atom type="opls_245" charge="-0.050000" sigma="0.350000" epsilon="0.276144" />
<Atom type="opls_239" charge="-0.140000" sigma="0.325000" epsilon="0.711280" />
<Atom type="opls_236" charge="-0.500000" sigma="0.296000" epsilon="0.878640" />
<Atom type="opls_140" charge="0.060000" sigma="0.250000" epsilon="0.125520" />
<Atom type="opls_185" charge="0.030000" sigma="0.250000" epsilon="0.125520" />
<Atom type="opls_182" charge="0.140000" sigma="0.350000" epsilon="0.276144" />
<Atom type="opls_145" charge="-0.115000" sigma="0.355000" epsilon="0.292880" />
<Atom type="opls_146" charge="0.115000" sigma="0.242000" epsilon="0.125520" />
<Atom type="opls_234" charge="0.615000" sigma="0.375000" epsilon="0.439320" />
</NonbondedForce>
</ForceField>
