<ForceField>
<AtomTypes>
<Type name="opls_909" class="H909" element="H" mass="1.008000" />
<Type name="opls_906" class="C906" element="C" mass="12.011000" />
<Type name="opls_269" class="O269" element="O" mass="15.999000" />
<Type name="opls_270" class="H270" element="H" mass="1.008000" />
<Type name="opls_267" class="C267" element="C" mass="12.011000" />
<Type name="opls_900" class="N900" element="N" mass="14.007000" />
<Type name="opls_911" class="H911" element="H" mass="1.008000" />
<Type name="opls_268" class="O268" element="O" mass="15.999000" />
</AtomTypes>
<Residues>
<Residue name="NEU">
<Atom name="H00" type="opls_909" />
<Atom name="N01" type="opls_900" />
<Atom name="C02" type="opls_906" />
<Atom name="C03" type="opls_267" />
<Atom name="H04" type="opls_909" />
<Atom name="H05" type="opls_911" />
<Atom name="H06" type="opls_911" />
<Atom name="O07" type="opls_268" />
<Atom name="O08" type="opls_269" />
<Atom name="H09" type="opls_270" />
<Bond from="0" to="1"/>
<Bond from="1" to="2"/>
<Bond from="2" to="3"/>
<Bond from="1" to="4"/>
<Bond from="2" to="5"/>
<Bond from="2" to="6"/>
<Bond from="3" to="7"/>
<Bond from="3" to="8"/>
<Bond from="7" to="9"/>
</Residue>
</Residues>
<HarmonicBondForce>
<Bond class1="N900" class2="H909" length="0.101000" k="363171.200000"/>
<Bond class1="C906" class2="N900" length="0.144800" k="319657.600000"/>
<Bond class1="C267" class2="C906" length="0.152200" k="265265.600000"/>
<Bond class1="H909" class2="N900" length="0.101000" k="363171.200000"/>
<Bond class1="H911" class2="C906" length="0.109000" k="284512.000000"/>
<Bond class1="H911" class2="C906" length="0.109000" k="284512.000000"/>
<Bond class1="O268" class2="C267" length="0.136400" k="376560.000000"/>
<Bond class1="O269" class2="C267" length="0.122900" k="476976.000000"/>
<Bond class1="H270" class2="O268" length="0.094500" k="462750.400000"/>
</HarmonicBondForce>
<HarmonicAngleForce>
<Angle class1="H909" class2="N900" class3="C906" angle="1.911136" k="292.880000"/>
<Angle class1="N900" class2="C906" class3="C267" angle="1.940806" k="669.440000"/>
<Angle class1="H909" class2="N900" class3="H909" angle="1.857030" k="364.844800"/>
<Angle class1="N900" class2="C906" class3="H911" angle="1.911136" k="292.880000"/>
<Angle class1="C906" class2="C267" class3="O268" angle="1.884956" k="585.760000"/>
<Angle class1="C906" class2="C267" class3="O269" angle="2.101376" k="669.440000"/>
<Angle class1="C267" class2="O268" class3="H270" angle="1.972222" k="292.880000"/>
<Angle class1="C267" class2="C906" class3="H911" angle="1.911136" k="292.880000"/>
<Angle class1="H911" class2="C906" class3="H911" angle="1.881465" k="276.144000"/>
<Angle class1="C906" class2="N900" class3="H909" angle="1.911136" k="292.880000"/>
<Angle class1="O268" class2="C267" class3="O269" angle="2.111848" k="669.440000"/>
</HarmonicAngleForce>
<PeriodicTorsionForce>
<Proper class1="C267" class2="C906" class3="N900" class4="H909" k1="-0.397480" k2="-0.872364" k3="0.874456" k4="0.000000" periodicity1="1" periodicity2="2" periodicity3="3" periodicity4="4" phase1="0.00" phase2="3.141592653589793" phase3="0.00" phase4="3.141592653589793"/>
<Proper class1="H270" class2="O268" class3="C267" class4="C906" k1="3.138000" k2="11.506000" k3="0.000000" k4="0.000000" periodicity1="1" periodicity2="2" periodicity3="3" periodicity4="4" phase1="0.00" phase2="3.141592653589793" phase3="0.00" phase4="3.141592653589793"/>
<Proper class1="H270" class2="O268" class3="C267" class4="O269" k1="0.000000" k2="11.506000" k3="0.000000" k4="0.000000" periodicity1="1" periodicity2="2" periodicity3="3" periodicity4="4" phase1="0.00" phase2="3.141592653589793" phase3="0.00" phase4="3.141592653589793"/>
<Proper class1="H909" class2="N900" class3="C906" class4="C267" k1="-0.397480" k2="-0.872364" k3="0.874456" k4="0.000000" periodicity1="1" periodicity2="2" periodicity3="3" periodicity4="4" phase1="0.00" phase2="3.141592653589793" phase3="0.00" phase4="3.141592653589793"/>
<Proper class1="H911" class2="C906" class3="N900" class4="H909" k1="0.000000" k2="0.000000" k3="0.836800" k4="0.000000" periodicity1="1" periodicity2="2" periodicity3="3" periodicity4="4" phase1="0.00" phase2="3.141592653589793" phase3="0.00" phase4="3.141592653589793"/>
<Proper class1="O268" class2="C267" class3="C906" class4="H911" k1="0.000000" k2="0.000000" k3="0.000000" k4="0.000000" periodicity1="1" periodicity2="2" periodicity3="3" periodicity4="4" phase1="0.00" phase2="3.141592653589793" phase3="0.00" phase4="3.141592653589793"/>
<Proper class1="O268" class2="C267" class3="C906" class4="N900" k1="11.003920" k2="1.715440" k3="0.000000" k4="0.000000" periodicity1="1" periodicity2="2" periodicity3="3" periodicity4="4" phase1="0.00" phase2="3.141592653589793" phase3="0.00" phase4="3.141592653589793"/>
<Proper class1="O269" class2="C267" class3="C906" class4="H911" k1="0.000000" k2="0.000000" k3="0.000000" k4="0.000000" periodicity1="1" periodicity2="2" periodicity3="3" periodicity4="4" phase1="0.00" phase2="3.141592653589793" phase3="0.00" phase4="3.141592653589793"/>
<Proper class1="O269" class2="C267" class3="C906" class4="N900" k1="0.000000" k2="0.000000" k3="0.000000" k4="0.000000" periodicity1="1" periodicity2="2" periodicity3="3" periodicity4="4" phase1="0.00" phase2="3.141592653589793" phase3="0.00" phase4="3.141592653589793"/>
<Improper class1="C267" class2="O269" class3="C906" class4="O268" k1="0.000000" k2="43.932000" k3="0.000000" k4="0.000000" periodicity1="1" periodicity2="2" periodicity3="3" periodicity4="4" phase1="0.00" phase2="3.141592653589793" phase3="0.00" phase4="3.141592653589793"/>
</PeriodicTorsionForce>
<NonbondedForce coulomb14scale="0.5" lj14scale="0.5">
<Atom type="opls_906" charge="0.060000" sigma="0.350000" epsilon="0.276144" />
<Atom type="opls_909" charge="0.360000" sigma="0.000000" epsilon="0.000000" />
<Atom type="opls_900" charge="-0.900000" sigma="0.330000" epsilon="0.711280" />
<Atom type="opls_267" charge="0.520000" sigma="0.375000" epsilon="0.439320" />
<Atom type="opls_269" charge="-0.440000" sigma="0.296000" epsilon="0.878640" />
<Atom type="opls_270" charge="0.450000" sigma="0.000000" epsilon="0.000000" />
<Atom type="opls_268" charge="-0.530000" sigma="0.300000" epsilon="0.711280" />
<Atom type="opls_911" charge="0.060000" sigma="0.250000" epsilon="0.062760" />
</NonbondedForce>
</ForceField>
