<ForceField>
<AtomTypes>
<Type name="opls_756" class="C756" element="C" mass="12.011000" />
<Type name="opls_754" class="C754" element="C" mass="12.011000" />
<Type name="opls_759" class="H759" element="H" mass="1.008000" />
<Type name="opls_753" class="N753" element="N" mass="14.007000" />
</AtomTypes>
<Residues>
<Residue name="NEU">
<Atom name="C00" type="opls_754" />
<Atom name="N01" type="opls_753" />
<Atom name="C02" type="opls_756" />
<Atom name="C03" type="opls_756" />
<Atom name="H04" type="opls_759" />
<Atom name="H05" type="opls_759" />
<Atom name="C06" type="opls_754" />
<Atom name="H07" type="opls_759" />
<Atom name="H08" type="opls_759" />
<Atom name="N09" type="opls_753" />
<Bond from="0" to="1"/>
<Bond from="0" to="2"/>
<Bond from="2" to="3"/>
<Bond from="2" to="4"/>
<Bond from="2" to="5"/>
<Bond from="3" to="6"/>
<Bond from="3" to="7"/>
<Bond from="3" to="8"/>
<Bond from="6" to="9"/>
</Residue>
</Residues>
<HarmonicBondForce>
<Bond class1="N753" class2="C754" length="0.115700" k="543920.000000"/>
<Bond class1="C756" class2="C754" length="0.147000" k="326352.000000"/>
<Bond class1="C756" class2="C756" length="0.152900" k="224262.400000"/>
<Bond class1="H759" class2="C756" length="0.109000" k="284512.000000"/>
<Bond class1="H759" class2="C756" length="0.109000" k="284512.000000"/>
<Bond class1="C754" class2="C756" length="0.147000" k="326352.000000"/>
<Bond class1="H759" class2="C756" length="0.109000" k="284512.000000"/>
<Bond class1="H759" class2="C756" length="0.109000" k="284512.000000"/>
<Bond class1="N753" class2="C754" length="0.115700" k="543920.000000"/>
</HarmonicBondForce>
<HarmonicAngleForce>
<Angle class1="N753" class2="C754" class3="C756" angle="3.139847" k="1255.200000"/>
<Angle class1="C754" class2="C756" class3="C756" angle="1.966986" k="488.272800"/>
<Angle class1="C754" class2="C756" class3="H759" angle="1.893682" k="292.880000"/>
<Angle class1="C756" class2="C756" class3="C754" angle="1.966986" k="488.272800"/>
<Angle class1="C756" class2="C756" class3="H759" angle="1.932079" k="313.800000"/>
<Angle class1="C756" class2="C754" class3="N753" angle="3.139847" k="1255.200000"/>
<Angle class1="H759" class2="C756" class3="H759" angle="1.881465" k="276.144000"/>
</HarmonicAngleForce>
<PeriodicTorsionForce>
<Proper class1="C754" class2="C756" class3="C756" class4="C754" k1="0.000000" k2="-1.359800" k3="0.000000" k4="0.000000" periodicity1="1" periodicity2="2" periodicity3="3" periodicity4="4" phase1="0.00" phase2="3.141592653589793" phase3="0.00" phase4="3.141592653589793"/>
<Proper class1="C754" class2="C756" class3="C756" class4="H759" k1="0.000000" k2="0.000000" k3="0.765672" k4="0.000000" periodicity1="1" periodicity2="2" periodicity3="3" periodicity4="4" phase1="0.00" phase2="3.141592653589793" phase3="0.00" phase4="3.141592653589793"/>
<Proper class1="C756" class2="C756" class3="C754" class4="N753" k1="0.000000" k2="0.000000" k3="0.000000" k4="0.000000" periodicity1="1" periodicity2="2" periodicity3="3" periodicity4="4" phase1="0.00" phase2="3.141592653589793" phase3="0.00" phase4="3.141592653589793"/>
<Proper class1="H759" class2="C756" class3="C754" class4="N753" k1="0.000000" k2="0.000000" k3="0.000000" k4="0.000000" periodicity1="1" periodicity2="2" periodicity3="3" periodicity4="4" phase1="0.00" phase2="3.141592653589793" phase3="0.00" phase4="3.141592653589793"/>
<Proper class1="H759" class2="C756" class3="C756" class4="C754" k1="0.000000" k2="0.000000" k3="0.765672" k4="0.000000" periodicity1="1" periodicity2="2" periodicity3="3" periodicity4="4" phase1="0.00" phase2="3.141592653589793" phase3="0.00" phase4="3.141592653589793"/>
<Proper class1="H759" class2="C756" class3="C756" class4="H759" k1="0.000000" k2="0.000000" k3="0.627600" k4="0.000000" periodicity1="1" periodicity2="2" periodicity3="3" periodicity4="4" phase1="0.00" phase2="3.141592653589793" phase3="0.00" phase4="3.141592653589793"/>
<Proper class1="N753" class2="C754" class3="C756" class4="C756" k1="0.000000" k2="0.000000" k3="0.000000" k4="0.000000" periodicity1="1" periodicity2="2" periodicity3="3" periodicity4="4" phase1="0.00" phase2="3.141592653589793" phase3="0.00" phase4="3.141592653589793"/>
<Proper class1="N753" class2="C754" class3="C756" class4="H759" k1="0.000000" k2="0.000000" k3="0.000000" k4="0.000000" periodicity1="1" periodicity2="2" periodicity3="3" periodicity4="4" phase1="0.00" phase2="3.141592653589793" phase3="0.00" phase4="3.141592653589793"/>
</PeriodicTorsionForce>
<NonbondedForce coulomb14scale="0.5" lj14scale="0.5">
<Atom type="opls_753" charge="-0.560000" sigma="0.320000" epsilon="0.711280" />
<Atom type="opls_754" charge="0.460000" sigma="0.330000" epsilon="0.276144" />
<Atom type="opls_756" charge="-0.020000" sigma="0.330000" epsilon="0.276144" />
<Atom type="opls_759" charge="0.060000" sigma="0.250000" epsilon="0.062760" />
</NonbondedForce>
</ForceField>
