<ForceField>
<AtomTypes>
<Type name="opls_551" class="C551" element="C" mass="12.011000" />
<Type name="opls_554" class="H554" element="H" mass="1.008000" />
<Type name="opls_552" class="C552" element="C" mass="12.011000" />
<Type name="opls_550" class="C550" element="C" mass="12.011000" />
<Type name="opls_556" class="H556" element="H" mass="1.008000" />
<Type name="opls_553" class="H553" element="H" mass="1.008000" />
<Type name="opls_549" class="N549" element="N" mass="14.007000" />
<Type name="opls_548" class="N548" element="N" mass="14.007000" />
<Type name="opls_555" class="H555" element="H" mass="1.008000" />
</AtomTypes>
<Residues>
<Residue name="NEU">
<Atom name="N00" type="opls_548" />
<Atom name="N01" type="opls_549" />
<Atom name="C02" type="opls_550" />
<Atom name="C03" type="opls_551" />
<Atom name="C04" type="opls_552" />
<Atom name="H05" type="opls_553" />
<Atom name="H06" type="opls_554" />
<Atom name="H07" type="opls_555" />
<Atom name="H08" type="opls_556" />
<Bond from="0" to="1"/>
<Bond from="1" to="2"/>
<Bond from="2" to="3"/>
<Bond from="0" to="4"/>
<Bond from="0" to="5"/>
<Bond from="2" to="6"/>
<Bond from="3" to="7"/>
<Bond from="4" to="8"/>
<Bond from="3" to="4"/>
</Residue>
</Residues>
<HarmonicBondForce>
<Bond class1="N549" class2="N548" length="0.134900" k="334720.000000"/>
<Bond class1="C550" class2="N549" length="0.132000" k="343088.000000"/>
<Bond class1="C551" class2="C550" length="0.142400" k="392459.200000"/>
<Bond class1="C552" class2="N548" length="0.138100" k="357313.600000"/>
<Bond class1="H553" class2="N548" length="0.101000" k="363171.200000"/>
<Bond class1="H554" class2="C550" length="0.108000" k="307105.600000"/>
<Bond class1="H555" class2="C551" length="0.108000" k="307105.600000"/>
<Bond class1="H556" class2="C552" length="0.108000" k="307105.600000"/>
<Bond class1="C552" class2="C551" length="0.136700" k="456892.800000"/>
</HarmonicBondForce>
<HarmonicAngleForce>
<Angle class1="N548" class2="N549" class3="C550" angle="1.816888" k="585.760000"/>
<Angle class1="N549" class2="C550" class3="C551" angle="1.953023" k="585.760000"/>
<Angle class1="N549" class2="N548" class3="C552" angle="1.973967" k="468.608000"/>
<Angle class1="N549" class2="N548" class3="H553" angle="2.082178" k="468.608000"/>
<Angle class1="N549" class2="C550" class3="H554" angle="2.075196" k="292.880000"/>
<Angle class1="C550" class2="C551" class3="H555" angle="2.242748" k="292.880000"/>
<Angle class1="N548" class2="C552" class3="H556" angle="2.122320" k="292.880000"/>
<Angle class1="N548" class2="C552" class3="C551" angle="1.879720" k="585.760000"/>
<Angle class1="C552" class2="N548" class3="H553" angle="2.164208" k="292.880000"/>
<Angle class1="C551" class2="C552" class3="H556" angle="2.305580" k="292.880000"/>
<Angle class1="C551" class2="C550" class3="H554" angle="2.254965" k="292.880000"/>
<Angle class1="C552" class2="C551" class3="H555" angle="2.193879" k="292.880000"/>
<Angle class1="C550" class2="C551" class3="C552" angle="1.811652" k="585.760000"/>
</HarmonicAngleForce>
<PeriodicTorsionForce>
<Proper class1="C551" class2="C550" class3="N549" class4="N548" k1="0.000000" k2="15.167000" k3="0.000000" k4="0.000000" periodicity1="1" periodicity2="2" periodicity3="3" periodicity4="4" phase1="0.00" phase2="3.141592653589793" phase3="0.00" phase4="3.141592653589793"/>
<Proper class1="C552" class2="N548" class3="N549" class4="C550" k1="0.000000" k2="15.167000" k3="0.000000" k4="0.000000" periodicity1="1" periodicity2="2" periodicity3="3" periodicity4="4" phase1="0.00" phase2="3.141592653589793" phase3="0.00" phase4="3.141592653589793"/>
<Proper class1="H553" class2="N548" class3="C552" class4="C551" k1="0.000000" k2="10.460000" k3="0.000000" k4="0.000000" periodicity1="1" periodicity2="2" periodicity3="3" periodicity4="4" phase1="0.00" phase2="3.141592653589793" phase3="0.00" phase4="3.141592653589793"/>
<Proper class1="H553" class2="N548" class3="N549" class4="C550" k1="0.000000" k2="20.920000" k3="0.000000" k4="0.000000" periodicity1="1" periodicity2="2" periodicity3="3" periodicity4="4" phase1="0.00" phase2="3.141592653589793" phase3="0.00" phase4="3.141592653589793"/>
<Proper class1="H554" class2="C550" class3="C551" class4="C552" k1="0.000000" k2="15.167000" k3="0.000000" k4="0.000000" periodicity1="1" periodicity2="2" periodicity3="3" periodicity4="4" phase1="0.00" phase2="3.141592653589793" phase3="0.00" phase4="3.141592653589793"/>
<Proper class1="H554" class2="C550" class3="N549" class4="N548" k1="0.000000" k2="15.167000" k3="0.000000" k4="0.000000" periodicity1="1" periodicity2="2" periodicity3="3" periodicity4="4" phase1="0.00" phase2="3.141592653589793" phase3="0.00" phase4="3.141592653589793"/>
<Proper class1="H555" class2="C551" class3="C550" class4="H554" k1="0.000000" k2="15.167000" k3="0.000000" k4="0.000000" periodicity1="1" periodicity2="2" periodicity3="3" periodicity4="4" phase1="0.00" phase2="3.141592653589793" phase3="0.00" phase4="3.141592653589793"/>
<Proper class1="H555" class2="C551" class3="C550" class4="N549" k1="0.000000" k2="15.167000" k3="0.000000" k4="0.000000" periodicity1="1" periodicity2="2" periodicity3="3" periodicity4="4" phase1="0.00" phase2="3.141592653589793" phase3="0.00" phase4="3.141592653589793"/>
<Proper class1="H555" class2="C551" class3="C552" class4="N548" k1="0.000000" k2="15.167000" k3="0.000000" k4="0.000000" periodicity1="1" periodicity2="2" periodicity3="3" periodicity4="4" phase1="0.00" phase2="3.141592653589793" phase3="0.00" phase4="3.141592653589793"/>
<Proper class1="H556" class2="C552" class3="C551" class4="C550" k1="0.000000" k2="15.167000" k3="0.000000" k4="0.000000" periodicity1="1" periodicity2="2" periodicity3="3" periodicity4="4" phase1="0.00" phase2="3.141592653589793" phase3="0.00" phase4="3.141592653589793"/>
<Proper class1="H556" class2="C552" class3="C551" class4="H555" k1="0.000000" k2="15.167000" k3="0.000000" k4="0.000000" periodicity1="1" periodicity2="2" periodicity3="3" periodicity4="4" phase1="0.00" phase2="3.141592653589793" phase3="0.00" phase4="3.141592653589793"/>
<Proper class1="H556" class2="C552" class3="N548" class4="H553" k1="0.000000" k2="10.460000" k3="0.000000" k4="0.000000" periodicity1="1" periodicity2="2" periodicity3="3" periodicity4="4" phase1="0.00" phase2="3.141592653589793" phase3="0.00" phase4="3.141592653589793"/>
<Proper class1="H556" class2="C552" class3="N548" class4="N549" k1="0.000000" k2="10.460000" k3="0.000000" k4="0.000000" periodicity1="1" periodicity2="2" periodicity3="3" periodicity4="4" phase1="0.00" phase2="3.141592653589793" phase3="0.00" phase4="3.141592653589793"/>
<Improper class1="C551" class2="C550" class3="C552" class4="H555" k1="0.000000" k2="10.460000" k3="0.000000" k4="0.000000" periodicity1="1" periodicity2="2" periodicity3="3" periodicity4="4" phase1="0.00" phase2="3.141592653589793" phase3="0.00" phase4="3.141592653589793"/>
<Improper class1="C552" class2="N548" class3="H556" class4="C551" k1="0.000000" k2="10.460000" k3="0.000000" k4="0.000000" periodicity1="1" periodicity2="2" periodicity3="3" periodicity4="4" phase1="0.00" phase2="3.141592653589793" phase3="0.00" phase4="3.141592653589793"/>
<Improper class1="C550" class2="N549" class3="C551" class4="H554" k1="0.000000" k2="10.460000" k3="0.000000" k4="0.000000" periodicity1="1" periodicity2="2" periodicity3="3" periodicity4="4" phase1="0.00" phase2="3.141592653589793" phase3="0.00" phase4="3.141592653589793"/>
</PeriodicTorsionForce>
<NonbondedForce coulomb14scale="0.5" lj14scale="0.5">
<Atom type="opls_555" charge="0.150000" sigma="0.242000" epsilon="0.125520" />
<Atom type="opls_556" charge="0.135000" sigma="0.242000" epsilon="0.125520" />
<Atom type="opls_550" charge="0.246000" sigma="0.355000" epsilon="0.292880" />
<Atom type="opls_551" charge="-0.320000" sigma="0.355000" epsilon="0.292880" />
<Atom type="opls_554" charge="0.072000" sigma="0.242000" epsilon="0.125520" />
<Atom type="opls_548" charge="-0.059000" sigma="0.325000" epsilon="0.711280" />
<Atom type="opls_552" charge="-0.034000" sigma="0.355000" epsilon="0.292880" />
<Atom type="opls_549" charge="-0.491000" sigma="0.325000" epsilon="0.711280" />
<Atom type="opls_553" charge="0.301000" sigma="0.000000" epsilon="0.000000" />
</NonbondedForce>
</ForceField>
