<ForceField>
<AtomTypes>
<Type name="opls_771" class="O771" element="O" mass="15.999000" />
<Type name="opls_772" class="C772" element="C" mass="12.011000" />
<Type name="opls_773" class="O773" element="O" mass="15.999000" />
<Type name="opls_789" class="C789" element="C" mass="12.011000" />
<Type name="opls_469" class="H469" element="H" mass="1.008000" />
</AtomTypes>
<Residues>
<Residue name="NEU">
<Atom name="C00" type="opls_772" />
<Atom name="O01" type="opls_771" />
<Atom name="O02" type="opls_773" />
<Atom name="O03" type="opls_773" />
<Atom name="C04" type="opls_789" />
<Atom name="H05" type="opls_469" />
<Atom name="H06" type="opls_469" />
<Atom name="H07" type="opls_469" />
<Atom name="C08" type="opls_789" />
<Atom name="H09" type="opls_469" />
<Atom name="H0A" type="opls_469" />
<Atom name="H0B" type="opls_469" />
<Bond from="0" to="1"/>
<Bond from="0" to="2"/>
<Bond from="0" to="3"/>
<Bond from="2" to="4"/>
<Bond from="4" to="5"/>
<Bond from="4" to="6"/>
<Bond from="4" to="7"/>
<Bond from="3" to="8"/>
<Bond from="8" to="9"/>
<Bond from="8" to="10"/>
<Bond from="8" to="11"/>
</Residue>
</Residues>
<HarmonicBondForce>
<Bond class1="O771" class2="C772" length="0.122900" k="476976.000000"/>
<Bond class1="O773" class2="C772" length="0.132700" k="179075.200000"/>
<Bond class1="O773" class2="C772" length="0.132700" k="179075.200000"/>
<Bond class1="C789" class2="O773" length="0.141000" k="267776.000000"/>
<Bond class1="H469" class2="C789" length="0.109000" k="284512.000000"/>
<Bond class1="H469" class2="C789" length="0.109000" k="284512.000000"/>
<Bond class1="H469" class2="C789" length="0.109000" k="284512.000000"/>
<Bond class1="C789" class2="O773" length="0.141000" k="267776.000000"/>
<Bond class1="H469" class2="C789" length="0.109000" k="284512.000000"/>
<Bond class1="H469" class2="C789" length="0.109000" k="284512.000000"/>
<Bond class1="H469" class2="C789" length="0.109000" k="284512.000000"/>
</HarmonicBondForce>
<HarmonicAngleForce>
<Angle class1="O771" class2="C772" class3="O773" angle="2.153736" k="694.544000"/>
<Angle class1="C772" class2="O773" class3="C789" angle="2.040290" k="694.544000"/>
<Angle class1="O773" class2="C789" class3="H469" angle="1.911136" k="292.880000"/>
<Angle class1="O773" class2="C772" class3="O773" angle="2.046049" k="568.438240"/>
<Angle class1="H469" class2="C789" class3="H469" angle="1.881465" k="276.144000"/>
</HarmonicAngleForce>
<PeriodicTorsionForce>
<Proper class1="C789" class2="O773" class3="C772" class4="O771" k1="0.000000" k2="10.719408" k3="0.000000" k4="0.000000" periodicity1="1" periodicity2="2" periodicity3="3" periodicity4="4" phase1="0.00" phase2="3.141592653589793" phase3="0.00" phase4="3.141592653589793"/>
<Proper class1="C789" class2="O773" class3="C772" class4="O773" k1="9.767548" k2="10.719408" k3="0.000000" k4="0.000000" periodicity1="1" periodicity2="2" periodicity3="3" periodicity4="4" phase1="0.00" phase2="3.141592653589793" phase3="0.00" phase4="3.141592653589793"/>
<Proper class1="H469" class2="C789" class3="O773" class4="C772" k1="0.000000" k2="0.000000" k3="0.414216" k4="0.000000" periodicity1="1" periodicity2="2" periodicity3="3" periodicity4="4" phase1="0.00" phase2="3.141592653589793" phase3="0.00" phase4="3.141592653589793"/>
</PeriodicTorsionForce>
<NonbondedForce coulomb14scale="0.5" lj14scale="0.5">
<Atom type="opls_469" charge="0.030000" sigma="0.242000" epsilon="0.062760" />
<Atom type="opls_771" charge="-0.500000" sigma="0.296000" epsilon="0.878640" />
<Atom type="opls_772" charge="0.860000" sigma="0.375000" epsilon="0.439320" />
<Atom type="opls_773" charge="-0.450000" sigma="0.300000" epsilon="0.711280" />
<Atom type="opls_789" charge="0.180000" sigma="0.350000" epsilon="0.276144" />
</NonbondedForce>
</ForceField>
