<ForceField>
<AtomTypes>
<Type name="opls_909" class="H909" element="H" mass="1.008000" />
<Type name="opls_155" class="H155" element="H" mass="1.008000" />
<Type name="opls_911" class="H911" element="H" mass="1.008000" />
<Type name="opls_140" class="H140" element="H" mass="1.008000" />
<Type name="opls_157" class="C157" element="C" mass="12.011000" />
<Type name="opls_900" class="N900" element="N" mass="14.007000" />
<Type name="opls_906" class="C906" element="C" mass="12.011000" />
<Type name="opls_154" class="O154" element="O" mass="15.999000" />
</AtomTypes>
<Residues>
<Residue name="NEU">
<Atom name="O00" type="opls_154" />
<Atom name="H01" type="opls_155" />
<Atom name="C02" type="opls_157" />
<Atom name="C03" type="opls_906" />
<Atom name="N04" type="opls_900" />
<Atom name="H05" type="opls_140" />
<Atom name="H06" type="opls_140" />
<Atom name="H07" type="opls_911" />
<Atom name="H08" type="opls_911" />
<Atom name="H09" type="opls_909" />
<Atom name="H0A" type="opls_909" />
<Bond from="0" to="1"/>
<Bond from="0" to="2"/>
<Bond from="2" to="3"/>
<Bond from="3" to="4"/>
<Bond from="2" to="5"/>
<Bond from="2" to="6"/>
<Bond from="3" to="7"/>
<Bond from="3" to="8"/>
<Bond from="4" to="9"/>
<Bond from="4" to="10"/>
</Residue>
</Residues>
<HarmonicBondForce>
<Bond class1="H155" class2="O154" length="0.094500" k="462750.400000"/>
<Bond class1="C157" class2="O154" length="0.141000" k="267776.000000"/>
<Bond class1="C906" class2="C157" length="0.152900" k="224262.400000"/>
<Bond class1="N900" class2="C906" length="0.144800" k="319657.600000"/>
<Bond class1="H140" class2="C157" length="0.109000" k="284512.000000"/>
<Bond class1="H140" class2="C157" length="0.109000" k="284512.000000"/>
<Bond class1="H911" class2="C906" length="0.109000" k="284512.000000"/>
<Bond class1="H911" class2="C906" length="0.109000" k="284512.000000"/>
<Bond class1="H909" class2="N900" length="0.101000" k="363171.200000"/>
<Bond class1="H909" class2="N900" length="0.101000" k="363171.200000"/>
</HarmonicBondForce>
<HarmonicAngleForce>
<Angle class1="H155" class2="O154" class3="C157" angle="1.893682" k="460.240000"/>
<Angle class1="O154" class2="C157" class3="C906" angle="1.911136" k="418.400000"/>
<Angle class1="C157" class2="C906" class3="N900" angle="1.910612" k="470.281600"/>
<Angle class1="O154" class2="C157" class3="H140" angle="1.911136" k="292.880000"/>
<Angle class1="C157" class2="C906" class3="H911" angle="1.932079" k="313.800000"/>
<Angle class1="C906" class2="N900" class3="H909" angle="1.911136" k="292.880000"/>
<Angle class1="N900" class2="C906" class3="H911" angle="1.911136" k="292.880000"/>
<Angle class1="H140" class2="C157" class3="H140" angle="1.881465" k="276.144000"/>
<Angle class1="H909" class2="N900" class3="H909" angle="1.857030" k="364.844800"/>
<Angle class1="C906" class2="C157" class3="H140" angle="1.932079" k="313.800000"/>
<Angle class1="H911" class2="C906" class3="H911" angle="1.881465" k="276.144000"/>
</HarmonicAngleForce>
<PeriodicTorsionForce>
<Proper class1="C906" class2="C157" class3="O154" class4="H155" k1="-0.744752" k2="-0.364008" k3="1.029264" k4="0.000000" periodicity1="1" periodicity2="2" periodicity3="3" periodicity4="4" phase1="0.00" phase2="3.141592653589793" phase3="0.00" phase4="3.141592653589793"/>
<Proper class1="H140" class2="C157" class3="C906" class4="N900" k1="-2.119196" k2="-1.483228" k3="0.989516" k4="0.000000" periodicity1="1" periodicity2="2" periodicity3="3" periodicity4="4" phase1="0.00" phase2="3.141592653589793" phase3="0.00" phase4="3.141592653589793"/>
<Proper class1="H140" class2="C157" class3="O154" class4="H155" k1="0.000000" k2="0.000000" k3="0.736384" k4="0.000000" periodicity1="1" periodicity2="2" periodicity3="3" periodicity4="4" phase1="0.00" phase2="3.141592653589793" phase3="0.00" phase4="3.141592653589793"/>
<Proper class1="H909" class2="N900" class3="C906" class4="C157" k1="-0.397480" k2="-0.872364" k3="0.874456" k4="0.000000" periodicity1="1" periodicity2="2" periodicity3="3" periodicity4="4" phase1="0.00" phase2="3.141592653589793" phase3="0.00" phase4="3.141592653589793"/>
<Proper class1="H909" class2="N900" class3="C906" class4="H911" k1="0.000000" k2="0.000000" k3="0.836800" k4="0.000000" periodicity1="1" periodicity2="2" periodicity3="3" periodicity4="4" phase1="0.00" phase2="3.141592653589793" phase3="0.00" phase4="3.141592653589793"/>
<Proper class1="H911" class2="C906" class3="C157" class4="H140" k1="0.000000" k2="0.000000" k3="0.627600" k4="0.000000" periodicity1="1" periodicity2="2" periodicity3="3" periodicity4="4" phase1="0.00" phase2="3.141592653589793" phase3="0.00" phase4="3.141592653589793"/>
<Proper class1="H911" class2="C906" class3="C157" class4="O154" k1="0.000000" k2="0.000000" k3="0.979056" k4="0.000000" periodicity1="1" periodicity2="2" periodicity3="3" periodicity4="4" phase1="0.00" phase2="3.141592653589793" phase3="0.00" phase4="3.141592653589793"/>
<Proper class1="N900" class2="C906" class3="C157" class4="O154" k1="16.736000" k2="0.000000" k3="0.000000" k4="0.000000" periodicity1="1" periodicity2="2" periodicity3="3" periodicity4="4" phase1="0.00" phase2="3.141592653589793" phase3="0.00" phase4="3.141592653589793"/>
</PeriodicTorsionForce>
<NonbondedForce coulomb14scale="0.5" lj14scale="0.5">
<Atom type="opls_154" charge="-0.683000" sigma="0.312000" epsilon="0.711280" />
<Atom type="opls_909" charge="0.360000" sigma="0.000000" epsilon="0.000000" />
<Atom type="opls_140" charge="0.060000" sigma="0.250000" epsilon="0.125520" />
<Atom type="opls_900" charge="-0.900000" sigma="0.330000" epsilon="0.711280" />
<Atom type="opls_157" charge="0.145000" sigma="0.350000" epsilon="0.276144" />
<Atom type="opls_155" charge="0.418000" sigma="0.000000" epsilon="0.000000" />
<Atom type="opls_906" charge="0.060000" sigma="0.350000" epsilon="0.276144" />
<Atom type="opls_911" charge="0.060000" sigma="0.250000" epsilon="0.062760" />
</NonbondedForce>
</ForceField>
