<ForceField>
<AtomTypes>
<Type name="opls_151" class="Cl151" element="Cl" mass="35.450000" />
<Type name="opls_152" class="C152" element="C" mass="12.011000" />
<Type name="opls_909" class="H909" element="H" mass="1.008000" />
<Type name="opls_900" class="N900" element="N" mass="14.007000" />
<Type name="opls_911" class="H911" element="H" mass="1.008000" />
<Type name="opls_153" class="H153" element="H" mass="1.008000" />
<Type name="opls_906" class="C906" element="C" mass="12.011000" />
</AtomTypes>
<Residues>
<Residue name="NEU">
<Atom name="C00" type="opls_906" />
<Atom name="N01" type="opls_900" />
<Atom name="H02" type="opls_909" />
<Atom name="H03" type="opls_909" />
<Atom name="C04" type="opls_152" />
<Atom name="Cl0" type="opls_151" />
<Atom name="H06" type="opls_153" />
<Atom name="H07" type="opls_153" />
<Atom name="H08" type="opls_911" />
<Atom name="H09" type="opls_911" />
<Bond from="0" to="1"/>
<Bond from="1" to="2"/>
<Bond from="1" to="3"/>
<Bond from="0" to="4"/>
<Bond from="4" to="5"/>
<Bond from="4" to="6"/>
<Bond from="4" to="7"/>
<Bond from="0" to="8"/>
<Bond from="0" to="9"/>
</Residue>
</Residues>
<HarmonicBondForce>
<Bond class1="N900" class2="C906" length="0.144800" k="319657.600000"/>
<Bond class1="H909" class2="N900" length="0.101000" k="363171.200000"/>
<Bond class1="H909" class2="N900" length="0.101000" k="363171.200000"/>
<Bond class1="C152" class2="C906" length="0.152900" k="224262.400000"/>
<Bond class1="Cl151" class2="C152" length="0.178100" k="205016.000000"/>
<Bond class1="H153" class2="C152" length="0.109000" k="284512.000000"/>
<Bond class1="H153" class2="C152" length="0.109000" k="284512.000000"/>
<Bond class1="H911" class2="C906" length="0.109000" k="284512.000000"/>
<Bond class1="H911" class2="C906" length="0.109000" k="284512.000000"/>
</HarmonicBondForce>
<HarmonicAngleForce>
<Angle class1="C906" class2="N900" class3="H909" angle="1.911136" k="292.880000"/>
<Angle class1="N900" class2="C906" class3="C152" angle="1.910612" k="470.281600"/>
<Angle class1="C906" class2="C152" class3="Cl151" angle="1.916372" k="577.392000"/>
<Angle class1="C906" class2="C152" class3="H153" angle="1.932079" k="313.800000"/>
<Angle class1="N900" class2="C906" class3="H911" angle="1.911136" k="292.880000"/>
<Angle class1="C152" class2="C906" class3="H911" angle="1.932079" k="313.800000"/>
<Angle class1="Cl151" class2="C152" class3="H153" angle="1.877974" k="426.768000"/>
<Angle class1="H909" class2="N900" class3="H909" angle="1.857030" k="364.844800"/>
<Angle class1="H153" class2="C152" class3="H153" angle="1.881465" k="276.144000"/>
<Angle class1="H911" class2="C906" class3="H911" angle="1.881465" k="276.144000"/>
</HarmonicAngleForce>
<PeriodicTorsionForce>
<Proper class1="C152" class2="C906" class3="N900" class4="H909" k1="-0.397480" k2="-0.872364" k3="0.874456" k4="0.000000" periodicity1="1" periodicity2="2" periodicity3="3" periodicity4="4" phase1="0.00" phase2="3.141592653589793" phase3="0.00" phase4="3.141592653589793"/>
<Proper class1="Cl151" class2="C152" class3="C906" class4="N900" k1="4.184000" k2="0.000000" k3="0.000000" k4="0.000000" periodicity1="1" periodicity2="2" periodicity3="3" periodicity4="4" phase1="0.00" phase2="3.141592653589793" phase3="0.00" phase4="3.141592653589793"/>
<Proper class1="H153" class2="C152" class3="C906" class4="N900" k1="-2.119196" k2="-1.483228" k3="0.989516" k4="0.000000" periodicity1="1" periodicity2="2" periodicity3="3" periodicity4="4" phase1="0.00" phase2="3.141592653589793" phase3="0.00" phase4="3.141592653589793"/>
<Proper class1="H911" class2="C906" class3="C152" class4="Cl151" k1="0.000000" k2="0.000000" k3="0.836800" k4="0.000000" periodicity1="1" periodicity2="2" periodicity3="3" periodicity4="4" phase1="0.00" phase2="3.141592653589793" phase3="0.00" phase4="3.141592653589793"/>
<Proper class1="H911" class2="C906" class3="C152" class4="H153" k1="0.000000" k2="0.000000" k3="0.627600" k4="0.000000" periodicity1="1" periodicity2="2" periodicity3="3" periodicity4="4" phase1="0.00" phase2="3.141592653589793" phase3="0.00" phase4="3.141592653589793"/>
<Proper class1="H911" class2="C906" class3="N900" class4="H909" k1="0.000000" k2="0.000000" k3="0.836800" k4="0.000000" periodicity1="1" periodicity2="2" periodicity3="3" periodicity4="4" phase1="0.00" phase2="3.141592653589793" phase3="0.00" phase4="3.141592653589793"/>
</PeriodicTorsionForce>
<NonbondedForce coulomb14scale="0.5" lj14scale="0.5">
<Atom type="opls_906" charge="0.060000" sigma="0.350000" epsilon="0.276144" />
<Atom type="opls_152" charge="-0.006000" sigma="0.350000" epsilon="0.276144" />
<Atom type="opls_909" charge="0.360000" sigma="0.000000" epsilon="0.000000" />
<Atom type="opls_153" charge="0.103000" sigma="0.250000" epsilon="0.125520" />
<Atom type="opls_900" charge="-0.900000" sigma="0.330000" epsilon="0.711280" />
<Atom type="opls_911" charge="0.060000" sigma="0.250000" epsilon="0.062760" />
<Atom type="opls_151" charge="-0.200000" sigma="0.340000" epsilon="1.255200" />
</NonbondedForce>
</ForceField>
