<ForceField>
<AtomTypes>
<Type name="opls_56" class="C_56" element="C" mass="12.011000" />
<Type name="opls_58" class="C_58" element="C" mass="12.011000" />
<Type name="opls_60" class="H_60" element="H" mass="1.008000" />
<Type name="opls_55" class="C_55" element="C" mass="12.011000" />
<Type name="opls_57" class="C_57" element="C" mass="12.011000" />
<Type name="opls_59" class="C_59" element="C" mass="12.011000" />
</AtomTypes>
<Residues>
<Residue name="NEU">
<Atom name="C00" type="opls_58" />
<Atom name="C01" type="opls_57" />
<Atom name="C02" type="opls_59" />
<Atom name="C03" type="opls_55" />
<Atom name="C04" type="opls_55" />
<Atom name="H05" type="opls_60" />
<Atom name="H06" type="opls_60" />
<Atom name="H07" type="opls_60" />
<Atom name="C08" type="opls_56" />
<Atom name="C09" type="opls_56" />
<Atom name="C0A" type="opls_56" />
<Atom name="H0B" type="opls_60" />
<Atom name="H0C" type="opls_60" />
<Atom name="H0D" type="opls_60" />
<Atom name="H0E" type="opls_60" />
<Atom name="H0F" type="opls_60" />
<Atom name="H0G" type="opls_60" />
<Atom name="H0H" type="opls_60" />
<Atom name="H0I" type="opls_60" />
<Atom name="H0J" type="opls_60" />
<Atom name="H0K" type="opls_60" />
<Atom name="H0M" type="opls_60" />
<Atom name="H0N" type="opls_60" />
<Atom name="H0O" type="opls_60" />
<Atom name="H0P" type="opls_60" />
<Atom name="H0Q" type="opls_60" />
<Bond from="0" to="1"/>
<Bond from="1" to="2"/>
<Bond from="0" to="3"/>
<Bond from="0" to="4"/>
<Bond from="0" to="5"/>
<Bond from="1" to="6"/>
<Bond from="1" to="7"/>
<Bond from="2" to="8"/>
<Bond from="2" to="9"/>
<Bond from="2" to="10"/>
<Bond from="3" to="11"/>
<Bond from="3" to="12"/>
<Bond from="3" to="13"/>
<Bond from="8" to="14"/>
<Bond from="8" to="15"/>
<Bond from="8" to="16"/>
<Bond from="4" to="17"/>
<Bond from="4" to="18"/>
<Bond from="4" to="19"/>
<Bond from="9" to="20"/>
<Bond from="9" to="21"/>
<Bond from="9" to="22"/>
<Bond from="10" to="23"/>
<Bond from="10" to="24"/>
<Bond from="10" to="25"/>
</Residue>
</Residues>
<HarmonicBondForce>
<Bond class1="C_57" class2="C_58" length="0.152900" k="224262.400000"/>
<Bond class1="C_59" class2="C_57" length="0.152900" k="224262.400000"/>
<Bond class1="C_55" class2="C_58" length="0.152900" k="224262.400000"/>
<Bond class1="C_55" class2="C_58" length="0.152900" k="224262.400000"/>
<Bond class1="H_60" class2="C_58" length="0.109000" k="284512.000000"/>
<Bond class1="H_60" class2="C_57" length="0.109000" k="284512.000000"/>
<Bond class1="H_60" class2="C_57" length="0.109000" k="284512.000000"/>
<Bond class1="C_56" class2="C_59" length="0.152900" k="224262.400000"/>
<Bond class1="C_56" class2="C_59" length="0.152900" k="224262.400000"/>
<Bond class1="C_56" class2="C_59" length="0.152900" k="224262.400000"/>
<Bond class1="H_60" class2="C_55" length="0.109000" k="284512.000000"/>
<Bond class1="H_60" class2="C_55" length="0.109000" k="284512.000000"/>
<Bond class1="H_60" class2="C_55" length="0.109000" k="284512.000000"/>
<Bond class1="H_60" class2="C_56" length="0.109000" k="284512.000000"/>
<Bond class1="H_60" class2="C_56" length="0.109000" k="284512.000000"/>
<Bond class1="H_60" class2="C_56" length="0.109000" k="284512.000000"/>
<Bond class1="H_60" class2="C_55" length="0.109000" k="284512.000000"/>
<Bond class1="H_60" class2="C_55" length="0.109000" k="284512.000000"/>
<Bond class1="H_60" class2="C_55" length="0.109000" k="284512.000000"/>
<Bond class1="H_60" class2="C_56" length="0.109000" k="284512.000000"/>
<Bond class1="H_60" class2="C_56" length="0.109000" k="284512.000000"/>
<Bond class1="H_60" class2="C_56" length="0.109000" k="284512.000000"/>
<Bond class1="H_60" class2="C_56" length="0.109000" k="284512.000000"/>
<Bond class1="H_60" class2="C_56" length="0.109000" k="284512.000000"/>
<Bond class1="H_60" class2="C_56" length="0.109000" k="284512.000000"/>
</HarmonicBondForce>
<HarmonicAngleForce>
<Angle class1="C_58" class2="C_57" class3="C_59" angle="1.966986" k="488.272800"/>
<Angle class1="C_57" class2="C_58" class3="C_55" angle="1.966986" k="488.272800"/>
<Angle class1="C_57" class2="C_58" class3="H_60" angle="1.932079" k="313.800000"/>
<Angle class1="C_58" class2="C_57" class3="H_60" angle="1.932079" k="313.800000"/>
<Angle class1="C_57" class2="C_59" class3="C_56" angle="1.966986" k="488.272800"/>
<Angle class1="C_58" class2="C_55" class3="H_60" angle="1.932079" k="313.800000"/>
<Angle class1="C_59" class2="C_56" class3="H_60" angle="1.932079" k="313.800000"/>
<Angle class1="H_60" class2="C_56" class3="H_60" angle="1.881465" k="276.144000"/>
<Angle class1="H_60" class2="C_55" class3="H_60" angle="1.881465" k="276.144000"/>
<Angle class1="C_55" class2="C_58" class3="C_55" angle="1.966986" k="488.272800"/>
<Angle class1="C_59" class2="C_57" class3="H_60" angle="1.932079" k="313.800000"/>
<Angle class1="C_55" class2="C_58" class3="H_60" angle="1.932079" k="313.800000"/>
<Angle class1="C_56" class2="C_59" class3="C_56" angle="1.966986" k="488.272800"/>
<Angle class1="H_60" class2="C_57" class3="H_60" angle="1.881465" k="276.144000"/>
</HarmonicAngleForce>
<PeriodicTorsionForce>
<Proper class1="C_55" class2="C_58" class3="C_57" class4="C_59" k1="2.719600" k2="-0.418400" k3="0.418400" k4="0.000000" periodicity1="1" periodicity2="2" periodicity3="3" periodicity4="4" phase1="0.00" phase2="3.141592653589793" phase3="0.00" phase4="3.141592653589793"/>
<Proper class1="C_56" class2="C_59" class3="C_57" class4="C_58" k1="2.719600" k2="-0.418400" k3="0.418400" k4="0.000000" periodicity1="1" periodicity2="2" periodicity3="3" periodicity4="4" phase1="0.00" phase2="3.141592653589793" phase3="0.00" phase4="3.141592653589793"/>
<Proper class1="C_56" class2="C_59" class3="C_57" class4="H_60" k1="0.000000" k2="0.000000" k3="0.627600" k4="0.000000" periodicity1="1" periodicity2="2" periodicity3="3" periodicity4="4" phase1="0.00" phase2="3.141592653589793" phase3="0.00" phase4="3.141592653589793"/>
<Proper class1="H_60" class2="C_55" class3="C_58" class4="C_55" k1="0.000000" k2="0.000000" k3="0.627600" k4="0.000000" periodicity1="1" periodicity2="2" periodicity3="3" periodicity4="4" phase1="0.00" phase2="3.141592653589793" phase3="0.00" phase4="3.141592653589793"/>
<Proper class1="H_60" class2="C_55" class3="C_58" class4="C_57" k1="0.000000" k2="0.000000" k3="0.627600" k4="0.000000" periodicity1="1" periodicity2="2" periodicity3="3" periodicity4="4" phase1="0.00" phase2="3.141592653589793" phase3="0.00" phase4="3.141592653589793"/>
<Proper class1="H_60" class2="C_55" class3="C_58" class4="H_60" k1="0.000000" k2="0.000000" k3="0.627600" k4="0.000000" periodicity1="1" periodicity2="2" periodicity3="3" periodicity4="4" phase1="0.00" phase2="3.141592653589793" phase3="0.00" phase4="3.141592653589793"/>
<Proper class1="H_60" class2="C_56" class3="C_59" class4="C_56" k1="0.000000" k2="0.000000" k3="0.627600" k4="0.000000" periodicity1="1" periodicity2="2" periodicity3="3" periodicity4="4" phase1="0.00" phase2="3.141592653589793" phase3="0.00" phase4="3.141592653589793"/>
<Proper class1="H_60" class2="C_56" class3="C_59" class4="C_57" k1="0.000000" k2="0.000000" k3="0.627600" k4="0.000000" periodicity1="1" periodicity2="2" periodicity3="3" periodicity4="4" phase1="0.00" phase2="3.141592653589793" phase3="0.00" phase4="3.141592653589793"/>
<Proper class1="H_60" class2="C_57" class3="C_58" class4="C_55" k1="0.000000" k2="0.000000" k3="0.627600" k4="0.000000" periodicity1="1" periodicity2="2" periodicity3="3" periodicity4="4" phase1="0.00" phase2="3.141592653589793" phase3="0.00" phase4="3.141592653589793"/>
<Proper class1="H_60" class2="C_57" class3="C_58" class4="H_60" k1="0.000000" k2="0.000000" k3="0.627600" k4="0.000000" periodicity1="1" periodicity2="2" periodicity3="3" periodicity4="4" phase1="0.00" phase2="3.141592653589793" phase3="0.00" phase4="3.141592653589793"/>
<Proper class1="H_60" class2="C_58" class3="C_57" class4="C_59" k1="0.000000" k2="0.000000" k3="0.627600" k4="0.000000" periodicity1="1" periodicity2="2" periodicity3="3" periodicity4="4" phase1="0.00" phase2="3.141592653589793" phase3="0.00" phase4="3.141592653589793"/>
</PeriodicTorsionForce>
<NonbondedForce coulomb14scale="0.5" lj14scale="0.5">
<Atom type="opls_60" charge="0.060000" sigma="0.250000" epsilon="0.117152" />
<Atom type="opls_59" charge="0.000000" sigma="0.350000" epsilon="0.276144" />
<Atom type="opls_58" charge="-0.060000" sigma="0.350000" epsilon="0.276144" />
<Atom type="opls_57" charge="-0.120000" sigma="0.351000" epsilon="0.276144" />
<Atom type="opls_55" charge="-0.180000" sigma="0.341000" epsilon="0.276144" />
<Atom type="opls_56" charge="-0.180000" sigma="0.334000" epsilon="0.276144" />
</NonbondedForce>
</ForceField>
