<ForceField>
<AtomTypes>
<Type name="opls_270" class="H270" element="H" mass="1.008000" />
<Type name="opls_267" class="C267" element="C" mass="12.011000" />
<Type name="opls_965" class="F965" element="F" mass="18.998403" />
<Type name="opls_268" class="O268" element="O" mass="15.999000" />
<Type name="opls_961" class="C961" element="C" mass="12.011000" />
<Type name="opls_269" class="O269" element="O" mass="15.999000" />
</AtomTypes>
<Residues>
<Residue name="NEU">
<Atom name="C00" type="opls_267" />
<Atom name="O01" type="opls_269" />
<Atom name="O02" type="opls_268" />
<Atom name="C03" type="opls_961" />
<Atom name="H04" type="opls_270" />
<Atom name="F05" type="opls_965" />
<Atom name="F06" type="opls_965" />
<Atom name="F07" type="opls_965" />
<Bond from="0" to="1"/>
<Bond from="0" to="2"/>
<Bond from="0" to="3"/>
<Bond from="2" to="4"/>
<Bond from="3" to="5"/>
<Bond from="3" to="6"/>
<Bond from="3" to="7"/>
</Residue>
</Residues>
<HarmonicBondForce>
<Bond class1="O269" class2="C267" length="0.122900" k="476976.000000"/>
<Bond class1="O268" class2="C267" length="0.136400" k="376560.000000"/>
<Bond class1="C961" class2="C267" length="0.067000" k="767630.112000"/>
<Bond class1="H270" class2="O268" length="0.094500" k="462750.400000"/>
<Bond class1="F965" class2="C961" length="0.133200" k="307105.600000"/>
<Bond class1="F965" class2="C961" length="0.133200" k="307105.600000"/>
<Bond class1="F965" class2="C961" length="0.133200" k="307105.600000"/>
</HarmonicBondForce>
<HarmonicAngleForce>
<Angle class1="O269" class2="C267" class3="O268" angle="2.111848" k="669.440000"/>
<Angle class1="O269" class2="C267" class3="C961" angle="2.046049" k="568.438240"/>
<Angle class1="C267" class2="O268" class3="H270" angle="1.972222" k="292.880000"/>
<Angle class1="C267" class2="C961" class3="F965" angle="1.923353" k="492.373120"/>
<Angle class1="O268" class2="C267" class3="C961" angle="2.046049" k="568.438240"/>
<Angle class1="F965" class2="C961" class3="F965" angle="1.904154" k="644.336000"/>
</HarmonicAngleForce>
<PeriodicTorsionForce>
<Proper class1="F965" class2="C961" class3="C267" class4="O268" k1="0.000000" k2="0.000000" k3="1.129680" k4="0.000000" periodicity1="1" periodicity2="2" periodicity3="3" periodicity4="4" phase1="0.00" phase2="3.141592653589793" phase3="0.00" phase4="3.141592653589793"/>
<Proper class1="F965" class2="C961" class3="C267" class4="O269" k1="0.000000" k2="0.000000" k3="0.000000" k4="0.000000" periodicity1="1" periodicity2="2" periodicity3="3" periodicity4="4" phase1="0.00" phase2="3.141592653589793" phase3="0.00" phase4="3.141592653589793"/>
<Proper class1="H270" class2="O268" class3="C267" class4="C961" k1="3.138000" k2="11.506000" k3="0.000000" k4="0.000000" periodicity1="1" periodicity2="2" periodicity3="3" periodicity4="4" phase1="0.00" phase2="3.141592653589793" phase3="0.00" phase4="3.141592653589793"/>
<Proper class1="H270" class2="O268" class3="C267" class4="O269" k1="0.000000" k2="11.506000" k3="0.000000" k4="0.000000" periodicity1="1" periodicity2="2" periodicity3="3" periodicity4="4" phase1="0.00" phase2="3.141592653589793" phase3="0.00" phase4="3.141592653589793"/>
<Improper class1="C267" class2="O269" class3="O268" class4="C961" k1="0.000000" k2="43.932000" k3="0.000000" k4="0.000000" periodicity1="1" periodicity2="2" periodicity3="3" periodicity4="4" phase1="0.00" phase2="3.141592653589793" phase3="0.00" phase4="3.141592653589793"/>
</PeriodicTorsionForce>
<NonbondedForce coulomb14scale="0.5" lj14scale="0.5">
<Atom type="opls_267" charge="0.520000" sigma="0.375000" epsilon="0.439320" />
<Atom type="opls_269" charge="-0.440000" sigma="0.296000" epsilon="0.878640" />
<Atom type="opls_965" charge="-0.120000" sigma="0.295000" epsilon="0.221752" />
<Atom type="opls_268" charge="-0.530000" sigma="0.300000" epsilon="0.711280" />
<Atom type="opls_961" charge="0.360000" sigma="0.350000" epsilon="0.276144" />
<Atom type="opls_270" charge="0.450000" sigma="0.000000" epsilon="0.000000" />
</NonbondedForce>
</ForceField>
