<ForceField>
<AtomTypes>
<Type name="opls_135" class="C135" element="C" mass="12.011000" />
<Type name="opls_140" class="H140" element="H" mass="1.008000" />
<Type name="opls_236" class="O236" element="O" mass="15.999000" />
<Type name="opls_237" class="N237" element="N" mass="14.007000" />
<Type name="opls_235" class="C235" element="C" mass="12.011000" />
<Type name="opls_240" class="H240" element="H" mass="1.008000" />
</AtomTypes>
<Residues>
<Residue name="NEU">
<Atom name="C00" type="opls_235" />
<Atom name="O01" type="opls_236" />
<Atom name="N02" type="opls_237" />
<Atom name="C03" type="opls_135" />
<Atom name="H04" type="opls_240" />
<Atom name="H05" type="opls_240" />
<Atom name="H06" type="opls_140" />
<Atom name="H07" type="opls_140" />
<Atom name="H08" type="opls_140" />
<Bond from="0" to="1"/>
<Bond from="0" to="2"/>
<Bond from="0" to="3"/>
<Bond from="2" to="4"/>
<Bond from="2" to="5"/>
<Bond from="3" to="6"/>
<Bond from="3" to="7"/>
<Bond from="3" to="8"/>
</Residue>
</Residues>
<HarmonicBondForce>
<Bond class1="O236" class2="C235" length="0.122900" k="476976.000000"/>
<Bond class1="N237" class2="C235" length="0.133500" k="410032.000000"/>
<Bond class1="C135" class2="C235" length="0.152200" k="265265.600000"/>
<Bond class1="H240" class2="N237" length="0.101000" k="363171.200000"/>
<Bond class1="H240" class2="N237" length="0.101000" k="363171.200000"/>
<Bond class1="H140" class2="C135" length="0.109000" k="284512.000000"/>
<Bond class1="H140" class2="C135" length="0.109000" k="284512.000000"/>
<Bond class1="H140" class2="C135" length="0.109000" k="284512.000000"/>
</HarmonicBondForce>
<HarmonicAngleForce>
<Angle class1="O236" class2="C235" class3="N237" angle="2.145010" k="669.440000"/>
<Angle class1="O236" class2="C235" class3="C135" angle="2.101376" k="669.440000"/>
<Angle class1="C235" class2="N237" class3="H240" angle="2.090904" k="292.880000"/>
<Angle class1="C235" class2="C135" class3="H140" angle="1.911136" k="292.880000"/>
<Angle class1="H140" class2="C135" class3="H140" angle="1.881465" k="276.144000"/>
<Angle class1="N237" class2="C235" class3="C135" angle="2.035054" k="585.760000"/>
<Angle class1="H240" class2="N237" class3="H240" angle="2.094395" k="292.880000"/>
</HarmonicAngleForce>
<PeriodicTorsionForce>
<Proper class1="H140" class2="C135" class3="C235" class4="N237" k1="0.000000" k2="0.000000" k3="0.000000" k4="0.000000" periodicity1="1" periodicity2="2" periodicity3="3" periodicity4="4" phase1="0.00" phase2="3.141592653589793" phase3="0.00" phase4="3.141592653589793"/>
<Proper class1="H140" class2="C135" class3="C235" class4="O236" k1="0.000000" k2="0.000000" k3="0.000000" k4="0.000000" periodicity1="1" periodicity2="2" periodicity3="3" periodicity4="4" phase1="0.00" phase2="3.141592653589793" phase3="0.00" phase4="3.141592653589793"/>
<Proper class1="H240" class2="N237" class3="C235" class4="C135" k1="0.000000" k2="10.250800" k3="0.000000" k4="0.000000" periodicity1="1" periodicity2="2" periodicity3="3" periodicity4="4" phase1="0.00" phase2="3.141592653589793" phase3="0.00" phase4="3.141592653589793"/>
<Proper class1="H240" class2="N237" class3="C235" class4="O236" k1="0.000000" k2="10.250800" k3="0.000000" k4="0.000000" periodicity1="1" periodicity2="2" periodicity3="3" periodicity4="4" phase1="0.00" phase2="3.141592653589793" phase3="0.00" phase4="3.141592653589793"/>
<Improper class1="C235" class2="O236" class3="N237" class4="C135" k1="0.000000" k2="43.932000" k3="0.000000" k4="0.000000" periodicity1="1" periodicity2="2" periodicity3="3" periodicity4="4" phase1="0.00" phase2="3.141592653589793" phase3="0.00" phase4="3.141592653589793"/>
</PeriodicTorsionForce>
<NonbondedForce coulomb14scale="0.5" lj14scale="0.5">
<Atom type="opls_235" charge="0.500000" sigma="0.375000" epsilon="0.439320" />
<Atom type="opls_236" charge="-0.500000" sigma="0.296000" epsilon="0.878640" />
<Atom type="opls_240" charge="0.380000" sigma="0.000000" epsilon="0.000000" />
<Atom type="opls_135" charge="-0.180000" sigma="0.350000" epsilon="0.276144" />
<Atom type="opls_140" charge="0.060000" sigma="0.250000" epsilon="0.125520" />
<Atom type="opls_237" charge="-0.760000" sigma="0.325000" epsilon="0.711280" />
</NonbondedForce>
</ForceField>
