<ForceField>
<AtomTypes>
<Type name="opls_194" class="H194" element="H" mass="1.008000" />
<Type name="opls_154" class="O154" element="O" mass="15.999000" />
<Type name="opls_170" class="H170" element="H" mass="1.008000" />
<Type name="opls_140" class="H140" element="H" mass="1.008000" />
<Type name="opls_169" class="O169" element="O" mass="15.999000" />
<Type name="opls_155" class="H155" element="H" mass="1.008000" />
<Type name="opls_174" class="C174" element="C" mass="12.011000" />
<Type name="opls_185" class="H185" element="H" mass="1.008000" />
<Type name="opls_186" class="O186" element="O" mass="15.999000" />
<Type name="opls_176" class="H176" element="H" mass="1.008000" />
<Type name="opls_193" class="C193" element="C" mass="12.011000" />
<Type name="opls_183" class="C183" element="C" mass="12.011000" />
<Type name="opls_157" class="C157" element="C" mass="12.011000" />
</AtomTypes>
<Residues>
<Residue name="NEU">
<Atom name="O00" type="opls_186" />
<Atom name="C01" type="opls_183" />
<Atom name="C02" type="opls_193" />
<Atom name="C03" type="opls_183" />
<Atom name="C04" type="opls_174" />
<Atom name="H05" type="opls_185" />
<Atom name="C06" type="opls_157" />
<Atom name="O07" type="opls_186" />
<Atom name="H08" type="opls_185" />
<Atom name="O09" type="opls_154" />
<Atom name="H0A" type="opls_140" />
<Atom name="H0B" type="opls_140" />
<Atom name="H0C" type="opls_155" />
<Atom name="C0D" type="opls_193" />
<Atom name="C0E" type="opls_174" />
<Atom name="O0F" type="opls_186" />
<Atom name="H0G" type="opls_194" />
<Atom name="O0H" type="opls_169" />
<Atom name="H0I" type="opls_176" />
<Atom name="O0J" type="opls_169" />
<Atom name="H0K" type="opls_176" />
<Atom name="H0M" type="opls_170" />
<Atom name="H0N" type="opls_170" />
<Atom name="C0O" type="opls_183" />
<Atom name="C0P" type="opls_183" />
<Atom name="C0Q" type="opls_174" />
<Atom name="H0R" type="opls_185" />
<Atom name="C0S" type="opls_157" />
<Atom name="O0T" type="opls_186" />
<Atom name="H0U" type="opls_185" />
<Atom name="O0V" type="opls_154" />
<Atom name="H0W" type="opls_140" />
<Atom name="H0X" type="opls_140" />
<Atom name="H0Y" type="opls_155" />
<Atom name="C0Z" type="opls_193" />
<Atom name="C10" type="opls_174" />
<Atom name="O11" type="opls_186" />
<Atom name="H12" type="opls_194" />
<Atom name="O13" type="opls_169" />
<Atom name="H14" type="opls_176" />
<Atom name="O15" type="opls_169" />
<Atom name="H16" type="opls_176" />
<Atom name="H17" type="opls_170" />
<Atom name="H18" type="opls_170" />
<Atom name="C19" type="opls_183" />
<Atom name="C1A" type="opls_183" />
<Atom name="C1B" type="opls_174" />
<Atom name="H1C" type="opls_185" />
<Atom name="C1D" type="opls_157" />
<Atom name="O1E" type="opls_186" />
<Atom name="H1F" type="opls_185" />
<Atom name="O1G" type="opls_154" />
<Atom name="H1H" type="opls_140" />
<Atom name="H1I" type="opls_140" />
<Atom name="H1J" type="opls_155" />
<Atom name="C1K" type="opls_193" />
<Atom name="C1M" type="opls_174" />
<Atom name="O1N" type="opls_186" />
<Atom name="H1O" type="opls_194" />
<Atom name="O1P" type="opls_169" />
<Atom name="H1Q" type="opls_176" />
<Atom name="O1R" type="opls_169" />
<Atom name="H1S" type="opls_176" />
<Atom name="H1T" type="opls_170" />
<Atom name="H1U" type="opls_170" />
<Atom name="C1V" type="opls_183" />
<Atom name="C1W" type="opls_183" />
<Atom name="C1X" type="opls_174" />
<Atom name="H1Y" type="opls_185" />
<Atom name="C1Z" type="opls_157" />
<Atom name="O20" type="opls_186" />
<Atom name="H21" type="opls_185" />
<Atom name="O22" type="opls_154" />
<Atom name="H23" type="opls_140" />
<Atom name="H24" type="opls_140" />
<Atom name="H25" type="opls_155" />
<Atom name="C26" type="opls_193" />
<Atom name="C27" type="opls_174" />
<Atom name="O28" type="opls_186" />
<Atom name="H29" type="opls_194" />
<Atom name="O2A" type="opls_169" />
<Atom name="H2B" type="opls_176" />
<Atom name="O2C" type="opls_169" />
<Atom name="H2D" type="opls_176" />
<Atom name="H2E" type="opls_170" />
<Atom name="H2F" type="opls_170" />
<Atom name="C2G" type="opls_183" />
<Atom name="C2H" type="opls_183" />
<Atom name="C2I" type="opls_174" />
<Atom name="H2J" type="opls_185" />
<Atom name="C2K" type="opls_157" />
<Atom name="O2M" type="opls_186" />
<Atom name="H2N" type="opls_185" />
<Atom name="O2O" type="opls_154" />
<Atom name="H2P" type="opls_140" />
<Atom name="H2Q" type="opls_140" />
<Atom name="H2R" type="opls_155" />
<Atom name="C2S" type="opls_193" />
<Atom name="C2T" type="opls_174" />
<Atom name="O2U" type="opls_186" />
<Atom name="H2V" type="opls_194" />
<Atom name="O2W" type="opls_169" />
<Atom name="H2X" type="opls_176" />
<Atom name="O2Y" type="opls_169" />
<Atom name="H2Z" type="opls_176" />
<Atom name="H30" type="opls_170" />
<Atom name="H31" type="opls_170" />
<Atom name="C32" type="opls_183" />
<Atom name="C33" type="opls_183" />
<Atom name="C34" type="opls_174" />
<Atom name="H35" type="opls_185" />
<Atom name="C36" type="opls_157" />
<Atom name="O37" type="opls_186" />
<Atom name="H38" type="opls_185" />
<Atom name="O39" type="opls_154" />
<Atom name="H3A" type="opls_140" />
<Atom name="H3B" type="opls_140" />
<Atom name="H3C" type="opls_155" />
<Atom name="C3D" type="opls_193" />
<Atom name="C3E" type="opls_174" />
<Atom name="O3F" type="opls_186" />
<Atom name="H3G" type="opls_194" />
<Atom name="O3H" type="opls_169" />
<Atom name="H3I" type="opls_176" />
<Atom name="O3J" type="opls_169" />
<Atom name="H3K" type="opls_176" />
<Atom name="H3M" type="opls_170" />
<Atom name="H3N" type="opls_170" />
<Atom name="C3O" type="opls_183" />
<Atom name="C3P" type="opls_183" />
<Atom name="C3Q" type="opls_174" />
<Atom name="H3R" type="opls_185" />
<Atom name="C3S" type="opls_157" />
<Atom name="O3T" type="opls_186" />
<Atom name="H3U" type="opls_185" />
<Atom name="O3V" type="opls_154" />
<Atom name="H3W" type="opls_140" />
<Atom name="H3X" type="opls_140" />
<Atom name="H3Y" type="opls_155" />
<Atom name="C3Z" type="opls_174" />
<Atom name="H40" type="opls_194" />
<Atom name="O41" type="opls_169" />
<Atom name="H42" type="opls_176" />
<Atom name="O43" type="opls_169" />
<Atom name="H44" type="opls_176" />
<Atom name="H45" type="opls_170" />
<Atom name="H46" type="opls_170" />
<Bond from="0" to="1"/>
<Bond from="0" to="2"/>
<Bond from="1" to="3"/>
<Bond from="1" to="4"/>
<Bond from="1" to="5"/>
<Bond from="3" to="6"/>
<Bond from="3" to="7"/>
<Bond from="3" to="8"/>
<Bond from="6" to="9"/>
<Bond from="6" to="10"/>
<Bond from="6" to="11"/>
<Bond from="9" to="12"/>
<Bond from="7" to="13"/>
<Bond from="4" to="14"/>
<Bond from="13" to="15"/>
<Bond from="13" to="16"/>
<Bond from="14" to="17"/>
<Bond from="14" to="18"/>
<Bond from="4" to="19"/>
<Bond from="4" to="20"/>
<Bond from="19" to="21"/>
<Bond from="17" to="22"/>
<Bond from="15" to="23"/>
<Bond from="23" to="24"/>
<Bond from="23" to="25"/>
<Bond from="23" to="26"/>
<Bond from="24" to="27"/>
<Bond from="24" to="28"/>
<Bond from="24" to="29"/>
<Bond from="27" to="30"/>
<Bond from="27" to="31"/>
<Bond from="27" to="32"/>
<Bond from="30" to="33"/>
<Bond from="28" to="34"/>
<Bond from="25" to="35"/>
<Bond from="34" to="36"/>
<Bond from="34" to="37"/>
<Bond from="35" to="38"/>
<Bond from="35" to="39"/>
<Bond from="25" to="40"/>
<Bond from="25" to="41"/>
<Bond from="40" to="42"/>
<Bond from="38" to="43"/>
<Bond from="36" to="44"/>
<Bond from="44" to="45"/>
<Bond from="44" to="46"/>
<Bond from="44" to="47"/>
<Bond from="45" to="48"/>
<Bond from="45" to="49"/>
<Bond from="45" to="50"/>
<Bond from="48" to="51"/>
<Bond from="48" to="52"/>
<Bond from="48" to="53"/>
<Bond from="51" to="54"/>
<Bond from="49" to="55"/>
<Bond from="46" to="56"/>
<Bond from="55" to="57"/>
<Bond from="55" to="58"/>
<Bond from="56" to="59"/>
<Bond from="56" to="60"/>
<Bond from="46" to="61"/>
<Bond from="46" to="62"/>
<Bond from="61" to="63"/>
<Bond from="59" to="64"/>
<Bond from="57" to="65"/>
<Bond from="65" to="66"/>
<Bond from="65" to="67"/>
<Bond from="65" to="68"/>
<Bond from="66" to="69"/>
<Bond from="66" to="70"/>
<Bond from="66" to="71"/>
<Bond from="69" to="72"/>
<Bond from="69" to="73"/>
<Bond from="69" to="74"/>
<Bond from="72" to="75"/>
<Bond from="70" to="76"/>
<Bond from="67" to="77"/>
<Bond from="76" to="78"/>
<Bond from="76" to="79"/>
<Bond from="77" to="80"/>
<Bond from="77" to="81"/>
<Bond from="67" to="82"/>
<Bond from="67" to="83"/>
<Bond from="82" to="84"/>
<Bond from="80" to="85"/>
<Bond from="78" to="86"/>
<Bond from="86" to="87"/>
<Bond from="86" to="88"/>
<Bond from="86" to="89"/>
<Bond from="87" to="90"/>
<Bond from="87" to="91"/>
<Bond from="87" to="92"/>
<Bond from="90" to="93"/>
<Bond from="90" to="94"/>
<Bond from="90" to="95"/>
<Bond from="93" to="96"/>
<Bond from="91" to="97"/>
<Bond from="88" to="98"/>
<Bond from="97" to="99"/>
<Bond from="97" to="100"/>
<Bond from="98" to="101"/>
<Bond from="98" to="102"/>
<Bond from="88" to="103"/>
<Bond from="88" to="104"/>
<Bond from="103" to="105"/>
<Bond from="101" to="106"/>
<Bond from="99" to="107"/>
<Bond from="107" to="108"/>
<Bond from="107" to="109"/>
<Bond from="107" to="110"/>
<Bond from="108" to="111"/>
<Bond from="108" to="112"/>
<Bond from="108" to="113"/>
<Bond from="111" to="114"/>
<Bond from="111" to="115"/>
<Bond from="111" to="116"/>
<Bond from="114" to="117"/>
<Bond from="112" to="118"/>
<Bond from="109" to="119"/>
<Bond from="118" to="120"/>
<Bond from="118" to="121"/>
<Bond from="119" to="122"/>
<Bond from="119" to="123"/>
<Bond from="109" to="124"/>
<Bond from="109" to="125"/>
<Bond from="124" to="126"/>
<Bond from="122" to="127"/>
<Bond from="120" to="128"/>
<Bond from="128" to="129"/>
<Bond from="128" to="130"/>
<Bond from="128" to="131"/>
<Bond from="129" to="132"/>
<Bond from="2" to="133"/>
<Bond from="129" to="134"/>
<Bond from="132" to="135"/>
<Bond from="132" to="136"/>
<Bond from="132" to="137"/>
<Bond from="135" to="138"/>
<Bond from="2" to="139"/>
<Bond from="2" to="140"/>
<Bond from="139" to="141"/>
<Bond from="139" to="142"/>
<Bond from="130" to="143"/>
<Bond from="130" to="144"/>
<Bond from="143" to="145"/>
<Bond from="141" to="146"/>
<Bond from="13" to="14"/>
<Bond from="34" to="35"/>
<Bond from="55" to="56"/>
<Bond from="76" to="77"/>
<Bond from="97" to="98"/>
<Bond from="118" to="119"/>
<Bond from="129" to="133"/>
<Bond from="130" to="139"/>
</Residue>
</Residues>
<HarmonicBondForce>
<Bond class1="C183" class2="O186" length="0.141000" k="267776.000000"/>
<Bond class1="C193" class2="O186" length="0.138000" k="267776.000000"/>
<Bond class1="C183" class2="C183" length="0.152900" k="224262.400000"/>
<Bond class1="C174" class2="C183" length="0.152900" k="224262.400000"/>
<Bond class1="H185" class2="C183" length="0.109000" k="284512.000000"/>
<Bond class1="C157" class2="C183" length="0.152900" k="224262.400000"/>
<Bond class1="O186" class2="C183" length="0.141000" k="267776.000000"/>
<Bond class1="H185" class2="C183" length="0.109000" k="284512.000000"/>
<Bond class1="O154" class2="C157" length="0.141000" k="267776.000000"/>
<Bond class1="H140" class2="C157" length="0.109000" k="284512.000000"/>
<Bond class1="H140" class2="C157" length="0.109000" k="284512.000000"/>
<Bond class1="H155" class2="O154" length="0.094500" k="462750.400000"/>
<Bond class1="C193" class2="O186" length="0.138000" k="267776.000000"/>
<Bond class1="C174" class2="C174" length="0.152900" k="224262.400000"/>
<Bond class1="O186" class2="C193" length="0.138000" k="267776.000000"/>
<Bond class1="H194" class2="C193" length="0.109000" k="284512.000000"/>
<Bond class1="O169" class2="C174" length="0.141000" k="267776.000000"/>
<Bond class1="H176" class2="C174" length="0.109000" k="284512.000000"/>
<Bond class1="O169" class2="C174" length="0.141000" k="267776.000000"/>
<Bond class1="H176" class2="C174" length="0.109000" k="284512.000000"/>
<Bond class1="H170" class2="O169" length="0.094500" k="462750.400000"/>
<Bond class1="H170" class2="O169" length="0.094500" k="462750.400000"/>
<Bond class1="C183" class2="O186" length="0.141000" k="267776.000000"/>
<Bond class1="C183" class2="C183" length="0.152900" k="224262.400000"/>
<Bond class1="C174" class2="C183" length="0.152900" k="224262.400000"/>
<Bond class1="H185" class2="C183" length="0.109000" k="284512.000000"/>
<Bond class1="C157" class2="C183" length="0.152900" k="224262.400000"/>
<Bond class1="O186" class2="C183" length="0.141000" k="267776.000000"/>
<Bond class1="H185" class2="C183" length="0.109000" k="284512.000000"/>
<Bond class1="O154" class2="C157" length="0.141000" k="267776.000000"/>
<Bond class1="H140" class2="C157" length="0.109000" k="284512.000000"/>
<Bond class1="H140" class2="C157" length="0.109000" k="284512.000000"/>
<Bond class1="H155" class2="O154" length="0.094500" k="462750.400000"/>
<Bond class1="C193" class2="O186" length="0.138000" k="267776.000000"/>
<Bond class1="C174" class2="C174" length="0.152900" k="224262.400000"/>
<Bond class1="O186" class2="C193" length="0.138000" k="267776.000000"/>
<Bond class1="H194" class2="C193" length="0.109000" k="284512.000000"/>
<Bond class1="O169" class2="C174" length="0.141000" k="267776.000000"/>
<Bond class1="H176" class2="C174" length="0.109000" k="284512.000000"/>
<Bond class1="O169" class2="C174" length="0.141000" k="267776.000000"/>
<Bond class1="H176" class2="C174" length="0.109000" k="284512.000000"/>
<Bond class1="H170" class2="O169" length="0.094500" k="462750.400000"/>
<Bond class1="H170" class2="O169" length="0.094500" k="462750.400000"/>
<Bond class1="C183" class2="O186" length="0.141000" k="267776.000000"/>
<Bond class1="C183" class2="C183" length="0.152900" k="224262.400000"/>
<Bond class1="C174" class2="C183" length="0.152900" k="224262.400000"/>
<Bond class1="H185" class2="C183" length="0.109000" k="284512.000000"/>
<Bond class1="C157" class2="C183" length="0.152900" k="224262.400000"/>
<Bond class1="O186" class2="C183" length="0.141000" k="267776.000000"/>
<Bond class1="H185" class2="C183" length="0.109000" k="284512.000000"/>
<Bond class1="O154" class2="C157" length="0.141000" k="267776.000000"/>
<Bond class1="H140" class2="C157" length="0.109000" k="284512.000000"/>
<Bond class1="H140" class2="C157" length="0.109000" k="284512.000000"/>
<Bond class1="H155" class2="O154" length="0.094500" k="462750.400000"/>
<Bond class1="C193" class2="O186" length="0.138000" k="267776.000000"/>
<Bond class1="C174" class2="C174" length="0.152900" k="224262.400000"/>
<Bond class1="O186" class2="C193" length="0.138000" k="267776.000000"/>
<Bond class1="H194" class2="C193" length="0.109000" k="284512.000000"/>
<Bond class1="O169" class2="C174" length="0.141000" k="267776.000000"/>
<Bond class1="H176" class2="C174" length="0.109000" k="284512.000000"/>
<Bond class1="O169" class2="C174" length="0.141000" k="267776.000000"/>
<Bond class1="H176" class2="C174" length="0.109000" k="284512.000000"/>
<Bond class1="H170" class2="O169" length="0.094500" k="462750.400000"/>
<Bond class1="H170" class2="O169" length="0.094500" k="462750.400000"/>
<Bond class1="C183" class2="O186" length="0.141000" k="267776.000000"/>
<Bond class1="C183" class2="C183" length="0.152900" k="224262.400000"/>
<Bond class1="C174" class2="C183" length="0.152900" k="224262.400000"/>
<Bond class1="H185" class2="C183" length="0.109000" k="284512.000000"/>
<Bond class1="C157" class2="C183" length="0.152900" k="224262.400000"/>
<Bond class1="O186" class2="C183" length="0.141000" k="267776.000000"/>
<Bond class1="H185" class2="C183" length="0.109000" k="284512.000000"/>
<Bond class1="O154" class2="C157" length="0.141000" k="267776.000000"/>
<Bond class1="H140" class2="C157" length="0.109000" k="284512.000000"/>
<Bond class1="H140" class2="C157" length="0.109000" k="284512.000000"/>
<Bond class1="H155" class2="O154" length="0.094500" k="462750.400000"/>
<Bond class1="C193" class2="O186" length="0.138000" k="267776.000000"/>
<Bond class1="C174" class2="C174" length="0.152900" k="224262.400000"/>
<Bond class1="O186" class2="C193" length="0.138000" k="267776.000000"/>
<Bond class1="H194" class2="C193" length="0.109000" k="284512.000000"/>
<Bond class1="O169" class2="C174" length="0.141000" k="267776.000000"/>
<Bond class1="H176" class2="C174" length="0.109000" k="284512.000000"/>
<Bond class1="O169" class2="C174" length="0.141000" k="267776.000000"/>
<Bond class1="H176" class2="C174" length="0.109000" k="284512.000000"/>
<Bond class1="H170" class2="O169" length="0.094500" k="462750.400000"/>
<Bond class1="H170" class2="O169" length="0.094500" k="462750.400000"/>
<Bond class1="C183" class2="O186" length="0.141000" k="267776.000000"/>
<Bond class1="C183" class2="C183" length="0.152900" k="224262.400000"/>
<Bond class1="C174" class2="C183" length="0.152900" k="224262.400000"/>
<Bond class1="H185" class2="C183" length="0.109000" k="284512.000000"/>
<Bond class1="C157" class2="C183" length="0.152900" k="224262.400000"/>
<Bond class1="O186" class2="C183" length="0.141000" k="267776.000000"/>
<Bond class1="H185" class2="C183" length="0.109000" k="284512.000000"/>
<Bond class1="O154" class2="C157" length="0.141000" k="267776.000000"/>
<Bond class1="H140" class2="C157" length="0.109000" k="284512.000000"/>
<Bond class1="H140" class2="C157" length="0.109000" k="284512.000000"/>
<Bond class1="H155" class2="O154" length="0.094500" k="462750.400000"/>
<Bond class1="C193" class2="O186" length="0.138000" k="267776.000000"/>
<Bond class1="C174" class2="C174" length="0.152900" k="224262.400000"/>
<Bond class1="O186" class2="C193" length="0.138000" k="267776.000000"/>
<Bond class1="H194" class2="C193" length="0.109000" k="284512.000000"/>
<Bond class1="O169" class2="C174" length="0.141000" k="267776.000000"/>
<Bond class1="H176" class2="C174" length="0.109000" k="284512.000000"/>
<Bond class1="O169" class2="C174" length="0.141000" k="267776.000000"/>
<Bond class1="H176" class2="C174" length="0.109000" k="284512.000000"/>
<Bond class1="H170" class2="O169" length="0.094500" k="462750.400000"/>
<Bond class1="H170" class2="O169" length="0.094500" k="462750.400000"/>
<Bond class1="C183" class2="O186" length="0.141000" k="267776.000000"/>
<Bond class1="C183" class2="C183" length="0.152900" k="224262.400000"/>
<Bond class1="C174" class2="C183" length="0.152900" k="224262.400000"/>
<Bond class1="H185" class2="C183" length="0.109000" k="284512.000000"/>
<Bond class1="C157" class2="C183" length="0.152900" k="224262.400000"/>
<Bond class1="O186" class2="C183" length="0.141000" k="267776.000000"/>
<Bond class1="H185" class2="C183" length="0.109000" k="284512.000000"/>
<Bond class1="O154" class2="C157" length="0.141000" k="267776.000000"/>
<Bond class1="H140" class2="C157" length="0.109000" k="284512.000000"/>
<Bond class1="H140" class2="C157" length="0.109000" k="284512.000000"/>
<Bond class1="H155" class2="O154" length="0.094500" k="462750.400000"/>
<Bond class1="C193" class2="O186" length="0.138000" k="267776.000000"/>
<Bond class1="C174" class2="C174" length="0.152900" k="224262.400000"/>
<Bond class1="O186" class2="C193" length="0.138000" k="267776.000000"/>
<Bond class1="H194" class2="C193" length="0.109000" k="284512.000000"/>
<Bond class1="O169" class2="C174" length="0.141000" k="267776.000000"/>
<Bond class1="H176" class2="C174" length="0.109000" k="284512.000000"/>
<Bond class1="O169" class2="C174" length="0.141000" k="267776.000000"/>
<Bond class1="H176" class2="C174" length="0.109000" k="284512.000000"/>
<Bond class1="H170" class2="O169" length="0.094500" k="462750.400000"/>
<Bond class1="H170" class2="O169" length="0.094500" k="462750.400000"/>
<Bond class1="C183" class2="O186" length="0.141000" k="267776.000000"/>
<Bond class1="C183" class2="C183" length="0.152900" k="224262.400000"/>
<Bond class1="C174" class2="C183" length="0.152900" k="224262.400000"/>
<Bond class1="H185" class2="C183" length="0.109000" k="284512.000000"/>
<Bond class1="C157" class2="C183" length="0.152900" k="224262.400000"/>
<Bond class1="O186" class2="C193" length="0.138000" k="267776.000000"/>
<Bond class1="H185" class2="C183" length="0.109000" k="284512.000000"/>
<Bond class1="O154" class2="C157" length="0.141000" k="267776.000000"/>
<Bond class1="H140" class2="C157" length="0.109000" k="284512.000000"/>
<Bond class1="H140" class2="C157" length="0.109000" k="284512.000000"/>
<Bond class1="H155" class2="O154" length="0.094500" k="462750.400000"/>
<Bond class1="C174" class2="C193" length="0.152900" k="224262.400000"/>
<Bond class1="H194" class2="C193" length="0.109000" k="284512.000000"/>
<Bond class1="O169" class2="C174" length="0.141000" k="267776.000000"/>
<Bond class1="H176" class2="C174" length="0.109000" k="284512.000000"/>
<Bond class1="O169" class2="C174" length="0.141000" k="267776.000000"/>
<Bond class1="H176" class2="C174" length="0.109000" k="284512.000000"/>
<Bond class1="H170" class2="O169" length="0.094500" k="462750.400000"/>
<Bond class1="H170" class2="O169" length="0.094500" k="462750.400000"/>
<Bond class1="C174" class2="C193" length="0.152900" k="224262.400000"/>
<Bond class1="C174" class2="C193" length="0.152900" k="224262.400000"/>
<Bond class1="C174" class2="C193" length="0.152900" k="224262.400000"/>
<Bond class1="C174" class2="C193" length="0.152900" k="224262.400000"/>
<Bond class1="C174" class2="C193" length="0.152900" k="224262.400000"/>
<Bond class1="C174" class2="C193" length="0.152900" k="224262.400000"/>
<Bond class1="O186" class2="C183" length="0.141000" k="267776.000000"/>
<Bond class1="C174" class2="C174" length="0.152900" k="224262.400000"/>
</HarmonicBondForce>
<HarmonicAngleForce>
<Angle class1="C183" class2="O186" class3="C193" angle="1.911136" k="502.080000"/>
<Angle class1="O186" class2="C183" class3="C183" angle="1.911136" k="418.400000"/>
<Angle class1="O186" class2="C183" class3="C174" angle="1.911136" k="418.400000"/>
<Angle class1="O186" class2="C183" class3="H185" angle="1.911136" k="292.880000"/>
<Angle class1="C183" class2="C183" class3="C157" angle="1.966986" k="488.272800"/>
<Angle class1="C183" class2="C183" class3="O186" angle="1.911136" k="418.400000"/>
<Angle class1="C183" class2="C183" class3="H185" angle="1.932079" k="313.800000"/>
<Angle class1="C183" class2="C157" class3="O154" angle="1.911136" k="418.400000"/>
<Angle class1="C183" class2="C157" class3="H140" angle="1.932079" k="313.800000"/>
<Angle class1="C157" class2="O154" class3="H155" angle="1.893682" k="460.240000"/>
<Angle class1="C183" class2="C174" class3="C174" angle="1.966986" k="488.272800"/>
<Angle class1="O186" class2="C193" class3="O186" angle="1.946915" k="774.876800"/>
<Angle class1="O186" class2="C193" class3="H194" angle="1.911136" k="292.880000"/>
<Angle class1="C174" class2="C174" class3="O169" angle="1.911136" k="418.400000"/>
<Angle class1="C174" class2="C174" class3="H176" angle="1.932079" k="313.800000"/>
<Angle class1="C183" class2="C174" class3="O169" angle="1.911136" k="418.400000"/>
<Angle class1="C183" class2="C174" class3="H176" angle="1.932079" k="313.800000"/>
<Angle class1="C174" class2="O169" class3="H170" angle="1.893682" k="460.240000"/>
<Angle class1="C193" class2="O186" class3="C183" angle="1.911136" k="502.080000"/>
<Angle class1="O186" class2="C193" class3="C174" angle="1.911136" k="418.400000"/>
<Angle class1="C193" class2="C174" class3="O169" angle="1.911136" k="418.400000"/>
<Angle class1="C193" class2="C174" class3="H176" angle="1.932079" k="313.800000"/>
<Angle class1="C157" class2="C183" class3="O186" angle="1.911136" k="418.400000"/>
<Angle class1="C183" class2="C183" class3="C174" angle="1.966986" k="488.272800"/>
<Angle class1="C174" class2="C193" class3="H194" angle="1.932079" k="313.800000"/>
<Angle class1="O169" class2="C174" class3="H176" angle="1.911136" k="292.880000"/>
<Angle class1="C174" class2="C183" class3="H185" angle="1.932079" k="313.800000"/>
<Angle class1="O154" class2="C157" class3="H140" angle="1.911136" k="292.880000"/>
<Angle class1="C157" class2="C183" class3="H185" angle="1.932079" k="313.800000"/>
<Angle class1="C174" class2="C193" class3="O186" angle="1.911136" k="418.400000"/>
<Angle class1="C174" class2="C174" class3="C193" angle="1.966986" k="488.272800"/>
<Angle class1="H140" class2="C157" class3="H140" angle="1.881465" k="276.144000"/>
<Angle class1="C193" class2="C174" class3="C174" angle="1.966986" k="488.272800"/>
</HarmonicAngleForce>
<PeriodicTorsionForce>
<Proper class1="C157" class2="C183" class3="C183" class4="C174" k1="2.719600" k2="-0.418400" k3="0.418400" k4="0.000000" periodicity1="1" periodicity2="2" periodicity3="3" periodicity4="4" phase1="0.00" phase2="3.141592653589793" phase3="0.00" phase4="3.141592653589793"/>
<Proper class1="C157" class2="C183" class3="C183" class4="H185" k1="0.000000" k2="0.000000" k3="0.627600" k4="0.000000" periodicity1="1" periodicity2="2" periodicity3="3" periodicity4="4" phase1="0.00" phase2="3.141592653589793" phase3="0.00" phase4="3.141592653589793"/>
<Proper class1="C157" class2="C183" class3="C183" class4="O186" k1="3.579412" k2="-1.046000" k3="1.386996" k4="0.000000" periodicity1="1" periodicity2="2" periodicity3="3" periodicity4="4" phase1="0.00" phase2="3.141592653589793" phase3="0.00" phase4="3.141592653589793"/>
<Proper class1="C157" class2="C183" class3="O186" class4="C193" k1="1.359800" k2="-0.523000" k3="1.401640" k4="0.000000" periodicity1="1" periodicity2="2" periodicity3="3" periodicity4="4" phase1="0.00" phase2="3.141592653589793" phase3="0.00" phase4="3.141592653589793"/>
<Proper class1="C174" class2="C174" class3="C183" class4="C183" k1="2.719600" k2="-0.418400" k3="0.418400" k4="0.000000" periodicity1="1" periodicity2="2" periodicity3="3" periodicity4="4" phase1="0.00" phase2="3.141592653589793" phase3="0.00" phase4="3.141592653589793"/>
<Proper class1="C174" class2="C174" class3="C183" class4="H185" k1="0.000000" k2="0.000000" k3="0.627600" k4="0.000000" periodicity1="1" periodicity2="2" periodicity3="3" periodicity4="4" phase1="0.00" phase2="3.141592653589793" phase3="0.00" phase4="3.141592653589793"/>
<Proper class1="C174" class2="C174" class3="C183" class4="O186" k1="3.579412" k2="-1.046000" k3="1.386996" k4="0.000000" periodicity1="1" periodicity2="2" periodicity3="3" periodicity4="4" phase1="0.00" phase2="3.141592653589793" phase3="0.00" phase4="3.141592653589793"/>
<Proper class1="C174" class2="C174" class3="C193" class4="O186" k1="3.579412" k2="-1.046000" k3="1.386996" k4="0.000000" periodicity1="1" periodicity2="2" periodicity3="3" periodicity4="4" phase1="0.00" phase2="3.141592653589793" phase3="0.00" phase4="3.141592653589793"/>
<Proper class1="C174" class2="C183" class3="O186" class4="C193" k1="1.359800" k2="-0.523000" k3="1.401640" k4="0.000000" periodicity1="1" periodicity2="2" periodicity3="3" periodicity4="4" phase1="0.00" phase2="3.141592653589793" phase3="0.00" phase4="3.141592653589793"/>
<Proper class1="C174" class2="C193" class3="O186" class4="C183" k1="1.359800" k2="-0.523000" k3="1.401640" k4="0.000000" periodicity1="1" periodicity2="2" periodicity3="3" periodicity4="4" phase1="0.00" phase2="3.141592653589793" phase3="0.00" phase4="3.141592653589793"/>
<Proper class1="C183" class2="C174" class3="C174" class4="C193" k1="2.719600" k2="-0.418400" k3="0.418400" k4="0.000000" periodicity1="1" periodicity2="2" periodicity3="3" periodicity4="4" phase1="0.00" phase2="3.141592653589793" phase3="0.00" phase4="3.141592653589793"/>
<Proper class1="C183" class2="C183" class3="O186" class4="C193" k1="1.359800" k2="-0.523000" k3="1.401640" k4="0.000000" periodicity1="1" periodicity2="2" periodicity3="3" periodicity4="4" phase1="0.00" phase2="3.141592653589793" phase3="0.00" phase4="3.141592653589793"/>
<Proper class1="C183" class2="O186" class3="C193" class4="C174" k1="1.359800" k2="-0.523000" k3="1.401640" k4="0.000000" periodicity1="1" periodicity2="2" periodicity3="3" periodicity4="4" phase1="0.00" phase2="3.141592653589793" phase3="0.00" phase4="3.141592653589793"/>
<Proper class1="C183" class2="O186" class3="C193" class4="H194" k1="0.000000" k2="0.000000" k3="1.589920" k4="0.000000" periodicity1="1" periodicity2="2" periodicity3="3" periodicity4="4" phase1="0.00" phase2="3.141592653589793" phase3="0.00" phase4="3.141592653589793"/>
<Proper class1="C183" class2="O186" class3="C193" class4="O186" k1="-0.784500" k2="-2.840936" k3="0.008368" k4="0.000000" periodicity1="1" periodicity2="2" periodicity3="3" periodicity4="4" phase1="0.00" phase2="3.141592653589793" phase3="0.00" phase4="3.141592653589793"/>
<Proper class1="C193" class2="C174" class3="C174" class4="C183" k1="2.719600" k2="-0.418400" k3="0.418400" k4="0.000000" periodicity1="1" periodicity2="2" periodicity3="3" periodicity4="4" phase1="0.00" phase2="3.141592653589793" phase3="0.00" phase4="3.141592653589793"/>
<Proper class1="C193" class2="O186" class3="C183" class4="C157" k1="1.359800" k2="-0.523000" k3="1.401640" k4="0.000000" periodicity1="1" periodicity2="2" periodicity3="3" periodicity4="4" phase1="0.00" phase2="3.141592653589793" phase3="0.00" phase4="3.141592653589793"/>
<Proper class1="C193" class2="O186" class3="C183" class4="C183" k1="1.359800" k2="-0.523000" k3="1.401640" k4="0.000000" periodicity1="1" periodicity2="2" periodicity3="3" periodicity4="4" phase1="0.00" phase2="3.141592653589793" phase3="0.00" phase4="3.141592653589793"/>
<Proper class1="C193" class2="O186" class3="C183" class4="H185" k1="0.000000" k2="0.000000" k3="1.589920" k4="0.000000" periodicity1="1" periodicity2="2" periodicity3="3" periodicity4="4" phase1="0.00" phase2="3.141592653589793" phase3="0.00" phase4="3.141592653589793"/>
<Proper class1="H140" class2="C157" class3="C183" class4="C183" k1="0.000000" k2="0.000000" k3="0.627600" k4="0.000000" periodicity1="1" periodicity2="2" periodicity3="3" periodicity4="4" phase1="0.00" phase2="3.141592653589793" phase3="0.00" phase4="3.141592653589793"/>
<Proper class1="H140" class2="C157" class3="C183" class4="H185" k1="0.000000" k2="0.000000" k3="0.627600" k4="0.000000" periodicity1="1" periodicity2="2" periodicity3="3" periodicity4="4" phase1="0.00" phase2="3.141592653589793" phase3="0.00" phase4="3.141592653589793"/>
<Proper class1="H140" class2="C157" class3="C183" class4="O186" k1="0.000000" k2="0.000000" k3="0.979056" k4="0.000000" periodicity1="1" periodicity2="2" periodicity3="3" periodicity4="4" phase1="0.00" phase2="3.141592653589793" phase3="0.00" phase4="3.141592653589793"/>
<Proper class1="H155" class2="O154" class3="C157" class4="C183" k1="-0.744752" k2="-0.364008" k3="1.029264" k4="0.000000" periodicity1="1" periodicity2="2" periodicity3="3" periodicity4="4" phase1="0.00" phase2="3.141592653589793" phase3="0.00" phase4="3.141592653589793"/>
<Proper class1="H155" class2="O154" class3="C157" class4="H140" k1="0.000000" k2="0.000000" k3="0.736384" k4="0.000000" periodicity1="1" periodicity2="2" periodicity3="3" periodicity4="4" phase1="0.00" phase2="3.141592653589793" phase3="0.00" phase4="3.141592653589793"/>
<Proper class1="H170" class2="O169" class3="C174" class4="C174" k1="-0.744752" k2="-0.364008" k3="1.029264" k4="0.000000" periodicity1="1" periodicity2="2" periodicity3="3" periodicity4="4" phase1="0.00" phase2="3.141592653589793" phase3="0.00" phase4="3.141592653589793"/>
<Proper class1="H170" class2="O169" class3="C174" class4="C183" k1="-0.744752" k2="-0.364008" k3="1.029264" k4="0.000000" periodicity1="1" periodicity2="2" periodicity3="3" periodicity4="4" phase1="0.00" phase2="3.141592653589793" phase3="0.00" phase4="3.141592653589793"/>
<Proper class1="H170" class2="O169" class3="C174" class4="C193" k1="-0.744752" k2="-0.364008" k3="1.029264" k4="0.000000" periodicity1="1" periodicity2="2" periodicity3="3" periodicity4="4" phase1="0.00" phase2="3.141592653589793" phase3="0.00" phase4="3.141592653589793"/>
<Proper class1="H170" class2="O169" class3="C174" class4="H176" k1="0.000000" k2="0.000000" k3="0.736384" k4="0.000000" periodicity1="1" periodicity2="2" periodicity3="3" periodicity4="4" phase1="0.00" phase2="3.141592653589793" phase3="0.00" phase4="3.141592653589793"/>
<Proper class1="H176" class2="C174" class3="C174" class4="C183" k1="0.000000" k2="0.000000" k3="0.627600" k4="0.000000" periodicity1="1" periodicity2="2" periodicity3="3" periodicity4="4" phase1="0.00" phase2="3.141592653589793" phase3="0.00" phase4="3.141592653589793"/>
<Proper class1="H176" class2="C174" class3="C174" class4="C193" k1="0.000000" k2="0.000000" k3="0.627600" k4="0.000000" periodicity1="1" periodicity2="2" periodicity3="3" periodicity4="4" phase1="0.00" phase2="3.141592653589793" phase3="0.00" phase4="3.141592653589793"/>
<Proper class1="H176" class2="C174" class3="C174" class4="H176" k1="0.000000" k2="0.000000" k3="0.627600" k4="0.000000" periodicity1="1" periodicity2="2" periodicity3="3" periodicity4="4" phase1="0.00" phase2="3.141592653589793" phase3="0.00" phase4="3.141592653589793"/>
<Proper class1="H176" class2="C174" class3="C174" class4="O169" k1="0.000000" k2="0.000000" k3="0.979056" k4="0.000000" periodicity1="1" periodicity2="2" periodicity3="3" periodicity4="4" phase1="0.00" phase2="3.141592653589793" phase3="0.00" phase4="3.141592653589793"/>
<Proper class1="H176" class2="C174" class3="C183" class4="C183" k1="0.000000" k2="0.000000" k3="0.627600" k4="0.000000" periodicity1="1" periodicity2="2" periodicity3="3" periodicity4="4" phase1="0.00" phase2="3.141592653589793" phase3="0.00" phase4="3.141592653589793"/>
<Proper class1="H176" class2="C174" class3="C183" class4="H185" k1="0.000000" k2="0.000000" k3="0.627600" k4="0.000000" periodicity1="1" periodicity2="2" periodicity3="3" periodicity4="4" phase1="0.00" phase2="3.141592653589793" phase3="0.00" phase4="3.141592653589793"/>
<Proper class1="H176" class2="C174" class3="C183" class4="O186" k1="0.000000" k2="0.000000" k3="0.979056" k4="0.000000" periodicity1="1" periodicity2="2" periodicity3="3" periodicity4="4" phase1="0.00" phase2="3.141592653589793" phase3="0.00" phase4="3.141592653589793"/>
<Proper class1="H176" class2="C174" class3="C193" class4="H194" k1="0.000000" k2="0.000000" k3="0.627600" k4="0.000000" periodicity1="1" periodicity2="2" periodicity3="3" periodicity4="4" phase1="0.00" phase2="3.141592653589793" phase3="0.00" phase4="3.141592653589793"/>
<Proper class1="H176" class2="C174" class3="C193" class4="O186" k1="0.000000" k2="0.000000" k3="0.979056" k4="0.000000" periodicity1="1" periodicity2="2" periodicity3="3" periodicity4="4" phase1="0.00" phase2="3.141592653589793" phase3="0.00" phase4="3.141592653589793"/>
<Proper class1="H185" class2="C183" class3="C183" class4="C174" k1="0.000000" k2="0.000000" k3="0.627600" k4="0.000000" periodicity1="1" periodicity2="2" periodicity3="3" periodicity4="4" phase1="0.00" phase2="3.141592653589793" phase3="0.00" phase4="3.141592653589793"/>
<Proper class1="H185" class2="C183" class3="C183" class4="H185" k1="0.000000" k2="0.000000" k3="0.627600" k4="0.000000" periodicity1="1" periodicity2="2" periodicity3="3" periodicity4="4" phase1="0.00" phase2="3.141592653589793" phase3="0.00" phase4="3.141592653589793"/>
<Proper class1="H185" class2="C183" class3="C183" class4="O186" k1="0.000000" k2="0.000000" k3="0.979056" k4="0.000000" periodicity1="1" periodicity2="2" periodicity3="3" periodicity4="4" phase1="0.00" phase2="3.141592653589793" phase3="0.00" phase4="3.141592653589793"/>
<Proper class1="H185" class2="C183" class3="O186" class4="C193" k1="0.000000" k2="0.000000" k3="1.589920" k4="0.000000" periodicity1="1" periodicity2="2" periodicity3="3" periodicity4="4" phase1="0.00" phase2="3.141592653589793" phase3="0.00" phase4="3.141592653589793"/>
<Proper class1="H194" class2="C193" class3="C174" class4="C174" k1="0.000000" k2="0.000000" k3="0.627600" k4="0.000000" periodicity1="1" periodicity2="2" periodicity3="3" periodicity4="4" phase1="0.00" phase2="3.141592653589793" phase3="0.00" phase4="3.141592653589793"/>
<Proper class1="H194" class2="C193" class3="O186" class4="C183" k1="0.000000" k2="0.000000" k3="1.589920" k4="0.000000" periodicity1="1" periodicity2="2" periodicity3="3" periodicity4="4" phase1="0.00" phase2="3.141592653589793" phase3="0.00" phase4="3.141592653589793"/>
<Proper class1="O154" class2="C157" class3="C183" class4="C183" k1="-3.246784" k2="0.000000" k3="0.000000" k4="0.000000" periodicity1="1" periodicity2="2" periodicity3="3" periodicity4="4" phase1="0.00" phase2="3.141592653589793" phase3="0.00" phase4="3.141592653589793"/>
<Proper class1="O154" class2="C157" class3="C183" class4="H185" k1="0.000000" k2="0.000000" k3="0.979056" k4="0.000000" periodicity1="1" periodicity2="2" periodicity3="3" periodicity4="4" phase1="0.00" phase2="3.141592653589793" phase3="0.00" phase4="3.141592653589793"/>
<Proper class1="O154" class2="C157" class3="C183" class4="O186" k1="9.035348" k2="0.000000" k3="0.000000" k4="0.000000" periodicity1="1" periodicity2="2" periodicity3="3" periodicity4="4" phase1="0.00" phase2="3.141592653589793" phase3="0.00" phase4="3.141592653589793"/>
<Proper class1="O169" class2="C174" class3="C174" class4="C183" k1="-3.246784" k2="0.000000" k3="0.000000" k4="0.000000" periodicity1="1" periodicity2="2" periodicity3="3" periodicity4="4" phase1="0.00" phase2="3.141592653589793" phase3="0.00" phase4="3.141592653589793"/>
<Proper class1="O169" class2="C174" class3="C174" class4="C193" k1="-3.246784" k2="0.000000" k3="0.000000" k4="0.000000" periodicity1="1" periodicity2="2" periodicity3="3" periodicity4="4" phase1="0.00" phase2="3.141592653589793" phase3="0.00" phase4="3.141592653589793"/>
<Proper class1="O169" class2="C174" class3="C174" class4="H176" k1="0.000000" k2="0.000000" k3="0.979056" k4="0.000000" periodicity1="1" periodicity2="2" periodicity3="3" periodicity4="4" phase1="0.00" phase2="3.141592653589793" phase3="0.00" phase4="3.141592653589793"/>
<Proper class1="O169" class2="C174" class3="C174" class4="O169" k1="19.890736" k2="0.000000" k3="0.000000" k4="0.000000" periodicity1="1" periodicity2="2" periodicity3="3" periodicity4="4" phase1="0.00" phase2="3.141592653589793" phase3="0.00" phase4="3.141592653589793"/>
<Proper class1="O169" class2="C174" class3="C183" class4="C183" k1="-3.246784" k2="0.000000" k3="0.000000" k4="0.000000" periodicity1="1" periodicity2="2" periodicity3="3" periodicity4="4" phase1="0.00" phase2="3.141592653589793" phase3="0.00" phase4="3.141592653589793"/>
<Proper class1="O169" class2="C174" class3="C183" class4="H185" k1="0.000000" k2="0.000000" k3="0.979056" k4="0.000000" periodicity1="1" periodicity2="2" periodicity3="3" periodicity4="4" phase1="0.00" phase2="3.141592653589793" phase3="0.00" phase4="3.141592653589793"/>
<Proper class1="O169" class2="C174" class3="C183" class4="O186" k1="9.035348" k2="0.000000" k3="0.000000" k4="0.000000" periodicity1="1" periodicity2="2" periodicity3="3" periodicity4="4" phase1="0.00" phase2="3.141592653589793" phase3="0.00" phase4="3.141592653589793"/>
<Proper class1="O169" class2="C174" class3="C193" class4="H194" k1="0.000000" k2="0.000000" k3="0.979056" k4="0.000000" periodicity1="1" periodicity2="2" periodicity3="3" periodicity4="4" phase1="0.00" phase2="3.141592653589793" phase3="0.00" phase4="3.141592653589793"/>
<Proper class1="O169" class2="C174" class3="C193" class4="O186" k1="9.035348" k2="0.000000" k3="0.000000" k4="0.000000" periodicity1="1" periodicity2="2" periodicity3="3" periodicity4="4" phase1="0.00" phase2="3.141592653589793" phase3="0.00" phase4="3.141592653589793"/>
<Proper class1="O186" class2="C183" class3="C183" class4="C174" k1="3.579412" k2="-1.046000" k3="1.386996" k4="0.000000" periodicity1="1" periodicity2="2" periodicity3="3" periodicity4="4" phase1="0.00" phase2="3.141592653589793" phase3="0.00" phase4="3.141592653589793"/>
<Proper class1="O186" class2="C183" class3="C183" class4="H185" k1="0.000000" k2="0.000000" k3="0.979056" k4="0.000000" periodicity1="1" periodicity2="2" periodicity3="3" periodicity4="4" phase1="0.00" phase2="3.141592653589793" phase3="0.00" phase4="3.141592653589793"/>
<Proper class1="O186" class2="C183" class3="C183" class4="O186" k1="-1.150600" k2="0.000000" k3="0.000000" k4="0.000000" periodicity1="1" periodicity2="2" periodicity3="3" periodicity4="4" phase1="0.00" phase2="3.141592653589793" phase3="0.00" phase4="3.141592653589793"/>
<Proper class1="O186" class2="C193" class3="C174" class4="C174" k1="3.579412" k2="-1.046000" k3="1.386996" k4="0.000000" periodicity1="1" periodicity2="2" periodicity3="3" periodicity4="4" phase1="0.00" phase2="3.141592653589793" phase3="0.00" phase4="3.141592653589793"/>
<Proper class1="O186" class2="C193" class3="O186" class4="C183" k1="-0.784500" k2="-2.840936" k3="0.008368" k4="0.000000" periodicity1="1" periodicity2="2" periodicity3="3" periodicity4="4" phase1="0.00" phase2="3.141592653589793" phase3="0.00" phase4="3.141592653589793"/>
</PeriodicTorsionForce>
<NonbondedForce coulomb14scale="0.5" lj14scale="0.5">
<Atom type="opls_157" charge="0.145000" sigma="0.350000" epsilon="0.276144" />
<Atom type="opls_170" charge="0.435000" sigma="0.000000" epsilon="0.000000" />
<Atom type="opls_193" charge="0.300000" sigma="0.350000" epsilon="0.276144" />
<Atom type="opls_154" charge="-0.683000" sigma="0.312000" epsilon="0.711280" />
<Atom type="opls_176" charge="0.060000" sigma="0.250000" epsilon="0.125520" />
<Atom type="opls_183" charge="0.170000" sigma="0.350000" epsilon="0.276144" />
<Atom type="opls_155" charge="0.418000" sigma="0.000000" epsilon="0.000000" />
<Atom type="opls_169" charge="-0.700000" sigma="0.307000" epsilon="0.711280" />
<Atom type="opls_140" charge="0.060000" sigma="0.250000" epsilon="0.125520" />
<Atom type="opls_194" charge="0.100000" sigma="0.250000" epsilon="0.125520" />
<Atom type="opls_174" charge="0.205000" sigma="0.350000" epsilon="0.276144" />
<Atom type="opls_186" charge="-0.400000" sigma="0.290000" epsilon="0.585760" />
<Atom type="opls_185" charge="0.030000" sigma="0.250000" epsilon="0.125520" />
</NonbondedForce>
</ForceField>
