<ForceField>
<AtomTypes>
<Type name="opls_200" class="S200" element="S" mass="32.060000" />
<Type name="opls_135" class="C135" element="C" mass="12.011000" />
<Type name="opls_206" class="C206" element="C" mass="12.011000" />
<Type name="opls_140" class="H140" element="H" mass="1.008000" />
<Type name="opls_204" class="H204" element="H" mass="1.008000" />
</AtomTypes>
<Residues>
<Residue name="NEU">
<Atom name="S00" type="opls_200" />
<Atom name="H01" type="opls_204" />
<Atom name="C02" type="opls_206" />
<Atom name="C03" type="opls_135" />
<Atom name="H04" type="opls_140" />
<Atom name="H05" type="opls_140" />
<Atom name="H06" type="opls_140" />
<Atom name="H07" type="opls_140" />
<Atom name="H08" type="opls_140" />
<Bond from="0" to="1"/>
<Bond from="0" to="2"/>
<Bond from="2" to="3"/>
<Bond from="2" to="4"/>
<Bond from="2" to="5"/>
<Bond from="3" to="6"/>
<Bond from="3" to="7"/>
<Bond from="3" to="8"/>
</Residue>
</Residues>
<HarmonicBondForce>
<Bond class1="H204" class2="S200" length="0.133600" k="229283.200000"/>
<Bond class1="C206" class2="S200" length="0.181000" k="185769.600000"/>
<Bond class1="C135" class2="C206" length="0.152900" k="224262.400000"/>
<Bond class1="H140" class2="C206" length="0.109000" k="284512.000000"/>
<Bond class1="H140" class2="C206" length="0.109000" k="284512.000000"/>
<Bond class1="H140" class2="C135" length="0.109000" k="284512.000000"/>
<Bond class1="H140" class2="C135" length="0.109000" k="284512.000000"/>
<Bond class1="H140" class2="C135" length="0.109000" k="284512.000000"/>
</HarmonicBondForce>
<HarmonicAngleForce>
<Angle class1="H204" class2="S200" class3="C206" angle="1.675516" k="368.192000"/>
<Angle class1="S200" class2="C206" class3="C135" angle="1.895428" k="418.400000"/>
<Angle class1="S200" class2="C206" class3="H140" angle="1.911136" k="292.880000"/>
<Angle class1="C206" class2="C135" class3="H140" angle="1.932079" k="313.800000"/>
<Angle class1="H140" class2="C135" class3="H140" angle="1.881465" k="276.144000"/>
<Angle class1="C135" class2="C206" class3="H140" angle="1.932079" k="313.800000"/>
<Angle class1="H140" class2="C206" class3="H140" angle="1.881465" k="276.144000"/>
</HarmonicAngleForce>
<PeriodicTorsionForce>
<Proper class1="C135" class2="C206" class3="S200" class4="H204" k1="-1.587828" k2="-0.589944" k3="1.422560" k4="0.000000" periodicity1="1" periodicity2="2" periodicity3="3" periodicity4="4" phase1="0.00" phase2="3.141592653589793" phase3="0.00" phase4="3.141592653589793"/>
<Proper class1="H140" class2="C135" class3="C206" class4="H140" k1="0.000000" k2="0.000000" k3="0.627600" k4="0.000000" periodicity1="1" periodicity2="2" periodicity3="3" periodicity4="4" phase1="0.00" phase2="3.141592653589793" phase3="0.00" phase4="3.141592653589793"/>
<Proper class1="H140" class2="C135" class3="C206" class4="S200" k1="0.000000" k2="0.000000" k3="0.945584" k4="0.000000" periodicity1="1" periodicity2="2" periodicity3="3" periodicity4="4" phase1="0.00" phase2="3.141592653589793" phase3="0.00" phase4="3.141592653589793"/>
<Proper class1="H140" class2="C206" class3="S200" class4="H204" k1="0.000000" k2="0.000000" k3="1.004160" k4="0.000000" periodicity1="1" periodicity2="2" periodicity3="3" periodicity4="4" phase1="0.00" phase2="3.141592653589793" phase3="0.00" phase4="3.141592653589793"/>
</PeriodicTorsionForce>
<NonbondedForce coulomb14scale="0.5" lj14scale="0.5">
<Atom type="opls_135" charge="-0.180000" sigma="0.350000" epsilon="0.276144" />
<Atom type="opls_204" charge="0.155000" sigma="0.000000" epsilon="0.000000" />
<Atom type="opls_200" charge="-0.335000" sigma="0.360000" epsilon="1.778200" />
<Atom type="opls_206" charge="0.060000" sigma="0.350000" epsilon="0.276144" />
<Atom type="opls_140" charge="0.060000" sigma="0.250000" epsilon="0.125520" />
</NonbondedForce>
</ForceField>
