<ForceField>
<AtomTypes>
<Type name="opls_355" class="H355" element="H" mass="1.008000" />
<Type name="opls_354" class="N354" element="N" mass="14.007000" />
<Type name="opls_360" class="H360" element="H" mass="1.008000" />
<Type name="opls_356" class="N356" element="N" mass="14.007000" />
<Type name="opls_353" class="C353" element="C" mass="12.011000" />
<Type name="opls_351" class="C351" element="C" mass="12.011000" />
<Type name="opls_346" class="N346" element="N" mass="14.007000" />
<Type name="opls_357" class="H357" element="H" mass="1.008000" />
<Type name="opls_358" class="H358" element="H" mass="1.008000" />
<Type name="opls_348" class="N348" element="N" mass="14.007000" />
<Type name="opls_349" class="C349" element="C" mass="12.011000" />
<Type name="opls_359" class="H359" element="H" mass="1.008000" />
<Type name="opls_347" class="C347" element="C" mass="12.011000" />
<Type name="opls_352" class="N352" element="N" mass="14.007000" />
<Type name="opls_350" class="C350" element="C" mass="12.011000" />
</AtomTypes>
<Residues>
<Residue name="NEU">
<Atom name="C00" type="opls_350" />
<Atom name="C01" type="opls_351" />
<Atom name="N02" type="opls_346" />
<Atom name="C03" type="opls_349" />
<Atom name="N04" type="opls_348" />
<Atom name="C05" type="opls_347" />
<Atom name="N06" type="opls_352" />
<Atom name="N07" type="opls_354" />
<Atom name="C08" type="opls_353" />
<Atom name="N09" type="opls_356" />
<Atom name="H0A" type="opls_355" />
<Atom name="H0B" type="opls_360" />
<Atom name="H0C" type="opls_359" />
<Atom name="H0D" type="opls_357" />
<Atom name="H0E" type="opls_358" />
<Bond from="0" to="1"/>
<Bond from="1" to="2"/>
<Bond from="0" to="3"/>
<Bond from="3" to="4"/>
<Bond from="2" to="5"/>
<Bond from="0" to="6"/>
<Bond from="3" to="7"/>
<Bond from="6" to="8"/>
<Bond from="1" to="9"/>
<Bond from="5" to="10"/>
<Bond from="7" to="11"/>
<Bond from="8" to="12"/>
<Bond from="9" to="13"/>
<Bond from="9" to="14"/>
<Bond from="4" to="5"/>
<Bond from="7" to="8"/>
</Residue>
</Residues>
<HarmonicBondForce>
<Bond class1="C351" class2="C350" length="0.140400" k="392459.200000"/>
<Bond class1="N346" class2="C351" length="0.133900" k="404174.400000"/>
<Bond class1="C349" class2="C350" length="0.137000" k="435136.000000"/>
<Bond class1="N348" class2="C349" length="0.135400" k="385764.800000"/>
<Bond class1="C347" class2="N346" length="0.132400" k="420073.600000"/>
<Bond class1="N352" class2="C350" length="0.139100" k="346435.200000"/>
<Bond class1="N354" class2="C349" length="0.137400" k="364844.800000"/>
<Bond class1="C353" class2="N352" length="0.130400" k="442667.200000"/>
<Bond class1="N356" class2="C351" length="0.134000" k="402500.800000"/>
<Bond class1="H355" class2="C347" length="0.108000" k="307105.600000"/>
<Bond class1="H360" class2="N354" length="0.101000" k="363171.200000"/>
<Bond class1="H359" class2="C353" length="0.108000" k="307105.600000"/>
<Bond class1="H357" class2="N356" length="0.101000" k="363171.200000"/>
<Bond class1="H358" class2="N356" length="0.101000" k="363171.200000"/>
<Bond class1="C347" class2="N348" length="0.132400" k="420073.600000"/>
<Bond class1="C353" class2="N354" length="0.137100" k="368192.000000"/>
</HarmonicBondForce>
<HarmonicAngleForce>
<Angle class1="C350" class2="C351" class3="N346" angle="2.047271" k="585.760000"/>
<Angle class1="C351" class2="C350" class3="C349" angle="2.047271" k="711.280000"/>
<Angle class1="C350" class2="C349" class3="N348" angle="2.228785" k="585.760000"/>
<Angle class1="C351" class2="N346" class3="C347" angle="2.069960" k="585.760000"/>
<Angle class1="C351" class2="C350" class3="N352" angle="2.310816" k="585.760000"/>
<Angle class1="C350" class2="C349" class3="N354" angle="1.853540" k="585.760000"/>
<Angle class1="C350" class2="N352" class3="C353" angle="1.811652" k="585.760000"/>
<Angle class1="C350" class2="C351" class3="N356" angle="2.155482" k="585.760000"/>
<Angle class1="N346" class2="C347" class3="H355" angle="2.014983" k="292.880000"/>
<Angle class1="C349" class2="N354" class3="H360" angle="2.195624" k="251.040000"/>
<Angle class1="N352" class2="C353" class3="H359" angle="2.147628" k="292.880000"/>
<Angle class1="C351" class2="N356" class3="H357" angle="2.094395" k="292.880000"/>
<Angle class1="C351" class2="N356" class3="H358" angle="2.094395" k="292.880000"/>
<Angle class1="C349" class2="C350" class3="N352" angle="1.937315" k="585.760000"/>
<Angle class1="N352" class2="C353" class3="N354" angle="1.987930" k="585.760000"/>
<Angle class1="N348" class2="C347" class3="H355" angle="2.014983" k="292.880000"/>
<Angle class1="N346" class2="C347" class3="N348" angle="2.253220" k="585.760000"/>
<Angle class1="C349" class2="N348" class3="C347" angle="1.937315" k="585.760000"/>
<Angle class1="C353" class2="N354" class3="H360" angle="2.247984" k="251.040000"/>
<Angle class1="N354" class2="C353" class3="H359" angle="2.147628" k="292.880000"/>
<Angle class1="N348" class2="C349" class3="N354" angle="2.202606" k="585.760000"/>
<Angle class1="H357" class2="N356" class3="H358" angle="2.094395" k="292.880000"/>
<Angle class1="C349" class2="N354" class3="C353" angle="1.839577" k="585.760000"/>
<Angle class1="N346" class2="C351" class3="N356" angle="2.082178" k="585.760000"/>
</HarmonicAngleForce>
<PeriodicTorsionForce>
<Proper class1="C347" class2="N346" class3="C351" class4="C350" k1="0.000000" k2="15.167000" k3="0.000000" k4="0.000000" periodicity1="1" periodicity2="2" periodicity3="3" periodicity4="4" phase1="0.00" phase2="3.141592653589793" phase3="0.00" phase4="3.141592653589793"/>
<Proper class1="C347" class2="N348" class3="C349" class4="C350" k1="0.000000" k2="15.167000" k3="0.000000" k4="0.000000" periodicity1="1" periodicity2="2" periodicity3="3" periodicity4="4" phase1="0.00" phase2="3.141592653589793" phase3="0.00" phase4="3.141592653589793"/>
<Proper class1="C349" class2="C350" class3="C351" class4="N346" k1="0.000000" k2="14.644000" k3="0.000000" k4="0.000000" periodicity1="1" periodicity2="2" periodicity3="3" periodicity4="4" phase1="0.00" phase2="3.141592653589793" phase3="0.00" phase4="3.141592653589793"/>
<Proper class1="C349" class2="N348" class3="C347" class4="N346" k1="0.000000" k2="15.167000" k3="0.000000" k4="0.000000" periodicity1="1" periodicity2="2" periodicity3="3" periodicity4="4" phase1="0.00" phase2="3.141592653589793" phase3="0.00" phase4="3.141592653589793"/>
<Proper class1="C353" class2="N352" class3="C350" class4="C351" k1="0.000000" k2="15.167000" k3="0.000000" k4="0.000000" periodicity1="1" periodicity2="2" periodicity3="3" periodicity4="4" phase1="0.00" phase2="3.141592653589793" phase3="0.00" phase4="3.141592653589793"/>
<Proper class1="C353" class2="N354" class3="C349" class4="N348" k1="0.000000" k2="15.167000" k3="0.000000" k4="0.000000" periodicity1="1" periodicity2="2" periodicity3="3" periodicity4="4" phase1="0.00" phase2="3.141592653589793" phase3="0.00" phase4="3.141592653589793"/>
<Proper class1="H355" class2="C347" class3="N346" class4="C351" k1="0.000000" k2="15.167000" k3="0.000000" k4="0.000000" periodicity1="1" periodicity2="2" periodicity3="3" periodicity4="4" phase1="0.00" phase2="3.141592653589793" phase3="0.00" phase4="3.141592653589793"/>
<Proper class1="H355" class2="C347" class3="N348" class4="C349" k1="0.000000" k2="15.167000" k3="0.000000" k4="0.000000" periodicity1="1" periodicity2="2" periodicity3="3" periodicity4="4" phase1="0.00" phase2="3.141592653589793" phase3="0.00" phase4="3.141592653589793"/>
<Proper class1="H357" class2="N356" class3="C351" class4="C350" k1="0.000000" k2="4.462236" k3="0.000000" k4="0.000000" periodicity1="1" periodicity2="2" periodicity3="3" periodicity4="4" phase1="0.00" phase2="3.141592653589793" phase3="0.00" phase4="3.141592653589793"/>
<Proper class1="H357" class2="N356" class3="C351" class4="N346" k1="0.000000" k2="7.949600" k3="0.000000" k4="0.000000" periodicity1="1" periodicity2="2" periodicity3="3" periodicity4="4" phase1="0.00" phase2="3.141592653589793" phase3="0.00" phase4="3.141592653589793"/>
<Proper class1="H358" class2="N356" class3="C351" class4="C350" k1="0.000000" k2="4.462236" k3="0.000000" k4="0.000000" periodicity1="1" periodicity2="2" periodicity3="3" periodicity4="4" phase1="0.00" phase2="3.141592653589793" phase3="0.00" phase4="3.141592653589793"/>
<Proper class1="H358" class2="N356" class3="C351" class4="N346" k1="0.000000" k2="7.949600" k3="0.000000" k4="0.000000" periodicity1="1" periodicity2="2" periodicity3="3" periodicity4="4" phase1="0.00" phase2="3.141592653589793" phase3="0.00" phase4="3.141592653589793"/>
<Proper class1="H359" class2="C353" class3="N352" class4="C350" k1="0.000000" k2="15.167000" k3="0.000000" k4="0.000000" periodicity1="1" periodicity2="2" periodicity3="3" periodicity4="4" phase1="0.00" phase2="3.141592653589793" phase3="0.00" phase4="3.141592653589793"/>
<Proper class1="H359" class2="C353" class3="N354" class4="C349" k1="0.000000" k2="0.313800" k3="0.000000" k4="0.000000" periodicity1="1" periodicity2="2" periodicity3="3" periodicity4="4" phase1="0.00" phase2="3.141592653589793" phase3="0.00" phase4="3.141592653589793"/>
<Proper class1="H359" class2="C353" class3="N354" class4="H360" k1="0.000000" k2="10.460000" k3="0.000000" k4="0.000000" periodicity1="1" periodicity2="2" periodicity3="3" periodicity4="4" phase1="0.00" phase2="3.141592653589793" phase3="0.00" phase4="3.141592653589793"/>
<Proper class1="H360" class2="N354" class3="C349" class4="C350" k1="0.000000" k2="10.460000" k3="0.000000" k4="0.000000" periodicity1="1" periodicity2="2" periodicity3="3" periodicity4="4" phase1="0.00" phase2="3.141592653589793" phase3="0.00" phase4="3.141592653589793"/>
<Proper class1="H360" class2="N354" class3="C349" class4="N348" k1="0.000000" k2="10.460000" k3="0.000000" k4="0.000000" periodicity1="1" periodicity2="2" periodicity3="3" periodicity4="4" phase1="0.00" phase2="3.141592653589793" phase3="0.00" phase4="3.141592653589793"/>
<Proper class1="H360" class2="N354" class3="C353" class4="N352" k1="0.000000" k2="15.167000" k3="0.000000" k4="0.000000" periodicity1="1" periodicity2="2" periodicity3="3" periodicity4="4" phase1="0.00" phase2="3.141592653589793" phase3="0.00" phase4="3.141592653589793"/>
<Proper class1="N348" class2="C347" class3="N346" class4="C351" k1="0.000000" k2="15.167000" k3="0.000000" k4="0.000000" periodicity1="1" periodicity2="2" periodicity3="3" periodicity4="4" phase1="0.00" phase2="3.141592653589793" phase3="0.00" phase4="3.141592653589793"/>
<Proper class1="N348" class2="C349" class3="C350" class4="C351" k1="0.000000" k2="15.167000" k3="0.000000" k4="0.000000" periodicity1="1" periodicity2="2" periodicity3="3" periodicity4="4" phase1="0.00" phase2="3.141592653589793" phase3="0.00" phase4="3.141592653589793"/>
<Proper class1="N352" class2="C350" class3="C349" class4="N348" k1="0.000000" k2="15.167000" k3="0.000000" k4="0.000000" periodicity1="1" periodicity2="2" periodicity3="3" periodicity4="4" phase1="0.00" phase2="3.141592653589793" phase3="0.00" phase4="3.141592653589793"/>
<Proper class1="N352" class2="C350" class3="C351" class4="N346" k1="0.000000" k2="14.644000" k3="0.000000" k4="0.000000" periodicity1="1" periodicity2="2" periodicity3="3" periodicity4="4" phase1="0.00" phase2="3.141592653589793" phase3="0.00" phase4="3.141592653589793"/>
<Proper class1="N354" class2="C349" class3="C350" class4="C351" k1="0.000000" k2="15.167000" k3="0.000000" k4="0.000000" periodicity1="1" periodicity2="2" periodicity3="3" periodicity4="4" phase1="0.00" phase2="3.141592653589793" phase3="0.00" phase4="3.141592653589793"/>
<Proper class1="N354" class2="C349" class3="N348" class4="C347" k1="0.000000" k2="15.167000" k3="0.000000" k4="0.000000" periodicity1="1" periodicity2="2" periodicity3="3" periodicity4="4" phase1="0.00" phase2="3.141592653589793" phase3="0.00" phase4="3.141592653589793"/>
<Proper class1="N356" class2="C351" class3="C350" class4="C349" k1="0.000000" k2="14.644000" k3="0.000000" k4="0.000000" periodicity1="1" periodicity2="2" periodicity3="3" periodicity4="4" phase1="0.00" phase2="3.141592653589793" phase3="0.00" phase4="3.141592653589793"/>
<Proper class1="N356" class2="C351" class3="C350" class4="N352" k1="0.000000" k2="14.644000" k3="0.000000" k4="0.000000" periodicity1="1" periodicity2="2" periodicity3="3" periodicity4="4" phase1="0.00" phase2="3.141592653589793" phase3="0.00" phase4="3.141592653589793"/>
<Proper class1="N356" class2="C351" class3="N346" class4="C347" k1="0.000000" k2="15.167000" k3="0.000000" k4="0.000000" periodicity1="1" periodicity2="2" periodicity3="3" periodicity4="4" phase1="0.00" phase2="3.141592653589793" phase3="0.00" phase4="3.141592653589793"/>
<Improper class1="C351" class2="C350" class3="N346" class4="N356" k1="0.000000" k2="10.460000" k3="0.000000" k4="0.000000" periodicity1="1" periodicity2="2" periodicity3="3" periodicity4="4" phase1="0.00" phase2="3.141592653589793" phase3="0.00" phase4="3.141592653589793"/>
<Improper class1="C350" class2="C351" class3="C349" class4="N352" k1="0.000000" k2="10.460000" k3="0.000000" k4="0.000000" periodicity1="1" periodicity2="2" periodicity3="3" periodicity4="4" phase1="0.00" phase2="3.141592653589793" phase3="0.00" phase4="3.141592653589793"/>
<Improper class1="C347" class2="H355" class3="N346" class4="N348" k1="0.000000" k2="10.460000" k3="0.000000" k4="0.000000" periodicity1="1" periodicity2="2" periodicity3="3" periodicity4="4" phase1="0.00" phase2="3.141592653589793" phase3="0.00" phase4="3.141592653589793"/>
<Improper class1="C349" class2="C350" class3="N348" class4="N354" k1="0.000000" k2="10.460000" k3="0.000000" k4="0.000000" periodicity1="1" periodicity2="2" periodicity3="3" periodicity4="4" phase1="0.00" phase2="3.141592653589793" phase3="0.00" phase4="3.141592653589793"/>
<Improper class1="C353" class2="H359" class3="N352" class4="N354" k1="0.000000" k2="10.460000" k3="0.000000" k4="0.000000" periodicity1="1" periodicity2="2" periodicity3="3" periodicity4="4" phase1="0.00" phase2="3.141592653589793" phase3="0.00" phase4="3.141592653589793"/>
</PeriodicTorsionForce>
<NonbondedForce coulomb14scale="0.5" lj14scale="0.5">
<Atom type="opls_346" charge="-0.530000" sigma="0.325000" epsilon="0.711280" />
<Atom type="opls_353" charge="0.200000" sigma="0.350000" epsilon="0.334720" />
<Atom type="opls_348" charge="-0.550000" sigma="0.325000" epsilon="0.711280" />
<Atom type="opls_357" charge="0.385000" sigma="0.000000" epsilon="0.000000" />
<Atom type="opls_347" charge="0.220000" sigma="0.350000" epsilon="0.334720" />
<Atom type="opls_358" charge="0.355000" sigma="0.000000" epsilon="0.000000" />
<Atom type="opls_349" charge="0.380000" sigma="0.350000" epsilon="0.334720" />
<Atom type="opls_359" charge="0.200000" sigma="0.250000" epsilon="0.209200" />
<Atom type="opls_352" charge="-0.490000" sigma="0.325000" epsilon="0.711280" />
<Atom type="opls_356" charge="-0.810000" sigma="0.325000" epsilon="0.711280" />
<Atom type="opls_360" charge="0.350000" sigma="0.000000" epsilon="0.000000" />
<Atom type="opls_354" charge="-0.500000" sigma="0.325000" epsilon="0.711280" />
<Atom type="opls_355" charge="0.200000" sigma="0.250000" epsilon="0.209200" />
<Atom type="opls_351" charge="0.440000" sigma="0.350000" epsilon="0.334720" />
<Atom type="opls_350" charge="0.150000" sigma="0.350000" epsilon="0.334720" />
</NonbondedForce>
</ForceField>
