<ForceField>
<AtomTypes>
<Type name="opls_477" class="H477" element="H" mass="1.008000" />
<Type name="opls_474" class="S474" element="S" mass="32.060000" />
<Type name="opls_475" class="O475" element="O" mass="15.999000" />
<Type name="opls_476" class="C476" element="C" mass="12.011000" />
<Type name="opls_480" class="N480" element="N" mass="14.007000" />
<Type name="opls_481" class="H481" element="H" mass="1.008000" />
<Type name="opls_482" class="C482" element="C" mass="12.011000" />
<Type name="opls_483" class="H483" element="H" mass="1.008000" />
</AtomTypes>
<Residues>
<Residue name="NEU">
<Atom name="H00" type="opls_483" />
<Atom name="C01" type="opls_482" />
<Atom name="N02" type="opls_480" />
<Atom name="S03" type="opls_474" />
<Atom name="C04" type="opls_476" />
<Atom name="O05" type="opls_475" />
<Atom name="O06" type="opls_475" />
<Atom name="H07" type="opls_481" />
<Atom name="H08" type="opls_483" />
<Atom name="H09" type="opls_483" />
<Atom name="H0A" type="opls_477" />
<Atom name="H0B" type="opls_477" />
<Atom name="H0C" type="opls_477" />
<Bond from="0" to="1"/>
<Bond from="1" to="2"/>
<Bond from="2" to="3"/>
<Bond from="3" to="4"/>
<Bond from="3" to="5"/>
<Bond from="3" to="6"/>
<Bond from="2" to="7"/>
<Bond from="1" to="8"/>
<Bond from="1" to="9"/>
<Bond from="4" to="10"/>
<Bond from="4" to="11"/>
<Bond from="4" to="12"/>
</Residue>
</Residues>
<HarmonicBondForce>
<Bond class1="C482" class2="H483" length="0.109000" k="284512.000000"/>
<Bond class1="N480" class2="C482" length="0.144900" k="282001.600000"/>
<Bond class1="S474" class2="N480" length="0.167000" k="363171.200000"/>
<Bond class1="C476" class2="S474" length="0.177000" k="284512.000000"/>
<Bond class1="O475" class2="S474" length="0.144000" k="585760.000000"/>
<Bond class1="O475" class2="S474" length="0.144000" k="585760.000000"/>
<Bond class1="H481" class2="N480" length="0.101000" k="363171.200000"/>
<Bond class1="H483" class2="C482" length="0.109000" k="284512.000000"/>
<Bond class1="H483" class2="C482" length="0.109000" k="284512.000000"/>
<Bond class1="H477" class2="C476" length="0.109000" k="284512.000000"/>
<Bond class1="H477" class2="C476" length="0.109000" k="284512.000000"/>
<Bond class1="H477" class2="C476" length="0.109000" k="284512.000000"/>
</HarmonicBondForce>
<HarmonicAngleForce>
<Angle class1="H483" class2="C482" class3="N480" angle="1.911136" k="292.880000"/>
<Angle class1="C482" class2="N480" class3="S474" angle="2.094395" k="418.400000"/>
<Angle class1="N480" class2="S474" class3="C476" angle="1.797689" k="836.800000"/>
<Angle class1="N480" class2="S474" class3="O475" angle="1.867502" k="1004.160000"/>
<Angle class1="C482" class2="N480" class3="H481" angle="2.066470" k="317.984000"/>
<Angle class1="H483" class2="C482" class3="H483" angle="1.881465" k="276.144000"/>
<Angle class1="S474" class2="C476" class3="H477" angle="1.911136" k="292.880000"/>
<Angle class1="H477" class2="C476" class3="H477" angle="1.881465" k="276.144000"/>
<Angle class1="C476" class2="S474" class3="O475" angle="1.900664" k="619.232000"/>
<Angle class1="S474" class2="N480" class3="H481" angle="1.937315" k="836.800000"/>
<Angle class1="O475" class2="S474" class3="O475" angle="2.076942" k="870.272000"/>
<Angle class1="N480" class2="C482" class3="H483" angle="1.911136" k="292.880000"/>
</HarmonicAngleForce>
<PeriodicTorsionForce>
<Proper class1="C476" class2="S474" class3="N480" class4="C482" k1="4.338808" k2="-6.204872" k3="5.173516" k4="0.000000" periodicity1="1" periodicity2="2" periodicity3="3" periodicity4="4" phase1="0.00" phase2="3.141592653589793" phase3="0.00" phase4="3.141592653589793"/>
<Proper class1="H477" class2="C476" class3="S474" class4="N480" k1="0.000000" k2="0.000000" k3="0.000000" k4="0.000000" periodicity1="1" periodicity2="2" periodicity3="3" periodicity4="4" phase1="0.00" phase2="3.141592653589793" phase3="0.00" phase4="3.141592653589793"/>
<Proper class1="H477" class2="C476" class3="S474" class4="O475" k1="0.000000" k2="0.000000" k3="0.732200" k4="0.000000" periodicity1="1" periodicity2="2" periodicity3="3" periodicity4="4" phase1="0.00" phase2="3.141592653589793" phase3="0.00" phase4="3.141592653589793"/>
<Proper class1="H481" class2="N480" class3="C482" class4="H483" k1="0.000000" k2="0.000000" k3="0.000000" k4="0.000000" periodicity1="1" periodicity2="2" periodicity3="3" periodicity4="4" phase1="0.00" phase2="3.141592653589793" phase3="0.00" phase4="3.141592653589793"/>
<Proper class1="H481" class2="N480" class3="S474" class4="C476" k1="3.495732" k2="-10.252892" k3="1.399548" k4="0.000000" periodicity1="1" periodicity2="2" periodicity3="3" periodicity4="4" phase1="0.00" phase2="3.141592653589793" phase3="0.00" phase4="3.141592653589793"/>
<Proper class1="H481" class2="N480" class3="S474" class4="O475" k1="0.000000" k2="0.000000" k3="0.000000" k4="0.000000" periodicity1="1" periodicity2="2" periodicity3="3" periodicity4="4" phase1="0.00" phase2="3.141592653589793" phase3="0.00" phase4="3.141592653589793"/>
<Proper class1="H483" class2="C482" class3="N480" class4="H481" k1="0.000000" k2="0.000000" k3="0.000000" k4="0.000000" periodicity1="1" periodicity2="2" periodicity3="3" periodicity4="4" phase1="0.00" phase2="3.141592653589793" phase3="0.00" phase4="3.141592653589793"/>
<Proper class1="H483" class2="C482" class3="N480" class4="S474" k1="2.849304" k2="-3.048044" k3="0.311708" k4="0.000000" periodicity1="1" periodicity2="2" periodicity3="3" periodicity4="4" phase1="0.00" phase2="3.141592653589793" phase3="0.00" phase4="3.141592653589793"/>
<Proper class1="O475" class2="S474" class3="N480" class4="C482" k1="0.000000" k2="0.000000" k3="0.000000" k4="0.000000" periodicity1="1" periodicity2="2" periodicity3="3" periodicity4="4" phase1="0.00" phase2="3.141592653589793" phase3="0.00" phase4="3.141592653589793"/>
<Proper class1="S474" class2="N480" class3="C482" class4="H483" k1="2.849304" k2="-3.048044" k3="0.311708" k4="0.000000" periodicity1="1" periodicity2="2" periodicity3="3" periodicity4="4" phase1="0.00" phase2="3.141592653589793" phase3="0.00" phase4="3.141592653589793"/>
</PeriodicTorsionForce>
<NonbondedForce coulomb14scale="0.5" lj14scale="0.5">
<Atom type="opls_477" charge="0.180000" sigma="0.250000" epsilon="0.125520" />
<Atom type="opls_476" charge="-0.540000" sigma="0.350000" epsilon="0.276144" />
<Atom type="opls_482" charge="0.180000" sigma="0.350000" epsilon="0.276144" />
<Atom type="opls_480" charge="-0.800000" sigma="0.325000" epsilon="0.711280" />
<Atom type="opls_481" charge="0.410000" sigma="0.000000" epsilon="0.000000" />
<Atom type="opls_475" charge="-0.680000" sigma="0.296000" epsilon="0.711280" />
<Atom type="opls_483" charge="0.030000" sigma="0.250000" epsilon="0.125520" />
<Atom type="opls_474" charge="1.480000" sigma="0.355000" epsilon="1.046000" />
</NonbondedForce>
</ForceField>
