<ForceField>
<AtomTypes>
<Type name="opls_995" class="O995" element="O" mass="15.999000" />
<Type name="opls_140" class="H140" element="H" mass="1.008000" />
<Type name="opls_990" class="C990" element="C" mass="12.011000" />
<Type name="opls_135" class="C135" element="C" mass="12.011000" />
<Type name="opls_994" class="H994" element="H" mass="1.008000" />
<Type name="opls_996" class="H996" element="H" mass="1.008000" />
<Type name="opls_992" class="O992" element="O" mass="15.999000" />
<Type name="opls_993" class="N993" element="N" mass="14.007000" />
</AtomTypes>
<Residues>
<Residue name="NEU">
<Atom name="C00" type="opls_990" />
<Atom name="C01" type="opls_135" />
<Atom name="N02" type="opls_993" />
<Atom name="O03" type="opls_992" />
<Atom name="H04" type="opls_140" />
<Atom name="H05" type="opls_140" />
<Atom name="H06" type="opls_140" />
<Atom name="O07" type="opls_995" />
<Atom name="H08" type="opls_994" />
<Atom name="H09" type="opls_996" />
<Bond from="0" to="1"/>
<Bond from="0" to="2"/>
<Bond from="0" to="3"/>
<Bond from="1" to="4"/>
<Bond from="1" to="5"/>
<Bond from="1" to="6"/>
<Bond from="2" to="7"/>
<Bond from="2" to="8"/>
<Bond from="7" to="9"/>
</Residue>
</Residues>
<HarmonicBondForce>
<Bond class1="C135" class2="C990" length="0.152200" k="265265.600000"/>
<Bond class1="N993" class2="C990" length="0.133500" k="410032.000000"/>
<Bond class1="O992" class2="C990" length="0.122900" k="476976.000000"/>
<Bond class1="H140" class2="C135" length="0.109000" k="284512.000000"/>
<Bond class1="H140" class2="C135" length="0.109000" k="284512.000000"/>
<Bond class1="H140" class2="C135" length="0.109000" k="284512.000000"/>
<Bond class1="O995" class2="N993" length="0.138000" k="334720.000000"/>
<Bond class1="H994" class2="N993" length="0.101000" k="363171.200000"/>
<Bond class1="H996" class2="O995" length="0.094500" k="462750.400000"/>
</HarmonicBondForce>
<HarmonicAngleForce>
<Angle class1="C135" class2="C990" class3="N993" angle="2.035054" k="585.760000"/>
<Angle class1="C135" class2="C990" class3="O992" angle="2.101376" k="669.440000"/>
<Angle class1="C990" class2="C135" class3="H140" angle="1.911136" k="292.880000"/>
<Angle class1="C990" class2="N993" class3="O995" angle="2.019346" k="384.928000"/>
<Angle class1="C990" class2="N993" class3="H994" angle="2.090904" k="292.880000"/>
<Angle class1="N993" class2="O995" class3="H996" angle="1.839577" k="410.032000"/>
<Angle class1="N993" class2="C990" class3="O992" angle="2.145010" k="669.440000"/>
<Angle class1="O995" class2="N993" class3="H994" angle="1.923353" k="292.880000"/>
<Angle class1="H140" class2="C135" class3="H140" angle="1.881465" k="276.144000"/>
</HarmonicAngleForce>
<PeriodicTorsionForce>
<Proper class1="H140" class2="C135" class3="C990" class4="N993" k1="0.000000" k2="0.000000" k3="0.000000" k4="0.000000" periodicity1="1" periodicity2="2" periodicity3="3" periodicity4="4" phase1="0.00" phase2="3.141592653589793" phase3="0.00" phase4="3.141592653589793"/>
<Proper class1="H140" class2="C135" class3="C990" class4="O992" k1="0.000000" k2="0.000000" k3="0.000000" k4="0.000000" periodicity1="1" periodicity2="2" periodicity3="3" periodicity4="4" phase1="0.00" phase2="3.141592653589793" phase3="0.00" phase4="3.141592653589793"/>
<Proper class1="H994" class2="N993" class3="C990" class4="C135" k1="0.000000" k2="10.250800" k3="0.000000" k4="0.000000" periodicity1="1" periodicity2="2" periodicity3="3" periodicity4="4" phase1="0.00" phase2="3.141592653589793" phase3="0.00" phase4="3.141592653589793"/>
<Proper class1="H994" class2="N993" class3="C990" class4="O992" k1="0.000000" k2="10.250800" k3="0.000000" k4="0.000000" periodicity1="1" periodicity2="2" periodicity3="3" periodicity4="4" phase1="0.00" phase2="3.141592653589793" phase3="0.00" phase4="3.141592653589793"/>
<Proper class1="H996" class2="O995" class3="N993" class4="C990" k1="11.545748" k2="-14.016400" k3="1.215452" k4="0.000000" periodicity1="1" periodicity2="2" periodicity3="3" periodicity4="4" phase1="0.00" phase2="3.141592653589793" phase3="0.00" phase4="3.141592653589793"/>
<Proper class1="H996" class2="O995" class3="N993" class4="H994" k1="5.694424" k2="-10.782168" k3="0.000000" k4="0.000000" periodicity1="1" periodicity2="2" periodicity3="3" periodicity4="4" phase1="0.00" phase2="3.141592653589793" phase3="0.00" phase4="3.141592653589793"/>
<Proper class1="O995" class2="N993" class3="C990" class4="C135" k1="9.501864" k2="13.813476" k3="2.186140" k4="0.000000" periodicity1="1" periodicity2="2" periodicity3="3" periodicity4="4" phase1="0.00" phase2="3.141592653589793" phase3="0.00" phase4="3.141592653589793"/>
<Proper class1="O995" class2="N993" class3="C990" class4="O992" k1="0.000000" k2="13.813476" k3="0.000000" k4="0.000000" periodicity1="1" periodicity2="2" periodicity3="3" periodicity4="4" phase1="0.00" phase2="3.141592653589793" phase3="0.00" phase4="3.141592653589793"/>
<Improper class1="C990" class2="C135" class3="N993" class4="O992" k1="0.000000" k2="43.932000" k3="0.000000" k4="0.000000" periodicity1="1" periodicity2="2" periodicity3="3" periodicity4="4" phase1="0.00" phase2="3.141592653589793" phase3="0.00" phase4="3.141592653589793"/>
</PeriodicTorsionForce>
<NonbondedForce coulomb14scale="0.5" lj14scale="0.5">
<Atom type="opls_990" charge="0.888000" sigma="0.375000" epsilon="0.439320" />
<Atom type="opls_993" charge="-0.634000" sigma="0.325000" epsilon="0.711280" />
<Atom type="opls_994" charge="0.411000" sigma="0.000000" epsilon="0.000000" />
<Atom type="opls_995" charge="-0.442000" sigma="0.312000" epsilon="0.711280" />
<Atom type="opls_140" charge="0.060000" sigma="0.250000" epsilon="0.125520" />
<Atom type="opls_992" charge="-0.658000" sigma="0.296000" epsilon="0.878640" />
<Atom type="opls_996" charge="0.435000" sigma="0.000000" epsilon="0.000000" />
<Atom type="opls_135" charge="-0.180000" sigma="0.350000" epsilon="0.276144" />
</NonbondedForce>
</ForceField>
