<ForceField>
<AtomTypes>
<Type name="opls_557" class="N557" element="N" mass="14.007000" />
<Type name="opls_146" class="H146" element="H" mass="1.008000" />
<Type name="opls_1003" class="C003" element="C" mass="12.011000" />
<Type name="opls_561" class="C561" element="C" mass="12.011000" />
<Type name="opls_563" class="H563" element="H" mass="1.008000" />
<Type name="opls_558" class="C558" element="C" mass="12.011000" />
<Type name="opls_562" class="H562" element="H" mass="1.008000" />
<Type name="opls_1002" class="C002" element="C" mass="12.011000" />
<Type name="opls_565" class="H565" element="H" mass="1.008000" />
<Type name="opls_145" class="C145" element="C" mass="12.011000" />
<Type name="opls_559" class="N559" element="N" mass="14.007000" />
</AtomTypes>
<Residues>
<Residue name="NEU">
<Atom name="C00" type="opls_1003" />
<Atom name="C01" type="opls_145" />
<Atom name="C02" type="opls_145" />
<Atom name="C03" type="opls_145" />
<Atom name="C04" type="opls_145" />
<Atom name="C05" type="opls_145" />
<Atom name="C06" type="opls_1002" />
<Atom name="H07" type="opls_146" />
<Atom name="H08" type="opls_146" />
<Atom name="H09" type="opls_146" />
<Atom name="H0A" type="opls_146" />
<Atom name="H0B" type="opls_146" />
<Atom name="N0C" type="opls_559" />
<Atom name="C0D" type="opls_558" />
<Atom name="N0E" type="opls_557" />
<Atom name="C0F" type="opls_561" />
<Atom name="H0G" type="opls_562" />
<Atom name="H0H" type="opls_563" />
<Atom name="H0I" type="opls_565" />
<Bond from="0" to="1"/>
<Bond from="0" to="2"/>
<Bond from="1" to="3"/>
<Bond from="2" to="4"/>
<Bond from="3" to="5"/>
<Bond from="0" to="6"/>
<Bond from="1" to="7"/>
<Bond from="2" to="8"/>
<Bond from="3" to="9"/>
<Bond from="4" to="10"/>
<Bond from="5" to="11"/>
<Bond from="6" to="12"/>
<Bond from="12" to="13"/>
<Bond from="13" to="14"/>
<Bond from="6" to="15"/>
<Bond from="14" to="16"/>
<Bond from="13" to="17"/>
<Bond from="15" to="18"/>
<Bond from="4" to="5"/>
<Bond from="14" to="15"/>
</Residue>
</Residues>
<HarmonicBondForce>
<Bond class1="C145" class2="C003" length="0.140000" k="392459.200000"/>
<Bond class1="C145" class2="C003" length="0.140000" k="392459.200000"/>
<Bond class1="C145" class2="C145" length="0.140000" k="392459.200000"/>
<Bond class1="C145" class2="C145" length="0.140000" k="392459.200000"/>
<Bond class1="C145" class2="C145" length="0.140000" k="392459.200000"/>
<Bond class1="C002" class2="C003" length="0.146000" k="322168.000000"/>
<Bond class1="H146" class2="C145" length="0.108000" k="307105.600000"/>
<Bond class1="H146" class2="C145" length="0.108000" k="307105.600000"/>
<Bond class1="H146" class2="C145" length="0.108000" k="307105.600000"/>
<Bond class1="H146" class2="C145" length="0.108000" k="307105.600000"/>
<Bond class1="H146" class2="C145" length="0.108000" k="307105.600000"/>
<Bond class1="N559" class2="C002" length="0.133900" k="404174.400000"/>
<Bond class1="C558" class2="N559" length="0.133500" k="408358.400000"/>
<Bond class1="N557" class2="C558" length="0.134300" k="399153.600000"/>
<Bond class1="C561" class2="C002" length="0.146000" k="322168.000000"/>
<Bond class1="H562" class2="N557" length="0.101000" k="363171.200000"/>
<Bond class1="H563" class2="C558" length="0.108000" k="307105.600000"/>
<Bond class1="H565" class2="C561" length="0.108000" k="307105.600000"/>
<Bond class1="C145" class2="C145" length="0.140000" k="392459.200000"/>
<Bond class1="C561" class2="N557" length="0.138100" k="357313.600000"/>
</HarmonicBondForce>
<HarmonicAngleForce>
<Angle class1="C145" class2="C003" class3="C145" angle="2.094395" k="527.184000"/>
<Angle class1="C003" class2="C145" class3="C145" angle="2.094395" k="527.184000"/>
<Angle class1="C145" class2="C145" class3="C145" angle="2.094395" k="527.184000"/>
<Angle class1="C145" class2="C003" class3="C002" angle="2.094395" k="527.184000"/>
<Angle class1="C003" class2="C145" class3="H146" angle="2.094395" k="292.880000"/>
<Angle class1="C145" class2="C145" class3="H146" angle="2.094395" k="292.880000"/>
<Angle class1="C003" class2="C002" class3="N559" angle="2.038545" k="585.760000"/>
<Angle class1="C002" class2="N559" class3="C558" angle="2.185152" k="585.760000"/>
<Angle class1="N559" class2="C558" class3="N557" angle="1.928589" k="585.760000"/>
<Angle class1="C003" class2="C002" class3="C561" angle="2.094395" k="527.184000"/>
<Angle class1="C558" class2="N557" class3="H562" angle="2.164208" k="292.880000"/>
<Angle class1="N559" class2="C558" class3="H563" angle="2.094395" k="292.880000"/>
<Angle class1="C002" class2="C561" class3="H565" angle="2.281145" k="292.880000"/>
<Angle class1="N557" class2="C561" class3="H565" angle="2.122320" k="292.880000"/>
<Angle class1="C561" class2="N557" class3="H562" angle="2.164208" k="292.880000"/>
<Angle class1="C558" class2="N557" class3="C561" angle="1.916372" k="585.760000"/>
<Angle class1="N557" class2="C558" class3="H563" angle="2.094395" k="292.880000"/>
<Angle class1="C002" class2="C561" class3="N557" angle="2.122320" k="585.760000"/>
<Angle class1="N559" class2="C002" class3="C561" angle="2.043781" k="585.760000"/>
</HarmonicAngleForce>
<PeriodicTorsionForce>
<Proper class1="C002" class2="C003" class3="C145" class4="C145" k1="0.000000" k2="15.167000" k3="0.000000" k4="0.000000" periodicity1="1" periodicity2="2" periodicity3="3" periodicity4="4" phase1="0.00" phase2="3.141592653589793" phase3="0.00" phase4="3.141592653589793"/>
<Proper class1="C145" class2="C145" class3="C003" class4="C145" k1="0.000000" k2="15.167000" k3="0.000000" k4="0.000000" periodicity1="1" periodicity2="2" periodicity3="3" periodicity4="4" phase1="0.00" phase2="3.141592653589793" phase3="0.00" phase4="3.141592653589793"/>
<Proper class1="C145" class2="C145" class3="C145" class4="C003" k1="0.000000" k2="15.167000" k3="0.000000" k4="0.000000" periodicity1="1" periodicity2="2" periodicity3="3" periodicity4="4" phase1="0.00" phase2="3.141592653589793" phase3="0.00" phase4="3.141592653589793"/>
<Proper class1="C145" class2="C145" class3="C145" class4="C145" k1="0.000000" k2="15.167000" k3="0.000000" k4="0.000000" periodicity1="1" periodicity2="2" periodicity3="3" periodicity4="4" phase1="0.00" phase2="3.141592653589793" phase3="0.00" phase4="3.141592653589793"/>
<Proper class1="C558" class2="N559" class3="C002" class4="C003" k1="0.000000" k2="15.167000" k3="0.000000" k4="0.000000" periodicity1="1" periodicity2="2" periodicity3="3" periodicity4="4" phase1="0.00" phase2="3.141592653589793" phase3="0.00" phase4="3.141592653589793"/>
<Proper class1="C561" class2="C002" class3="C003" class4="C145" k1="0.000000" k2="3.451800" k3="0.000000" k4="-0.104600" periodicity1="1" periodicity2="2" periodicity3="3" periodicity4="4" phase1="0.00" phase2="3.141592653589793" phase3="0.00" phase4="3.141592653589793"/>
<Proper class1="H146" class2="C145" class3="C003" class4="C002" k1="0.000000" k2="15.167000" k3="0.000000" k4="0.000000" periodicity1="1" periodicity2="2" periodicity3="3" periodicity4="4" phase1="0.00" phase2="3.141592653589793" phase3="0.00" phase4="3.141592653589793"/>
<Proper class1="H146" class2="C145" class3="C003" class4="C145" k1="0.000000" k2="15.167000" k3="0.000000" k4="0.000000" periodicity1="1" periodicity2="2" periodicity3="3" periodicity4="4" phase1="0.00" phase2="3.141592653589793" phase3="0.00" phase4="3.141592653589793"/>
<Proper class1="H146" class2="C145" class3="C145" class4="C003" k1="0.000000" k2="15.167000" k3="0.000000" k4="0.000000" periodicity1="1" periodicity2="2" periodicity3="3" periodicity4="4" phase1="0.00" phase2="3.141592653589793" phase3="0.00" phase4="3.141592653589793"/>
<Proper class1="H146" class2="C145" class3="C145" class4="C145" k1="0.000000" k2="15.167000" k3="0.000000" k4="0.000000" periodicity1="1" periodicity2="2" periodicity3="3" periodicity4="4" phase1="0.00" phase2="3.141592653589793" phase3="0.00" phase4="3.141592653589793"/>
<Proper class1="H146" class2="C145" class3="C145" class4="H146" k1="0.000000" k2="15.167000" k3="0.000000" k4="0.000000" periodicity1="1" periodicity2="2" periodicity3="3" periodicity4="4" phase1="0.00" phase2="3.141592653589793" phase3="0.00" phase4="3.141592653589793"/>
<Proper class1="H562" class2="N557" class3="C558" class4="N559" k1="0.000000" k2="10.460000" k3="0.000000" k4="0.000000" periodicity1="1" periodicity2="2" periodicity3="3" periodicity4="4" phase1="0.00" phase2="3.141592653589793" phase3="0.00" phase4="3.141592653589793"/>
<Proper class1="H562" class2="N557" class3="C561" class4="C002" k1="0.000000" k2="10.460000" k3="0.000000" k4="0.000000" periodicity1="1" periodicity2="2" periodicity3="3" periodicity4="4" phase1="0.00" phase2="3.141592653589793" phase3="0.00" phase4="3.141592653589793"/>
<Proper class1="H563" class2="C558" class3="N557" class4="C561" k1="0.000000" k2="20.920000" k3="0.000000" k4="0.000000" periodicity1="1" periodicity2="2" periodicity3="3" periodicity4="4" phase1="0.00" phase2="3.141592653589793" phase3="0.00" phase4="3.141592653589793"/>
<Proper class1="H563" class2="C558" class3="N557" class4="H562" k1="0.000000" k2="20.920000" k3="0.000000" k4="0.000000" periodicity1="1" periodicity2="2" periodicity3="3" periodicity4="4" phase1="0.00" phase2="3.141592653589793" phase3="0.00" phase4="3.141592653589793"/>
<Proper class1="H563" class2="C558" class3="N559" class4="C002" k1="0.000000" k2="20.920000" k3="0.000000" k4="0.000000" periodicity1="1" periodicity2="2" periodicity3="3" periodicity4="4" phase1="0.00" phase2="3.141592653589793" phase3="0.00" phase4="3.141592653589793"/>
<Proper class1="H565" class2="C561" class3="C002" class4="C003" k1="0.000000" k2="15.167000" k3="0.000000" k4="0.000000" periodicity1="1" periodicity2="2" periodicity3="3" periodicity4="4" phase1="0.00" phase2="3.141592653589793" phase3="0.00" phase4="3.141592653589793"/>
<Proper class1="H565" class2="C561" class3="C002" class4="N559" k1="0.000000" k2="15.167000" k3="0.000000" k4="0.000000" periodicity1="1" periodicity2="2" periodicity3="3" periodicity4="4" phase1="0.00" phase2="3.141592653589793" phase3="0.00" phase4="3.141592653589793"/>
<Proper class1="H565" class2="C561" class3="N557" class4="C558" k1="0.000000" k2="10.460000" k3="0.000000" k4="0.000000" periodicity1="1" periodicity2="2" periodicity3="3" periodicity4="4" phase1="0.00" phase2="3.141592653589793" phase3="0.00" phase4="3.141592653589793"/>
<Proper class1="H565" class2="C561" class3="N557" class4="H562" k1="0.000000" k2="10.460000" k3="0.000000" k4="0.000000" periodicity1="1" periodicity2="2" periodicity3="3" periodicity4="4" phase1="0.00" phase2="3.141592653589793" phase3="0.00" phase4="3.141592653589793"/>
<Proper class1="N557" class2="C558" class3="N559" class4="C002" k1="0.000000" k2="20.920000" k3="0.000000" k4="0.000000" periodicity1="1" periodicity2="2" periodicity3="3" periodicity4="4" phase1="0.00" phase2="3.141592653589793" phase3="0.00" phase4="3.141592653589793"/>
<Proper class1="N557" class2="C561" class3="C002" class4="C003" k1="0.000000" k2="4.539640" k3="0.000000" k4="0.000000" periodicity1="1" periodicity2="2" periodicity3="3" periodicity4="4" phase1="0.00" phase2="3.141592653589793" phase3="0.00" phase4="3.141592653589793"/>
<Proper class1="N559" class2="C002" class3="C003" class4="C145" k1="0.000000" k2="4.204920" k3="0.000000" k4="0.000000" periodicity1="1" periodicity2="2" periodicity3="3" periodicity4="4" phase1="0.00" phase2="3.141592653589793" phase3="0.00" phase4="3.141592653589793"/>
<Improper class1="C002" class2="C003" class3="N559" class4="C561" k1="0.000000" k2="10.460000" k3="0.000000" k4="0.000000" periodicity1="1" periodicity2="2" periodicity3="3" periodicity4="4" phase1="0.00" phase2="3.141592653589793" phase3="0.00" phase4="3.141592653589793"/>
<Improper class1="C558" class2="H563" class3="N559" class4="N557" k1="0.000000" k2="10.460000" k3="0.000000" k4="0.000000" periodicity1="1" periodicity2="2" periodicity3="3" periodicity4="4" phase1="0.00" phase2="3.141592653589793" phase3="0.00" phase4="3.141592653589793"/>
<Improper class1="C561" class2="H565" class3="C002" class4="N557" k1="0.000000" k2="10.460000" k3="0.000000" k4="0.000000" periodicity1="1" periodicity2="2" periodicity3="3" periodicity4="4" phase1="0.00" phase2="3.141592653589793" phase3="0.00" phase4="3.141592653589793"/>
</PeriodicTorsionForce>
<NonbondedForce coulomb14scale="0.5" lj14scale="0.5">
<Atom type="opls_563" charge="0.078000" sigma="0.242000" epsilon="0.125520" />
<Atom type="opls_561" charge="-0.286000" sigma="0.355000" epsilon="0.292880" />
<Atom type="opls_146" charge="0.115000" sigma="0.242000" epsilon="0.125520" />
<Atom type="opls_562" charge="0.306000" sigma="0.000000" epsilon="0.000000" />
<Atom type="opls_558" charge="0.275000" sigma="0.355000" epsilon="0.292880" />
<Atom type="opls_565" charge="0.187000" sigma="0.242000" epsilon="0.125520" />
<Atom type="opls_1002" charge="0.300000" sigma="0.355000" epsilon="0.292880" />
<Atom type="opls_557" charge="-0.257000" sigma="0.325000" epsilon="0.711280" />
<Atom type="opls_1003" charge="-0.040000" sigma="0.355000" epsilon="0.292880" />
<Atom type="opls_559" charge="-0.563000" sigma="0.325000" epsilon="0.711280" />
<Atom type="opls_145" charge="-0.115000" sigma="0.355000" epsilon="0.292880" />
</NonbondedForce>
</ForceField>
