<ForceField>
<AtomTypes>
<Type name="opls_567" class="C567" element="C" mass="12.011000" />
<Type name="opls_569" class="H569" element="H" mass="1.008000" />
<Type name="opls_146" class="H146" element="H" mass="1.008000" />
<Type name="opls_145" class="C145" element="C" mass="12.011000" />
<Type name="opls_947" class="C947" element="C" mass="12.011000" />
<Type name="opls_568" class="C568" element="C" mass="12.011000" />
<Type name="opls_570" class="H570" element="H" mass="1.008000" />
<Type name="opls_949" class="C949" element="C" mass="12.011000" />
<Type name="opls_566" class="O566" element="O" mass="15.999000" />
</AtomTypes>
<Residues>
<Residue name="NEU">
<Atom name="C00" type="opls_949" />
<Atom name="C01" type="opls_145" />
<Atom name="C02" type="opls_145" />
<Atom name="C03" type="opls_145" />
<Atom name="C04" type="opls_145" />
<Atom name="C05" type="opls_145" />
<Atom name="C06" type="opls_947" />
<Atom name="H07" type="opls_146" />
<Atom name="H08" type="opls_146" />
<Atom name="H09" type="opls_146" />
<Atom name="H0A" type="opls_146" />
<Atom name="H0B" type="opls_146" />
<Atom name="C0C" type="opls_568" />
<Atom name="C0D" type="opls_567" />
<Atom name="O0E" type="opls_566" />
<Atom name="C0F" type="opls_567" />
<Atom name="H0G" type="opls_570" />
<Atom name="H0H" type="opls_569" />
<Atom name="H0I" type="opls_569" />
<Bond from="0" to="1"/>
<Bond from="0" to="2"/>
<Bond from="1" to="3"/>
<Bond from="2" to="4"/>
<Bond from="3" to="5"/>
<Bond from="0" to="6"/>
<Bond from="1" to="7"/>
<Bond from="2" to="8"/>
<Bond from="3" to="9"/>
<Bond from="4" to="10"/>
<Bond from="5" to="11"/>
<Bond from="6" to="12"/>
<Bond from="12" to="13"/>
<Bond from="13" to="14"/>
<Bond from="6" to="15"/>
<Bond from="12" to="16"/>
<Bond from="13" to="17"/>
<Bond from="15" to="18"/>
<Bond from="4" to="5"/>
<Bond from="14" to="15"/>
</Residue>
</Residues>
<HarmonicBondForce>
<Bond class1="C145" class2="C949" length="0.140000" k="392459.200000"/>
<Bond class1="C145" class2="C949" length="0.140000" k="392459.200000"/>
<Bond class1="C145" class2="C145" length="0.140000" k="392459.200000"/>
<Bond class1="C145" class2="C145" length="0.140000" k="392459.200000"/>
<Bond class1="C145" class2="C145" length="0.140000" k="392459.200000"/>
<Bond class1="C947" class2="C949" length="0.146000" k="322168.000000"/>
<Bond class1="H146" class2="C145" length="0.108000" k="307105.600000"/>
<Bond class1="H146" class2="C145" length="0.108000" k="307105.600000"/>
<Bond class1="H146" class2="C145" length="0.108000" k="307105.600000"/>
<Bond class1="H146" class2="C145" length="0.108000" k="307105.600000"/>
<Bond class1="H146" class2="C145" length="0.108000" k="307105.600000"/>
<Bond class1="C568" class2="C947" length="0.142400" k="392459.200000"/>
<Bond class1="C567" class2="C568" length="0.136700" k="456892.800000"/>
<Bond class1="O566" class2="C567" length="0.136000" k="284512.000000"/>
<Bond class1="C567" class2="C947" length="0.136700" k="456892.800000"/>
<Bond class1="H570" class2="C568" length="0.108000" k="307105.600000"/>
<Bond class1="H569" class2="C567" length="0.108000" k="307105.600000"/>
<Bond class1="H569" class2="C567" length="0.108000" k="307105.600000"/>
<Bond class1="C145" class2="C145" length="0.140000" k="392459.200000"/>
<Bond class1="C567" class2="O566" length="0.136000" k="284512.000000"/>
</HarmonicBondForce>
<HarmonicAngleForce>
<Angle class1="C145" class2="C949" class3="C145" angle="2.094395" k="527.184000"/>
<Angle class1="C949" class2="C145" class3="C145" angle="2.094395" k="527.184000"/>
<Angle class1="C145" class2="C145" class3="C145" angle="2.094395" k="527.184000"/>
<Angle class1="C145" class2="C949" class3="C947" angle="2.094395" k="527.184000"/>
<Angle class1="C949" class2="C145" class3="H146" angle="2.094395" k="292.880000"/>
<Angle class1="C145" class2="C145" class3="H146" angle="2.094395" k="292.880000"/>
<Angle class1="C949" class2="C947" class3="C568" angle="2.225295" k="585.760000"/>
<Angle class1="C947" class2="C568" class3="C567" angle="1.872738" k="585.760000"/>
<Angle class1="C568" class2="C567" class3="O566" angle="1.916372" k="585.760000"/>
<Angle class1="C949" class2="C947" class3="C567" angle="2.193879" k="585.760000"/>
<Angle class1="C947" class2="C568" class3="H570" angle="2.225295" k="292.880000"/>
<Angle class1="C568" class2="C567" class3="H569" angle="2.305580" k="292.880000"/>
<Angle class1="C947" class2="C567" class3="H569" angle="2.305580" k="292.880000"/>
<Angle class1="O566" class2="C567" class3="H569" angle="1.979203" k="292.880000"/>
<Angle class1="C567" class2="C568" class3="H570" angle="2.193879" k="292.880000"/>
<Angle class1="C947" class2="C567" class3="O566" angle="1.916372" k="585.760000"/>
<Angle class1="C568" class2="C947" class3="C567" angle="1.872738" k="585.760000"/>
<Angle class1="C567" class2="O566" class3="C567" angle="1.874484" k="585.760000"/>
</HarmonicAngleForce>
<PeriodicTorsionForce>
<Proper class1="C145" class2="C145" class3="C145" class4="C145" k1="0.000000" k2="15.167000" k3="0.000000" k4="0.000000" periodicity1="1" periodicity2="2" periodicity3="3" periodicity4="4" phase1="0.00" phase2="3.141592653589793" phase3="0.00" phase4="3.141592653589793"/>
<Proper class1="C145" class2="C145" class3="C145" class4="C949" k1="0.000000" k2="15.167000" k3="0.000000" k4="0.000000" periodicity1="1" periodicity2="2" periodicity3="3" periodicity4="4" phase1="0.00" phase2="3.141592653589793" phase3="0.00" phase4="3.141592653589793"/>
<Proper class1="C145" class2="C145" class3="C949" class4="C145" k1="0.000000" k2="15.167000" k3="0.000000" k4="0.000000" periodicity1="1" periodicity2="2" periodicity3="3" periodicity4="4" phase1="0.00" phase2="3.141592653589793" phase3="0.00" phase4="3.141592653589793"/>
<Proper class1="C567" class2="C568" class3="C947" class4="C949" k1="0.000000" k2="15.167000" k3="0.000000" k4="0.000000" periodicity1="1" periodicity2="2" periodicity3="3" periodicity4="4" phase1="0.00" phase2="3.141592653589793" phase3="0.00" phase4="3.141592653589793"/>
<Proper class1="C567" class2="C947" class3="C949" class4="C145" k1="0.000000" k2="3.117080" k3="0.000000" k4="0.000000" periodicity1="1" periodicity2="2" periodicity3="3" periodicity4="4" phase1="0.00" phase2="3.141592653589793" phase3="0.00" phase4="3.141592653589793"/>
<Proper class1="C568" class2="C947" class3="C949" class4="C145" k1="0.000000" k2="3.117080" k3="0.000000" k4="0.000000" periodicity1="1" periodicity2="2" periodicity3="3" periodicity4="4" phase1="0.00" phase2="3.141592653589793" phase3="0.00" phase4="3.141592653589793"/>
<Proper class1="C947" class2="C949" class3="C145" class4="C145" k1="0.000000" k2="15.167000" k3="0.000000" k4="0.000000" periodicity1="1" periodicity2="2" periodicity3="3" periodicity4="4" phase1="0.00" phase2="3.141592653589793" phase3="0.00" phase4="3.141592653589793"/>
<Proper class1="H146" class2="C145" class3="C145" class4="C145" k1="0.000000" k2="15.167000" k3="0.000000" k4="0.000000" periodicity1="1" periodicity2="2" periodicity3="3" periodicity4="4" phase1="0.00" phase2="3.141592653589793" phase3="0.00" phase4="3.141592653589793"/>
<Proper class1="H146" class2="C145" class3="C145" class4="C949" k1="0.000000" k2="15.167000" k3="0.000000" k4="0.000000" periodicity1="1" periodicity2="2" periodicity3="3" periodicity4="4" phase1="0.00" phase2="3.141592653589793" phase3="0.00" phase4="3.141592653589793"/>
<Proper class1="H146" class2="C145" class3="C145" class4="H146" k1="0.000000" k2="15.167000" k3="0.000000" k4="0.000000" periodicity1="1" periodicity2="2" periodicity3="3" periodicity4="4" phase1="0.00" phase2="3.141592653589793" phase3="0.00" phase4="3.141592653589793"/>
<Proper class1="H146" class2="C145" class3="C949" class4="C145" k1="0.000000" k2="15.167000" k3="0.000000" k4="0.000000" periodicity1="1" periodicity2="2" periodicity3="3" periodicity4="4" phase1="0.00" phase2="3.141592653589793" phase3="0.00" phase4="3.141592653589793"/>
<Proper class1="H146" class2="C145" class3="C949" class4="C947" k1="0.000000" k2="15.167000" k3="0.000000" k4="0.000000" periodicity1="1" periodicity2="2" periodicity3="3" periodicity4="4" phase1="0.00" phase2="3.141592653589793" phase3="0.00" phase4="3.141592653589793"/>
<Proper class1="H569" class2="C567" class3="C568" class4="C947" k1="0.000000" k2="15.167000" k3="0.000000" k4="0.000000" periodicity1="1" periodicity2="2" periodicity3="3" periodicity4="4" phase1="0.00" phase2="3.141592653589793" phase3="0.00" phase4="3.141592653589793"/>
<Proper class1="H569" class2="C567" class3="C568" class4="H570" k1="0.000000" k2="15.167000" k3="0.000000" k4="0.000000" periodicity1="1" periodicity2="2" periodicity3="3" periodicity4="4" phase1="0.00" phase2="3.141592653589793" phase3="0.00" phase4="3.141592653589793"/>
<Proper class1="H569" class2="C567" class3="C947" class4="C568" k1="0.000000" k2="15.167000" k3="0.000000" k4="0.000000" periodicity1="1" periodicity2="2" periodicity3="3" periodicity4="4" phase1="0.00" phase2="3.141592653589793" phase3="0.00" phase4="3.141592653589793"/>
<Proper class1="H569" class2="C567" class3="C947" class4="C949" k1="0.000000" k2="15.167000" k3="0.000000" k4="0.000000" periodicity1="1" periodicity2="2" periodicity3="3" periodicity4="4" phase1="0.00" phase2="3.141592653589793" phase3="0.00" phase4="3.141592653589793"/>
<Proper class1="H569" class2="C567" class3="O566" class4="C567" k1="0.000000" k2="15.167000" k3="0.000000" k4="0.000000" periodicity1="1" periodicity2="2" periodicity3="3" periodicity4="4" phase1="0.00" phase2="3.141592653589793" phase3="0.00" phase4="3.141592653589793"/>
<Proper class1="H570" class2="C568" class3="C567" class4="O566" k1="0.000000" k2="15.167000" k3="0.000000" k4="0.000000" periodicity1="1" periodicity2="2" periodicity3="3" periodicity4="4" phase1="0.00" phase2="3.141592653589793" phase3="0.00" phase4="3.141592653589793"/>
<Proper class1="H570" class2="C568" class3="C947" class4="C567" k1="0.000000" k2="15.167000" k3="0.000000" k4="0.000000" periodicity1="1" periodicity2="2" periodicity3="3" periodicity4="4" phase1="0.00" phase2="3.141592653589793" phase3="0.00" phase4="3.141592653589793"/>
<Proper class1="H570" class2="C568" class3="C947" class4="C949" k1="0.000000" k2="15.167000" k3="0.000000" k4="0.000000" periodicity1="1" periodicity2="2" periodicity3="3" periodicity4="4" phase1="0.00" phase2="3.141592653589793" phase3="0.00" phase4="3.141592653589793"/>
<Proper class1="O566" class2="C567" class3="C568" class4="C947" k1="0.000000" k2="15.167000" k3="0.000000" k4="0.000000" periodicity1="1" periodicity2="2" periodicity3="3" periodicity4="4" phase1="0.00" phase2="3.141592653589793" phase3="0.00" phase4="3.141592653589793"/>
<Proper class1="O566" class2="C567" class3="C947" class4="C949" k1="0.000000" k2="15.167000" k3="0.000000" k4="0.000000" periodicity1="1" periodicity2="2" periodicity3="3" periodicity4="4" phase1="0.00" phase2="3.141592653589793" phase3="0.00" phase4="3.141592653589793"/>
<Improper class1="C947" class2="C949" class3="C568" class4="C567" k1="0.000000" k2="10.460000" k3="0.000000" k4="0.000000" periodicity1="1" periodicity2="2" periodicity3="3" periodicity4="4" phase1="0.00" phase2="3.141592653589793" phase3="0.00" phase4="3.141592653589793"/>
<Improper class1="C567" class2="H569" class3="C568" class4="O566" k1="0.000000" k2="10.460000" k3="0.000000" k4="0.000000" periodicity1="1" periodicity2="2" periodicity3="3" periodicity4="4" phase1="0.00" phase2="3.141592653589793" phase3="0.00" phase4="3.141592653589793"/>
<Improper class1="C567" class2="H569" class3="C947" class4="O566" k1="0.000000" k2="10.460000" k3="0.000000" k4="0.000000" periodicity1="1" periodicity2="2" periodicity3="3" periodicity4="4" phase1="0.00" phase2="3.141592653589793" phase3="0.00" phase4="3.141592653589793"/>
<Improper class1="C568" class2="H570" class3="C567" class4="C947" k1="0.000000" k2="10.460000" k3="0.000000" k4="0.000000" periodicity1="1" periodicity2="2" periodicity3="3" periodicity4="4" phase1="0.00" phase2="3.141592653589793" phase3="0.00" phase4="3.141592653589793"/>
</PeriodicTorsionForce>
<NonbondedForce coulomb14scale="0.5" lj14scale="0.5">
<Atom type="opls_146" charge="0.115000" sigma="0.242000" epsilon="0.125520" />
<Atom type="opls_567" charge="-0.019000" sigma="0.355000" epsilon="0.292880" />
<Atom type="opls_566" charge="-0.190000" sigma="0.290000" epsilon="0.585760" />
<Atom type="opls_145" charge="-0.115000" sigma="0.355000" epsilon="0.292880" />
<Atom type="opls_570" charge="0.126000" sigma="0.242000" epsilon="0.125520" />
<Atom type="opls_569" charge="0.142000" sigma="0.242000" epsilon="0.125520" />
<Atom type="opls_949" charge="0.011000" sigma="0.355000" epsilon="0.292880" />
<Atom type="opls_568" charge="-0.154000" sigma="0.355000" epsilon="0.317984" />
<Atom type="opls_947" charge="-0.039000" sigma="0.355000" epsilon="0.317984" />
</NonbondedForce>
</ForceField>
