<ForceField>
<AtomTypes>
<Type name="opls_144" class="H144" element="H" mass="1.008000" />
<Type name="opls_398" class="Cl398" element="Cl" mass="35.450000" />
<Type name="opls_226" class="Cl226" element="Cl" mass="35.450000" />
<Type name="opls_227" class="C227" element="C" mass="12.011000" />
<Type name="opls_399" class="C399" element="C" mass="12.011000" />
</AtomTypes>
<Residues>
<Residue name="NEU">
<Atom name="C00" type="opls_399" />
<Atom name="C01" type="opls_227" />
<Atom name="Cl0" type="opls_398" />
<Atom name="Cl1" type="opls_398" />
<Atom name="Cl2" type="opls_226" />
<Atom name="H05" type="opls_144" />
<Bond from="0" to="1"/>
<Bond from="0" to="2"/>
<Bond from="0" to="3"/>
<Bond from="1" to="4"/>
<Bond from="1" to="5"/>
</Residue>
</Residues>
<HarmonicBondForce>
<Bond class1="C227" class2="C399" length="0.134000" k="459403.200000"/>
<Bond class1="Cl398" class2="C399" length="0.172500" k="251040.000000"/>
<Bond class1="Cl398" class2="C399" length="0.172500" k="251040.000000"/>
<Bond class1="Cl226" class2="C227" length="0.172500" k="251040.000000"/>
<Bond class1="H144" class2="C227" length="0.108000" k="284512.000000"/>
</HarmonicBondForce>
<HarmonicAngleForce>
<Angle class1="C227" class2="C399" class3="Cl398" angle="2.120575" k="627.600000"/>
<Angle class1="C399" class2="C227" class3="Cl226" angle="2.120575" k="627.600000"/>
<Angle class1="C399" class2="C227" class3="H144" angle="2.094395" k="292.880000"/>
<Angle class1="Cl398" class2="C399" class3="Cl398" angle="2.072229" k="481.578400"/>
<Angle class1="Cl226" class2="C227" class3="H144" angle="1.989675" k="502.080000"/>
</HarmonicAngleForce>
<PeriodicTorsionForce>
<Proper class1="Cl226" class2="C227" class3="C399" class4="Cl398" k1="-3.347200" k2="29.288000" k3="0.000000" k4="0.000000" periodicity1="1" periodicity2="2" periodicity3="3" periodicity4="4" phase1="0.00" phase2="3.141592653589793" phase3="0.00" phase4="3.141592653589793"/>
<Proper class1="H144" class2="C227" class3="C399" class4="Cl398" k1="0.000000" k2="29.288000" k3="0.000000" k4="0.000000" periodicity1="1" periodicity2="2" periodicity3="3" periodicity4="4" phase1="0.00" phase2="3.141592653589793" phase3="0.00" phase4="3.141592653589793"/>
<Improper class1="C227" class2="C399" class3="Cl226" class4="H144" k1="0.000000" k2="10.460000" k3="0.000000" k4="0.000000" periodicity1="1" periodicity2="2" periodicity3="3" periodicity4="4" phase1="0.00" phase2="3.141592653589793" phase3="0.00" phase4="3.141592653589793"/>
</PeriodicTorsionForce>
<NonbondedForce coulomb14scale="0.5" lj14scale="0.5">
<Atom type="opls_399" charge="0.120000" sigma="0.355000" epsilon="0.317984" />
<Atom type="opls_398" charge="-0.060000" sigma="0.340000" epsilon="1.255200" />
<Atom type="opls_227" charge="0.005000" sigma="0.355000" epsilon="0.317984" />
<Atom type="opls_226" charge="-0.120000" sigma="0.340000" epsilon="1.255200" />
<Atom type="opls_144" charge="0.115000" sigma="0.242000" epsilon="0.125520" />
</NonbondedForce>
</ForceField>
