<ForceField>
<AtomTypes>
<Type name="opls_498" class="C498" element="C" mass="12.011000" />
<Type name="opls_496" class="S496" element="S" mass="32.060000" />
<Type name="opls_497" class="O497" element="O" mass="15.999000" />
<Type name="opls_140" class="H140" element="H" mass="1.008000" />
</AtomTypes>
<Residues>
<Residue name="NEU">
<Atom name="S00" type="opls_496" />
<Atom name="C01" type="opls_498" />
<Atom name="C02" type="opls_498" />
<Atom name="H03" type="opls_140" />
<Atom name="H04" type="opls_140" />
<Atom name="H05" type="opls_140" />
<Atom name="H06" type="opls_140" />
<Atom name="H07" type="opls_140" />
<Atom name="H08" type="opls_140" />
<Atom name="O09" type="opls_497" />
<Bond from="0" to="1"/>
<Bond from="0" to="2"/>
<Bond from="1" to="3"/>
<Bond from="1" to="4"/>
<Bond from="1" to="5"/>
<Bond from="2" to="6"/>
<Bond from="2" to="7"/>
<Bond from="2" to="8"/>
<Bond from="0" to="9"/>
</Residue>
</Residues>
<HarmonicBondForce>
<Bond class1="C498" class2="S496" length="0.179000" k="284512.000000"/>
<Bond class1="C498" class2="S496" length="0.179000" k="284512.000000"/>
<Bond class1="H140" class2="C498" length="0.109000" k="284512.000000"/>
<Bond class1="H140" class2="C498" length="0.109000" k="284512.000000"/>
<Bond class1="H140" class2="C498" length="0.109000" k="284512.000000"/>
<Bond class1="H140" class2="C498" length="0.109000" k="284512.000000"/>
<Bond class1="H140" class2="C498" length="0.109000" k="284512.000000"/>
<Bond class1="H140" class2="C498" length="0.109000" k="284512.000000"/>
<Bond class1="O497" class2="S496" length="0.153000" k="585760.000000"/>
</HarmonicBondForce>
<HarmonicAngleForce>
<Angle class1="C498" class2="S496" class3="C498" angle="1.675516" k="518.816000"/>
<Angle class1="S496" class2="C498" class3="H140" angle="1.911136" k="292.880000"/>
<Angle class1="C498" class2="S496" class3="O497" angle="1.867502" k="619.232000"/>
<Angle class1="H140" class2="C498" class3="H140" angle="1.881465" k="276.144000"/>
</HarmonicAngleForce>
<PeriodicTorsionForce>
<Proper class1="H140" class2="C498" class3="S496" class4="C498" k1="0.000000" k2="0.000000" k3="1.353524" k4="0.000000" periodicity1="1" periodicity2="2" periodicity3="3" periodicity4="4" phase1="0.00" phase2="3.141592653589793" phase3="0.00" phase4="3.141592653589793"/>
<Proper class1="O497" class2="S496" class3="C498" class4="H140" k1="0.000000" k2="0.000000" k3="0.732200" k4="0.000000" periodicity1="1" periodicity2="2" periodicity3="3" periodicity4="4" phase1="0.00" phase2="3.141592653589793" phase3="0.00" phase4="3.141592653589793"/>
</PeriodicTorsionForce>
<NonbondedForce coulomb14scale="0.5" lj14scale="0.5">
<Atom type="opls_140" charge="0.060000" sigma="0.250000" epsilon="0.125520" />
<Atom type="opls_496" charge="0.130000" sigma="0.356000" epsilon="1.652680" />
<Atom type="opls_497" charge="-0.420000" sigma="0.293000" epsilon="1.171520" />
<Atom type="opls_498" charge="-0.035000" sigma="0.350000" epsilon="0.276144" />
</NonbondedForce>
</ForceField>
