<ForceField>
<AtomTypes>
<Type name="opls_144" class="H144" element="H" mass="1.008000" />
<Type name="opls_269" class="O269" element="O" mass="15.999000" />
<Type name="opls_270" class="H270" element="H" mass="1.008000" />
<Type name="opls_268" class="O268" element="O" mass="15.999000" />
<Type name="opls_143" class="C143" element="C" mass="12.011000" />
<Type name="opls_150" class="C150" element="C" mass="12.011000" />
<Type name="opls_267" class="C267" element="C" mass="12.011000" />
</AtomTypes>
<Residues>
<Residue name="NEU">
<Atom name="C00" type="opls_150" />
<Atom name="C01" type="opls_267" />
<Atom name="O02" type="opls_269" />
<Atom name="O03" type="opls_268" />
<Atom name="H04" type="opls_270" />
<Atom name="C05" type="opls_143" />
<Atom name="H06" type="opls_144" />
<Atom name="H07" type="opls_144" />
<Atom name="H08" type="opls_144" />
<Bond from="0" to="1"/>
<Bond from="1" to="2"/>
<Bond from="1" to="3"/>
<Bond from="3" to="4"/>
<Bond from="0" to="5"/>
<Bond from="0" to="6"/>
<Bond from="5" to="7"/>
<Bond from="5" to="8"/>
</Residue>
</Residues>
<HarmonicBondForce>
<Bond class1="C267" class2="C150" length="0.146000" k="322168.000000"/>
<Bond class1="O269" class2="C267" length="0.122900" k="476976.000000"/>
<Bond class1="O268" class2="C267" length="0.136400" k="376560.000000"/>
<Bond class1="H270" class2="O268" length="0.094500" k="462750.400000"/>
<Bond class1="C143" class2="C150" length="0.134000" k="459403.200000"/>
<Bond class1="H144" class2="C150" length="0.108000" k="284512.000000"/>
<Bond class1="H144" class2="C143" length="0.108000" k="284512.000000"/>
<Bond class1="H144" class2="C143" length="0.108000" k="284512.000000"/>
</HarmonicBondForce>
<HarmonicAngleForce>
<Angle class1="C150" class2="C267" class3="O269" angle="2.164208" k="669.440000"/>
<Angle class1="C150" class2="C267" class3="O268" angle="2.046049" k="568.438240"/>
<Angle class1="C267" class2="O268" class3="H270" angle="1.972222" k="292.880000"/>
<Angle class1="C267" class2="C150" class3="C143" angle="2.071706" k="585.760000"/>
<Angle class1="C267" class2="C150" class3="H144" angle="2.089159" k="292.880000"/>
<Angle class1="C150" class2="C143" class3="H144" angle="2.094395" k="292.880000"/>
<Angle class1="C143" class2="C150" class3="H144" angle="2.094395" k="292.880000"/>
<Angle class1="O269" class2="C267" class3="O268" angle="2.111848" k="669.440000"/>
<Angle class1="H144" class2="C143" class3="H144" angle="2.042035" k="292.880000"/>
</HarmonicAngleForce>
<PeriodicTorsionForce>
<Proper class1="C143" class2="C150" class3="C267" class4="O268" k1="6.694400" k2="-6.276000" k3="0.000000" k4="0.000000" periodicity1="1" periodicity2="2" periodicity3="3" periodicity4="4" phase1="0.00" phase2="3.141592653589793" phase3="0.00" phase4="3.141592653589793"/>
<Proper class1="C143" class2="C150" class3="C267" class4="O269" k1="5.230000" k2="12.552000" k3="0.000000" k4="0.000000" periodicity1="1" periodicity2="2" periodicity3="3" periodicity4="4" phase1="0.00" phase2="3.141592653589793" phase3="0.00" phase4="3.141592653589793"/>
<Proper class1="H144" class2="C143" class3="C150" class4="C267" k1="0.000000" k2="29.288000" k3="0.000000" k4="0.000000" periodicity1="1" periodicity2="2" periodicity3="3" periodicity4="4" phase1="0.00" phase2="3.141592653589793" phase3="0.00" phase4="3.141592653589793"/>
<Proper class1="H144" class2="C143" class3="C150" class4="H144" k1="0.000000" k2="29.288000" k3="0.000000" k4="0.000000" periodicity1="1" periodicity2="2" periodicity3="3" periodicity4="4" phase1="0.00" phase2="3.141592653589793" phase3="0.00" phase4="3.141592653589793"/>
<Proper class1="H144" class2="C150" class3="C267" class4="O268" k1="0.000000" k2="0.000000" k3="0.000000" k4="0.000000" periodicity1="1" periodicity2="2" periodicity3="3" periodicity4="4" phase1="0.00" phase2="3.141592653589793" phase3="0.00" phase4="3.141592653589793"/>
<Proper class1="H144" class2="C150" class3="C267" class4="O269" k1="0.000000" k2="0.000000" k3="0.000000" k4="0.000000" periodicity1="1" periodicity2="2" periodicity3="3" periodicity4="4" phase1="0.00" phase2="3.141592653589793" phase3="0.00" phase4="3.141592653589793"/>
<Proper class1="H270" class2="O268" class3="C267" class4="C150" k1="3.138000" k2="11.506000" k3="0.000000" k4="0.000000" periodicity1="1" periodicity2="2" periodicity3="3" periodicity4="4" phase1="0.00" phase2="3.141592653589793" phase3="0.00" phase4="3.141592653589793"/>
<Proper class1="H270" class2="O268" class3="C267" class4="O269" k1="0.000000" k2="11.506000" k3="0.000000" k4="0.000000" periodicity1="1" periodicity2="2" periodicity3="3" periodicity4="4" phase1="0.00" phase2="3.141592653589793" phase3="0.00" phase4="3.141592653589793"/>
<Improper class1="C150" class2="C267" class3="C143" class4="H144" k1="0.000000" k2="10.460000" k3="0.000000" k4="0.000000" periodicity1="1" periodicity2="2" periodicity3="3" periodicity4="4" phase1="0.00" phase2="3.141592653589793" phase3="0.00" phase4="3.141592653589793"/>
<Improper class1="C267" class2="C150" class3="O269" class4="O268" k1="0.000000" k2="43.932000" k3="0.000000" k4="0.000000" periodicity1="1" periodicity2="2" periodicity3="3" periodicity4="4" phase1="0.00" phase2="3.141592653589793" phase3="0.00" phase4="3.141592653589793"/>
</PeriodicTorsionForce>
<NonbondedForce coulomb14scale="0.5" lj14scale="0.5">
<Atom type="opls_143" charge="-0.230000" sigma="0.355000" epsilon="0.317984" />
<Atom type="opls_268" charge="-0.530000" sigma="0.300000" epsilon="0.711280" />
<Atom type="opls_269" charge="-0.440000" sigma="0.296000" epsilon="0.878640" />
<Atom type="opls_150" charge="-0.115000" sigma="0.355000" epsilon="0.317984" />
<Atom type="opls_270" charge="0.450000" sigma="0.000000" epsilon="0.000000" />
<Atom type="opls_144" charge="0.115000" sigma="0.242000" epsilon="0.125520" />
<Atom type="opls_267" charge="0.520000" sigma="0.375000" epsilon="0.439320" />
</NonbondedForce>
</ForceField>
