<ForceField>
<AtomTypes>
<Type name="opls_420" class="O420" element="O" mass="15.999000" />
<Type name="opls_419" class="H419" element="H" mass="1.008000" />
<Type name="opls_418" class="C418" element="C" mass="12.011000" />
</AtomTypes>
<Residues>
<Residue name="NEG">
<Atom name="C00" type="opls_418" />
<Atom name="O01" type="opls_420" />
<Atom name="H02" type="opls_419" />
<Atom name="H03" type="opls_419" />
<Atom name="H04" type="opls_419" />
<Bond from="0" to="1"/>
<Bond from="0" to="2"/>
<Bond from="0" to="3"/>
<Bond from="0" to="4"/>
</Residue>
</Residues>
<HarmonicBondForce>
<Bond class1="O420" class2="C418" length="0.142500" k="323004.800000"/>
<Bond class1="H419" class2="C418" length="0.109000" k="284512.000000"/>
<Bond class1="H419" class2="C418" length="0.109000" k="284512.000000"/>
<Bond class1="H419" class2="C418" length="0.109000" k="284512.000000"/>
</HarmonicBondForce>
<HarmonicAngleForce>
<Angle class1="O420" class2="C418" class3="H419" angle="1.911136" k="292.880000"/>
<Angle class1="H419" class2="C418" class3="H419" angle="1.881465" k="276.144000"/>
</HarmonicAngleForce>
<PeriodicTorsionForce>
</PeriodicTorsionForce>
<NonbondedForce coulomb14scale="0.5" lj14scale="0.5">
<Atom type="opls_418" charge="-0.200000" sigma="0.420000" epsilon="1.255200" />
<Atom type="opls_419" charge="0.060000" sigma="0.250000" epsilon="0.209200" />
<Atom type="opls_420" charge="-0.980000" sigma="0.315000" epsilon="1.046000" />
</NonbondedForce>
</ForceField>
