<ForceField>
<AtomTypes>
<Type name="opls_370" class="O370" element="O" mass="15.999000" />
<Type name="opls_364" class="C364" element="C" mass="12.011000" />
<Type name="opls_368" class="N368" element="N" mass="14.007000" />
<Type name="opls_360" class="H360" element="H" mass="1.008000" />
<Type name="opls_359" class="H359" element="H" mass="1.008000" />
<Type name="opls_367" class="H367" element="H" mass="1.008000" />
<Type name="opls_361" class="N361" element="N" mass="14.007000" />
<Type name="opls_365" class="C365" element="C" mass="12.011000" />
<Type name="opls_363" class="N363" element="N" mass="14.007000" />
<Type name="opls_352" class="N352" element="N" mass="14.007000" />
<Type name="opls_353" class="C353" element="C" mass="12.011000" />
<Type name="opls_354" class="N354" element="N" mass="14.007000" />
<Type name="opls_369" class="H369" element="H" mass="1.008000" />
<Type name="opls_366" class="C366" element="C" mass="12.011000" />
<Type name="opls_362" class="C362" element="C" mass="12.011000" />
</AtomTypes>
<Residues>
<Residue name="NEU">
<Atom name="C00" type="opls_365" />
<Atom name="C01" type="opls_366" />
<Atom name="N02" type="opls_361" />
<Atom name="C03" type="opls_364" />
<Atom name="N04" type="opls_363" />
<Atom name="C05" type="opls_362" />
<Atom name="N06" type="opls_352" />
<Atom name="N07" type="opls_354" />
<Atom name="C08" type="opls_353" />
<Atom name="O09" type="opls_370" />
<Atom name="N0A" type="opls_368" />
<Atom name="H0B" type="opls_360" />
<Atom name="H0C" type="opls_359" />
<Atom name="H0D" type="opls_369" />
<Atom name="H0E" type="opls_369" />
<Atom name="H0F" type="opls_367" />
<Bond from="0" to="1"/>
<Bond from="1" to="2"/>
<Bond from="0" to="3"/>
<Bond from="3" to="4"/>
<Bond from="2" to="5"/>
<Bond from="0" to="6"/>
<Bond from="3" to="7"/>
<Bond from="6" to="8"/>
<Bond from="1" to="9"/>
<Bond from="5" to="10"/>
<Bond from="7" to="11"/>
<Bond from="8" to="12"/>
<Bond from="10" to="13"/>
<Bond from="10" to="14"/>
<Bond from="2" to="15"/>
<Bond from="4" to="5"/>
<Bond from="7" to="8"/>
</Residue>
</Residues>
<HarmonicBondForce>
<Bond class1="C366" class2="C365" length="0.141900" k="374049.600000"/>
<Bond class1="N361" class2="C366" length="0.138800" k="349782.400000"/>
<Bond class1="C364" class2="C365" length="0.137000" k="435136.000000"/>
<Bond class1="N363" class2="C364" length="0.135400" k="385764.800000"/>
<Bond class1="C362" class2="N361" length="0.138100" k="357313.600000"/>
<Bond class1="N352" class2="C365" length="0.139100" k="346435.200000"/>
<Bond class1="N354" class2="C364" length="0.137400" k="364844.800000"/>
<Bond class1="C353" class2="N352" length="0.130400" k="442667.200000"/>
<Bond class1="O370" class2="C366" length="0.122900" k="476976.000000"/>
<Bond class1="N368" class2="C362" length="0.134000" k="402500.800000"/>
<Bond class1="H360" class2="N354" length="0.101000" k="363171.200000"/>
<Bond class1="H359" class2="C353" length="0.108000" k="307105.600000"/>
<Bond class1="H369" class2="N368" length="0.101000" k="363171.200000"/>
<Bond class1="H369" class2="N368" length="0.101000" k="363171.200000"/>
<Bond class1="H367" class2="N361" length="0.101000" k="363171.200000"/>
<Bond class1="C362" class2="N363" length="0.133900" k="404174.400000"/>
<Bond class1="C353" class2="N354" length="0.137100" k="368192.000000"/>
</HarmonicBondForce>
<HarmonicAngleForce>
<Angle class1="C365" class2="C366" class3="N361" angle="1.942551" k="585.760000"/>
<Angle class1="C366" class2="C365" class3="C364" angle="2.080432" k="711.280000"/>
<Angle class1="C365" class2="C364" class3="N363" angle="2.228785" k="585.760000"/>
<Angle class1="C366" class2="N361" class3="C362" angle="2.185152" k="585.760000"/>
<Angle class1="C366" class2="C365" class3="N352" angle="2.268928" k="585.760000"/>
<Angle class1="C365" class2="C364" class3="N354" angle="1.853540" k="585.760000"/>
<Angle class1="C365" class2="N352" class3="C353" angle="1.811652" k="585.760000"/>
<Angle class1="C365" class2="C366" class3="O370" angle="2.247984" k="669.440000"/>
<Angle class1="N361" class2="C362" class3="N368" angle="2.024582" k="585.760000"/>
<Angle class1="C364" class2="N354" class3="H360" angle="2.195624" k="251.040000"/>
<Angle class1="N352" class2="C353" class3="H359" angle="2.147628" k="292.880000"/>
<Angle class1="C362" class2="N368" class3="H369" angle="2.094395" k="292.880000"/>
<Angle class1="C366" class2="N361" class3="H367" angle="2.038545" k="292.880000"/>
<Angle class1="C364" class2="C365" class3="N352" angle="1.937315" k="585.760000"/>
<Angle class1="C362" class2="N361" class3="H367" angle="2.059489" k="292.880000"/>
<Angle class1="N352" class2="C353" class3="N354" angle="1.987930" k="585.760000"/>
<Angle class1="N363" class2="C362" class3="N368" angle="2.082178" k="585.760000"/>
<Angle class1="N361" class2="C362" class3="N363" angle="2.151991" k="585.760000"/>
<Angle class1="C353" class2="N354" class3="H360" angle="2.247984" k="251.040000"/>
<Angle class1="C364" class2="N363" class3="C362" angle="1.958259" k="585.760000"/>
<Angle class1="H369" class2="N368" class3="H369" angle="2.094395" k="292.880000"/>
<Angle class1="N354" class2="C353" class3="H359" angle="2.147628" k="292.880000"/>
<Angle class1="N363" class2="C364" class3="N354" angle="2.202606" k="585.760000"/>
<Angle class1="C364" class2="N354" class3="C353" angle="1.839577" k="585.760000"/>
<Angle class1="N361" class2="C366" class3="O370" angle="2.104867" k="669.440000"/>
</HarmonicAngleForce>
<PeriodicTorsionForce>
<Proper class1="C353" class2="N352" class3="C365" class4="C366" k1="0.000000" k2="15.167000" k3="0.000000" k4="0.000000" periodicity1="1" periodicity2="2" periodicity3="3" periodicity4="4" phase1="0.00" phase2="3.141592653589793" phase3="0.00" phase4="3.141592653589793"/>
<Proper class1="C353" class2="N354" class3="C364" class4="N363" k1="0.000000" k2="15.167000" k3="0.000000" k4="0.000000" periodicity1="1" periodicity2="2" periodicity3="3" periodicity4="4" phase1="0.00" phase2="3.141592653589793" phase3="0.00" phase4="3.141592653589793"/>
<Proper class1="C362" class2="N361" class3="C366" class4="C365" k1="0.000000" k2="0.313800" k3="0.000000" k4="0.000000" periodicity1="1" periodicity2="2" periodicity3="3" periodicity4="4" phase1="0.00" phase2="3.141592653589793" phase3="0.00" phase4="3.141592653589793"/>
<Proper class1="C362" class2="N363" class3="C364" class4="C365" k1="0.000000" k2="15.167000" k3="0.000000" k4="0.000000" periodicity1="1" periodicity2="2" periodicity3="3" periodicity4="4" phase1="0.00" phase2="3.141592653589793" phase3="0.00" phase4="3.141592653589793"/>
<Proper class1="C364" class2="C365" class3="C366" class4="N361" k1="0.000000" k2="14.644000" k3="0.000000" k4="0.000000" periodicity1="1" periodicity2="2" periodicity3="3" periodicity4="4" phase1="0.00" phase2="3.141592653589793" phase3="0.00" phase4="3.141592653589793"/>
<Proper class1="C364" class2="N363" class3="C362" class4="N361" k1="0.000000" k2="15.167000" k3="0.000000" k4="0.000000" periodicity1="1" periodicity2="2" periodicity3="3" periodicity4="4" phase1="0.00" phase2="3.141592653589793" phase3="0.00" phase4="3.141592653589793"/>
<Proper class1="H359" class2="C353" class3="N352" class4="C365" k1="0.000000" k2="15.167000" k3="0.000000" k4="0.000000" periodicity1="1" periodicity2="2" periodicity3="3" periodicity4="4" phase1="0.00" phase2="3.141592653589793" phase3="0.00" phase4="3.141592653589793"/>
<Proper class1="H359" class2="C353" class3="N354" class4="C364" k1="0.000000" k2="0.313800" k3="0.000000" k4="0.000000" periodicity1="1" periodicity2="2" periodicity3="3" periodicity4="4" phase1="0.00" phase2="3.141592653589793" phase3="0.00" phase4="3.141592653589793"/>
<Proper class1="H359" class2="C353" class3="N354" class4="H360" k1="0.000000" k2="10.460000" k3="0.000000" k4="0.000000" periodicity1="1" periodicity2="2" periodicity3="3" periodicity4="4" phase1="0.00" phase2="3.141592653589793" phase3="0.00" phase4="3.141592653589793"/>
<Proper class1="H360" class2="N354" class3="C353" class4="N352" k1="0.000000" k2="15.167000" k3="0.000000" k4="0.000000" periodicity1="1" periodicity2="2" periodicity3="3" periodicity4="4" phase1="0.00" phase2="3.141592653589793" phase3="0.00" phase4="3.141592653589793"/>
<Proper class1="H360" class2="N354" class3="C364" class4="C365" k1="0.000000" k2="10.460000" k3="0.000000" k4="0.000000" periodicity1="1" periodicity2="2" periodicity3="3" periodicity4="4" phase1="0.00" phase2="3.141592653589793" phase3="0.00" phase4="3.141592653589793"/>
<Proper class1="H360" class2="N354" class3="C364" class4="N363" k1="0.000000" k2="10.460000" k3="0.000000" k4="0.000000" periodicity1="1" periodicity2="2" periodicity3="3" periodicity4="4" phase1="0.00" phase2="3.141592653589793" phase3="0.00" phase4="3.141592653589793"/>
<Proper class1="H367" class2="N361" class3="C362" class4="N363" k1="0.000000" k2="7.949600" k3="0.000000" k4="0.000000" periodicity1="1" periodicity2="2" periodicity3="3" periodicity4="4" phase1="0.00" phase2="3.141592653589793" phase3="0.00" phase4="3.141592653589793"/>
<Proper class1="H367" class2="N361" class3="C362" class4="N368" k1="0.000000" k2="8.158800" k3="0.000000" k4="0.000000" periodicity1="1" periodicity2="2" periodicity3="3" periodicity4="4" phase1="0.00" phase2="3.141592653589793" phase3="0.00" phase4="3.141592653589793"/>
<Proper class1="H367" class2="N361" class3="C366" class4="C365" k1="0.000000" k2="10.250800" k3="0.000000" k4="0.000000" periodicity1="1" periodicity2="2" periodicity3="3" periodicity4="4" phase1="0.00" phase2="3.141592653589793" phase3="0.00" phase4="3.141592653589793"/>
<Proper class1="H367" class2="N361" class3="C366" class4="O370" k1="0.000000" k2="10.250800" k3="0.000000" k4="0.000000" periodicity1="1" periodicity2="2" periodicity3="3" periodicity4="4" phase1="0.00" phase2="3.141592653589793" phase3="0.00" phase4="3.141592653589793"/>
<Proper class1="H369" class2="N368" class3="C362" class4="N361" k1="0.000000" k2="7.949600" k3="0.000000" k4="0.000000" periodicity1="1" periodicity2="2" periodicity3="3" periodicity4="4" phase1="0.00" phase2="3.141592653589793" phase3="0.00" phase4="3.141592653589793"/>
<Proper class1="H369" class2="N368" class3="C362" class4="N363" k1="0.000000" k2="7.949600" k3="0.000000" k4="0.000000" periodicity1="1" periodicity2="2" periodicity3="3" periodicity4="4" phase1="0.00" phase2="3.141592653589793" phase3="0.00" phase4="3.141592653589793"/>
<Proper class1="N352" class2="C365" class3="C364" class4="N363" k1="0.000000" k2="15.167000" k3="0.000000" k4="0.000000" periodicity1="1" periodicity2="2" periodicity3="3" periodicity4="4" phase1="0.00" phase2="3.141592653589793" phase3="0.00" phase4="3.141592653589793"/>
<Proper class1="N352" class2="C365" class3="C366" class4="N361" k1="0.000000" k2="14.644000" k3="0.000000" k4="0.000000" periodicity1="1" periodicity2="2" periodicity3="3" periodicity4="4" phase1="0.00" phase2="3.141592653589793" phase3="0.00" phase4="3.141592653589793"/>
<Proper class1="N354" class2="C364" class3="C365" class4="C366" k1="0.000000" k2="15.167000" k3="0.000000" k4="0.000000" periodicity1="1" periodicity2="2" periodicity3="3" periodicity4="4" phase1="0.00" phase2="3.141592653589793" phase3="0.00" phase4="3.141592653589793"/>
<Proper class1="N354" class2="C364" class3="N363" class4="C362" k1="0.000000" k2="15.167000" k3="0.000000" k4="0.000000" periodicity1="1" periodicity2="2" periodicity3="3" periodicity4="4" phase1="0.00" phase2="3.141592653589793" phase3="0.00" phase4="3.141592653589793"/>
<Proper class1="N363" class2="C362" class3="N361" class4="C366" k1="0.000000" k2="15.167000" k3="0.000000" k4="0.000000" periodicity1="1" periodicity2="2" periodicity3="3" periodicity4="4" phase1="0.00" phase2="3.141592653589793" phase3="0.00" phase4="3.141592653589793"/>
<Proper class1="N363" class2="C364" class3="C365" class4="C366" k1="0.000000" k2="15.167000" k3="0.000000" k4="0.000000" periodicity1="1" periodicity2="2" periodicity3="3" periodicity4="4" phase1="0.00" phase2="3.141592653589793" phase3="0.00" phase4="3.141592653589793"/>
<Proper class1="N368" class2="C362" class3="N361" class4="C366" k1="0.000000" k2="16.602112" k3="0.000000" k4="0.000000" periodicity1="1" periodicity2="2" periodicity3="3" periodicity4="4" phase1="0.00" phase2="3.141592653589793" phase3="0.00" phase4="3.141592653589793"/>
<Proper class1="N368" class2="C362" class3="N363" class4="C364" k1="0.000000" k2="15.167000" k3="0.000000" k4="0.000000" periodicity1="1" periodicity2="2" periodicity3="3" periodicity4="4" phase1="0.00" phase2="3.141592653589793" phase3="0.00" phase4="3.141592653589793"/>
<Proper class1="O370" class2="C366" class3="C365" class4="C364" k1="0.000000" k2="14.644000" k3="0.000000" k4="0.000000" periodicity1="1" periodicity2="2" periodicity3="3" periodicity4="4" phase1="0.00" phase2="3.141592653589793" phase3="0.00" phase4="3.141592653589793"/>
<Proper class1="O370" class2="C366" class3="C365" class4="N352" k1="0.000000" k2="14.644000" k3="0.000000" k4="0.000000" periodicity1="1" periodicity2="2" periodicity3="3" periodicity4="4" phase1="0.00" phase2="3.141592653589793" phase3="0.00" phase4="3.141592653589793"/>
<Proper class1="O370" class2="C366" class3="N361" class4="C362" k1="0.000000" k2="12.738188" k3="0.000000" k4="0.000000" periodicity1="1" periodicity2="2" periodicity3="3" periodicity4="4" phase1="0.00" phase2="3.141592653589793" phase3="0.00" phase4="3.141592653589793"/>
<Improper class1="C366" class2="C365" class3="N361" class4="O370" k1="0.000000" k2="43.932000" k3="0.000000" k4="0.000000" periodicity1="1" periodicity2="2" periodicity3="3" periodicity4="4" phase1="0.00" phase2="3.141592653589793" phase3="0.00" phase4="3.141592653589793"/>
<Improper class1="C365" class2="C366" class3="C364" class4="N352" k1="0.000000" k2="10.460000" k3="0.000000" k4="0.000000" periodicity1="1" periodicity2="2" periodicity3="3" periodicity4="4" phase1="0.00" phase2="3.141592653589793" phase3="0.00" phase4="3.141592653589793"/>
<Improper class1="C353" class2="H359" class3="N352" class4="N354" k1="0.000000" k2="10.460000" k3="0.000000" k4="0.000000" periodicity1="1" periodicity2="2" periodicity3="3" periodicity4="4" phase1="0.00" phase2="3.141592653589793" phase3="0.00" phase4="3.141592653589793"/>
<Improper class1="C364" class2="C365" class3="N363" class4="N354" k1="0.000000" k2="10.460000" k3="0.000000" k4="0.000000" periodicity1="1" periodicity2="2" periodicity3="3" periodicity4="4" phase1="0.00" phase2="3.141592653589793" phase3="0.00" phase4="3.141592653589793"/>
<Improper class1="C362" class2="N368" class3="N361" class4="N363" k1="0.000000" k2="10.460000" k3="0.000000" k4="0.000000" periodicity1="1" periodicity2="2" periodicity3="3" periodicity4="4" phase1="0.00" phase2="3.141592653589793" phase3="0.00" phase4="3.141592653589793"/>
</PeriodicTorsionForce>
<NonbondedForce coulomb14scale="0.5" lj14scale="0.5">
<Atom type="opls_359" charge="0.200000" sigma="0.250000" epsilon="0.209200" />
<Atom type="opls_368" charge="-0.800000" sigma="0.325000" epsilon="0.711280" />
<Atom type="opls_367" charge="0.380000" sigma="0.000000" epsilon="0.000000" />
<Atom type="opls_364" charge="0.340000" sigma="0.350000" epsilon="0.334720" />
<Atom type="opls_366" charge="0.520000" sigma="0.375000" epsilon="0.439320" />
<Atom type="opls_363" charge="-0.510000" sigma="0.325000" epsilon="0.711280" />
<Atom type="opls_370" charge="-0.510000" sigma="0.296000" epsilon="0.878640" />
<Atom type="opls_352" charge="-0.490000" sigma="0.325000" epsilon="0.711280" />
<Atom type="opls_361" charge="-0.560000" sigma="0.325000" epsilon="0.711280" />
<Atom type="opls_360" charge="0.350000" sigma="0.000000" epsilon="0.000000" />
<Atom type="opls_353" charge="0.200000" sigma="0.350000" epsilon="0.334720" />
<Atom type="opls_362" charge="0.460000" sigma="0.350000" epsilon="0.334720" />
<Atom type="opls_369" charge="0.400000" sigma="0.000000" epsilon="0.000000" />
<Atom type="opls_365" charge="0.120000" sigma="0.350000" epsilon="0.334720" />
<Atom type="opls_354" charge="-0.500000" sigma="0.325000" epsilon="0.711280" />
</NonbondedForce>
</ForceField>
