<ForceField>
<AtomTypes>
<Type name="opls_583" class="C583" element="C" mass="12.011000" />
<Type name="opls_580" class="N580" element="N" mass="14.007000" />
<Type name="opls_585" class="H585" element="H" mass="1.008000" />
<Type name="opls_582" class="C582" element="C" mass="12.011000" />
<Type name="opls_586" class="H586" element="H" mass="1.008000" />
<Type name="opls_579" class="O579" element="O" mass="15.999000" />
<Type name="opls_584" class="H584" element="H" mass="1.008000" />
<Type name="opls_581" class="C581" element="C" mass="12.011000" />
</AtomTypes>
<Residues>
<Residue name="NEU">
<Atom name="C00" type="opls_582" />
<Atom name="C01" type="opls_583" />
<Atom name="O02" type="opls_579" />
<Atom name="C03" type="opls_581" />
<Atom name="N04" type="opls_580" />
<Atom name="H05" type="opls_585" />
<Atom name="H06" type="opls_586" />
<Atom name="H07" type="opls_584" />
<Bond from="0" to="1"/>
<Bond from="1" to="2"/>
<Bond from="0" to="3"/>
<Bond from="2" to="4"/>
<Bond from="0" to="5"/>
<Bond from="1" to="6"/>
<Bond from="3" to="7"/>
<Bond from="3" to="4"/>
</Residue>
</Residues>
<HarmonicBondForce>
<Bond class1="C583" class2="C582" length="0.136700" k="456892.800000"/>
<Bond class1="O579" class2="C583" length="0.136000" k="284512.000000"/>
<Bond class1="C581" class2="C582" length="0.142400" k="392459.200000"/>
<Bond class1="N580" class2="O579" length="0.139900" k="386601.600000"/>
<Bond class1="H585" class2="C582" length="0.108000" k="307105.600000"/>
<Bond class1="H586" class2="C583" length="0.108000" k="307105.600000"/>
<Bond class1="H584" class2="C581" length="0.108000" k="307105.600000"/>
<Bond class1="N580" class2="C581" length="0.132000" k="343088.000000"/>
</HarmonicBondForce>
<HarmonicAngleForce>
<Angle class1="C582" class2="C583" class3="O579" angle="2.268928" k="502.080000"/>
<Angle class1="C583" class2="C582" class3="C581" angle="1.811652" k="585.760000"/>
<Angle class1="C583" class2="O579" class3="N580" angle="2.012016" k="567.852480"/>
<Angle class1="C583" class2="C582" class3="H585" angle="2.193879" k="292.880000"/>
<Angle class1="C582" class2="C583" class3="H586" angle="2.305580" k="292.880000"/>
<Angle class1="C582" class2="C581" class3="H584" angle="2.254965" k="292.880000"/>
<Angle class1="O579" class2="C583" class3="H586" angle="2.085843" k="521.242720"/>
<Angle class1="C581" class2="C582" class3="H585" angle="2.242748" k="292.880000"/>
<Angle class1="C582" class2="C581" class3="N580" angle="1.953023" k="585.760000"/>
<Angle class1="N580" class2="C581" class3="H584" angle="2.075196" k="292.880000"/>
<Angle class1="O579" class2="N580" class3="C581" angle="1.837832" k="585.760000"/>
</HarmonicAngleForce>
<PeriodicTorsionForce>
<Proper class1="C581" class2="C582" class3="C583" class4="O579" k1="0.000000" k2="15.167000" k3="0.000000" k4="0.000000" periodicity1="1" periodicity2="2" periodicity3="3" periodicity4="4" phase1="0.00" phase2="3.141592653589793" phase3="0.00" phase4="3.141592653589793"/>
<Proper class1="H584" class2="C581" class3="C582" class4="C583" k1="0.000000" k2="15.167000" k3="0.000000" k4="0.000000" periodicity1="1" periodicity2="2" periodicity3="3" periodicity4="4" phase1="0.00" phase2="3.141592653589793" phase3="0.00" phase4="3.141592653589793"/>
<Proper class1="H584" class2="C581" class3="C582" class4="H585" k1="0.000000" k2="15.167000" k3="0.000000" k4="0.000000" periodicity1="1" periodicity2="2" periodicity3="3" periodicity4="4" phase1="0.00" phase2="3.141592653589793" phase3="0.00" phase4="3.141592653589793"/>
<Proper class1="H584" class2="C581" class3="N580" class4="O579" k1="0.000000" k2="15.167000" k3="0.000000" k4="0.000000" periodicity1="1" periodicity2="2" periodicity3="3" periodicity4="4" phase1="0.00" phase2="3.141592653589793" phase3="0.00" phase4="3.141592653589793"/>
<Proper class1="H585" class2="C582" class3="C581" class4="N580" k1="0.000000" k2="15.167000" k3="0.000000" k4="0.000000" periodicity1="1" periodicity2="2" periodicity3="3" periodicity4="4" phase1="0.00" phase2="3.141592653589793" phase3="0.00" phase4="3.141592653589793"/>
<Proper class1="H585" class2="C582" class3="C583" class4="O579" k1="0.000000" k2="15.167000" k3="0.000000" k4="0.000000" periodicity1="1" periodicity2="2" periodicity3="3" periodicity4="4" phase1="0.00" phase2="3.141592653589793" phase3="0.00" phase4="3.141592653589793"/>
<Proper class1="H586" class2="C583" class3="C582" class4="C581" k1="0.000000" k2="15.167000" k3="0.000000" k4="0.000000" periodicity1="1" periodicity2="2" periodicity3="3" periodicity4="4" phase1="0.00" phase2="3.141592653589793" phase3="0.00" phase4="3.141592653589793"/>
<Proper class1="H586" class2="C583" class3="C582" class4="H585" k1="0.000000" k2="15.167000" k3="0.000000" k4="0.000000" periodicity1="1" periodicity2="2" periodicity3="3" periodicity4="4" phase1="0.00" phase2="3.141592653589793" phase3="0.00" phase4="3.141592653589793"/>
<Proper class1="H586" class2="C583" class3="O579" class4="N580" k1="0.000000" k2="15.167000" k3="0.000000" k4="0.000000" periodicity1="1" periodicity2="2" periodicity3="3" periodicity4="4" phase1="0.00" phase2="3.141592653589793" phase3="0.00" phase4="3.141592653589793"/>
<Proper class1="N580" class2="O579" class3="C583" class4="C582" k1="0.000000" k2="7.050040" k3="0.000000" k4="0.627600" periodicity1="1" periodicity2="2" periodicity3="3" periodicity4="4" phase1="0.00" phase2="3.141592653589793" phase3="0.00" phase4="3.141592653589793"/>
<Improper class1="C583" class2="C582" class3="O579" class4="H586" k1="0.000000" k2="10.460000" k3="0.000000" k4="0.000000" periodicity1="1" periodicity2="2" periodicity3="3" periodicity4="4" phase1="0.00" phase2="3.141592653589793" phase3="0.00" phase4="3.141592653589793"/>
<Improper class1="C582" class2="C583" class3="C581" class4="H585" k1="0.000000" k2="10.460000" k3="0.000000" k4="0.000000" periodicity1="1" periodicity2="2" periodicity3="3" periodicity4="4" phase1="0.00" phase2="3.141592653589793" phase3="0.00" phase4="3.141592653589793"/>
<Improper class1="C581" class2="C582" class3="N580" class4="H584" k1="0.000000" k2="10.460000" k3="0.000000" k4="0.000000" periodicity1="1" periodicity2="2" periodicity3="3" periodicity4="4" phase1="0.00" phase2="3.141592653589793" phase3="0.00" phase4="3.141592653589793"/>
</PeriodicTorsionForce>
<NonbondedForce coulomb14scale="0.5" lj14scale="0.5">
<Atom type="opls_581" charge="0.405000" sigma="0.355000" epsilon="0.292880" />
<Atom type="opls_580" charge="-0.413000" sigma="0.325000" epsilon="0.711280" />
<Atom type="opls_579" charge="-0.122000" sigma="0.290000" epsilon="0.585760" />
<Atom type="opls_583" charge="0.250000" sigma="0.355000" epsilon="0.292880" />
<Atom type="opls_586" charge="0.098000" sigma="0.242000" epsilon="0.125520" />
<Atom type="opls_584" charge="0.053000" sigma="0.242000" epsilon="0.125520" />
<Atom type="opls_585" charge="0.184000" sigma="0.242000" epsilon="0.125520" />
<Atom type="opls_582" charge="-0.455000" sigma="0.355000" epsilon="0.292880" />
</NonbondedForce>
</ForceField>
