<ForceField>
<AtomTypes>
<Type name="opls_240" class="H240" element="H" mass="1.008000" />
<Type name="opls_237" class="N237" element="N" mass="14.007000" />
<Type name="opls_135" class="C135" element="C" mass="12.011000" />
<Type name="opls_136" class="C136" element="C" mass="12.011000" />
<Type name="opls_241" class="H241" element="H" mass="1.008000" />
<Type name="opls_238" class="N238" element="N" mass="14.007000" />
<Type name="opls_244" class="C244" element="C" mass="12.011000" />
<Type name="opls_235" class="C235" element="C" mass="12.011000" />
<Type name="opls_140" class="H140" element="H" mass="1.008000" />
<Type name="opls_236" class="O236" element="O" mass="15.999000" />
</AtomTypes>
<Residues>
<Residue name="NEU">
<Atom name="N00" type="opls_238" />
<Atom name="C01" type="opls_244" />
<Atom name="C02" type="opls_235" />
<Atom name="H03" type="opls_241" />
<Atom name="C04" type="opls_136" />
<Atom name="H05" type="opls_140" />
<Atom name="H06" type="opls_140" />
<Atom name="C07" type="opls_235" />
<Atom name="H08" type="opls_140" />
<Atom name="H09" type="opls_140" />
<Atom name="N0A" type="opls_237" />
<Atom name="O0B" type="opls_236" />
<Atom name="H0C" type="opls_240" />
<Atom name="H0D" type="opls_240" />
<Atom name="C0E" type="opls_135" />
<Atom name="O0F" type="opls_236" />
<Atom name="H0G" type="opls_140" />
<Atom name="H0H" type="opls_140" />
<Atom name="H0I" type="opls_140" />
<Bond from="0" to="1"/>
<Bond from="0" to="2"/>
<Bond from="0" to="3"/>
<Bond from="1" to="4"/>
<Bond from="1" to="5"/>
<Bond from="1" to="6"/>
<Bond from="4" to="7"/>
<Bond from="4" to="8"/>
<Bond from="4" to="9"/>
<Bond from="7" to="10"/>
<Bond from="7" to="11"/>
<Bond from="10" to="12"/>
<Bond from="10" to="13"/>
<Bond from="2" to="14"/>
<Bond from="2" to="15"/>
<Bond from="14" to="16"/>
<Bond from="14" to="17"/>
<Bond from="14" to="18"/>
</Residue>
</Residues>
<HarmonicBondForce>
<Bond class1="C244" class2="N238" length="0.144900" k="282001.600000"/>
<Bond class1="C235" class2="N238" length="0.133500" k="410032.000000"/>
<Bond class1="H241" class2="N238" length="0.101000" k="363171.200000"/>
<Bond class1="C136" class2="C244" length="0.152900" k="224262.400000"/>
<Bond class1="H140" class2="C244" length="0.109000" k="284512.000000"/>
<Bond class1="H140" class2="C244" length="0.109000" k="284512.000000"/>
<Bond class1="C235" class2="C136" length="0.152200" k="265265.600000"/>
<Bond class1="H140" class2="C136" length="0.109000" k="284512.000000"/>
<Bond class1="H140" class2="C136" length="0.109000" k="284512.000000"/>
<Bond class1="N237" class2="C235" length="0.133500" k="410032.000000"/>
<Bond class1="O236" class2="C235" length="0.122900" k="476976.000000"/>
<Bond class1="H240" class2="N237" length="0.101000" k="363171.200000"/>
<Bond class1="H240" class2="N237" length="0.101000" k="363171.200000"/>
<Bond class1="C135" class2="C235" length="0.152200" k="265265.600000"/>
<Bond class1="O236" class2="C235" length="0.122900" k="476976.000000"/>
<Bond class1="H140" class2="C135" length="0.109000" k="284512.000000"/>
<Bond class1="H140" class2="C135" length="0.109000" k="284512.000000"/>
<Bond class1="H140" class2="C135" length="0.109000" k="284512.000000"/>
</HarmonicBondForce>
<HarmonicAngleForce>
<Angle class1="C244" class2="N238" class3="C235" angle="2.127556" k="418.400000"/>
<Angle class1="C244" class2="N238" class3="H241" angle="2.066470" k="317.984000"/>
<Angle class1="N238" class2="C244" class3="C136" angle="1.914626" k="669.440000"/>
<Angle class1="N238" class2="C244" class3="H140" angle="1.911136" k="292.880000"/>
<Angle class1="C244" class2="C136" class3="C235" angle="1.939061" k="527.184000"/>
<Angle class1="C244" class2="C136" class3="H140" angle="1.932079" k="313.800000"/>
<Angle class1="C136" class2="C235" class3="N237" angle="2.035054" k="585.760000"/>
<Angle class1="C136" class2="C235" class3="O236" angle="2.101376" k="669.440000"/>
<Angle class1="C235" class2="N237" class3="H240" angle="2.090904" k="292.880000"/>
<Angle class1="N238" class2="C235" class3="C135" angle="2.035054" k="585.760000"/>
<Angle class1="N238" class2="C235" class3="O236" angle="2.145010" k="669.440000"/>
<Angle class1="C235" class2="C135" class3="H140" angle="1.911136" k="292.880000"/>
<Angle class1="H140" class2="C135" class3="H140" angle="1.881465" k="276.144000"/>
<Angle class1="H140" class2="C136" class3="H140" angle="1.881465" k="276.144000"/>
<Angle class1="H240" class2="N237" class3="H240" angle="2.094395" k="292.880000"/>
<Angle class1="C136" class2="C244" class3="H140" angle="1.932079" k="313.800000"/>
<Angle class1="H140" class2="C244" class3="H140" angle="1.881465" k="276.144000"/>
<Angle class1="C235" class2="C136" class3="H140" angle="1.911136" k="292.880000"/>
<Angle class1="C235" class2="N238" class3="H241" angle="2.090904" k="292.880000"/>
<Angle class1="N237" class2="C235" class3="O236" angle="2.145010" k="669.440000"/>
<Angle class1="C135" class2="C235" class3="O236" angle="2.101376" k="669.440000"/>
</HarmonicAngleForce>
<PeriodicTorsionForce>
<Proper class1="C135" class2="C235" class3="N238" class4="C244" k1="4.811600" k2="12.738188" k3="0.000000" k4="0.000000" periodicity1="1" periodicity2="2" periodicity3="3" periodicity4="4" phase1="0.00" phase2="3.141592653589793" phase3="0.00" phase4="3.141592653589793"/>
<Proper class1="C135" class2="C235" class3="N238" class4="H241" k1="0.000000" k2="10.250800" k3="0.000000" k4="0.000000" periodicity1="1" periodicity2="2" periodicity3="3" periodicity4="4" phase1="0.00" phase2="3.141592653589793" phase3="0.00" phase4="3.141592653589793"/>
<Proper class1="C136" class2="C244" class3="N238" class4="C235" k1="0.000000" k2="0.966504" k3="0.000000" k4="0.000000" periodicity1="1" periodicity2="2" periodicity3="3" periodicity4="4" phase1="0.00" phase2="3.141592653589793" phase3="0.00" phase4="3.141592653589793"/>
<Proper class1="C136" class2="C244" class3="N238" class4="H241" k1="0.000000" k2="0.000000" k3="0.000000" k4="0.000000" periodicity1="1" periodicity2="2" periodicity3="3" periodicity4="4" phase1="0.00" phase2="3.141592653589793" phase3="0.00" phase4="3.141592653589793"/>
<Proper class1="C235" class2="C136" class3="C244" class4="H140" k1="0.000000" k2="0.000000" k3="-0.209200" k4="0.000000" periodicity1="1" periodicity2="2" periodicity3="3" periodicity4="4" phase1="0.00" phase2="3.141592653589793" phase3="0.00" phase4="3.141592653589793"/>
<Proper class1="C235" class2="C136" class3="C244" class4="N238" k1="-18.828000" k2="4.184000" k3="1.673600" k4="0.000000" periodicity1="1" periodicity2="2" periodicity3="3" periodicity4="4" phase1="0.00" phase2="3.141592653589793" phase3="0.00" phase4="3.141592653589793"/>
<Proper class1="H140" class2="C135" class3="C235" class4="N238" k1="0.000000" k2="0.000000" k3="0.000000" k4="0.000000" periodicity1="1" periodicity2="2" periodicity3="3" periodicity4="4" phase1="0.00" phase2="3.141592653589793" phase3="0.00" phase4="3.141592653589793"/>
<Proper class1="H140" class2="C135" class3="C235" class4="O236" k1="0.000000" k2="0.000000" k3="0.000000" k4="0.000000" periodicity1="1" periodicity2="2" periodicity3="3" periodicity4="4" phase1="0.00" phase2="3.141592653589793" phase3="0.00" phase4="3.141592653589793"/>
<Proper class1="H140" class2="C136" class3="C244" class4="H140" k1="0.000000" k2="0.000000" k3="0.627600" k4="0.000000" periodicity1="1" periodicity2="2" periodicity3="3" periodicity4="4" phase1="0.00" phase2="3.141592653589793" phase3="0.00" phase4="3.141592653589793"/>
<Proper class1="H140" class2="C136" class3="C244" class4="N238" k1="0.000000" k2="0.000000" k3="0.970688" k4="0.000000" periodicity1="1" periodicity2="2" periodicity3="3" periodicity4="4" phase1="0.00" phase2="3.141592653589793" phase3="0.00" phase4="3.141592653589793"/>
<Proper class1="H140" class2="C244" class3="N238" class4="C235" k1="0.000000" k2="0.000000" k3="0.000000" k4="0.000000" periodicity1="1" periodicity2="2" periodicity3="3" periodicity4="4" phase1="0.00" phase2="3.141592653589793" phase3="0.00" phase4="3.141592653589793"/>
<Proper class1="H140" class2="C244" class3="N238" class4="H241" k1="0.000000" k2="0.000000" k3="0.000000" k4="0.000000" periodicity1="1" periodicity2="2" periodicity3="3" periodicity4="4" phase1="0.00" phase2="3.141592653589793" phase3="0.00" phase4="3.141592653589793"/>
<Proper class1="H240" class2="N237" class3="C235" class4="C136" k1="0.000000" k2="10.250800" k3="0.000000" k4="0.000000" periodicity1="1" periodicity2="2" periodicity3="3" periodicity4="4" phase1="0.00" phase2="3.141592653589793" phase3="0.00" phase4="3.141592653589793"/>
<Proper class1="H240" class2="N237" class3="C235" class4="O236" k1="0.000000" k2="10.250800" k3="0.000000" k4="0.000000" periodicity1="1" periodicity2="2" periodicity3="3" periodicity4="4" phase1="0.00" phase2="3.141592653589793" phase3="0.00" phase4="3.141592653589793"/>
<Proper class1="N237" class2="C235" class3="C136" class4="C244" k1="2.453916" k2="0.395388" k3="-2.510400" k4="0.000000" periodicity1="1" periodicity2="2" periodicity3="3" periodicity4="4" phase1="0.00" phase2="3.141592653589793" phase3="0.00" phase4="3.141592653589793"/>
<Proper class1="N237" class2="C235" class3="C136" class4="H140" k1="0.000000" k2="0.000000" k3="0.000000" k4="0.000000" periodicity1="1" periodicity2="2" periodicity3="3" periodicity4="4" phase1="0.00" phase2="3.141592653589793" phase3="0.00" phase4="3.141592653589793"/>
<Proper class1="O236" class2="C235" class3="C136" class4="C244" k1="0.000000" k2="0.000000" k3="0.000000" k4="0.000000" periodicity1="1" periodicity2="2" periodicity3="3" periodicity4="4" phase1="0.00" phase2="3.141592653589793" phase3="0.00" phase4="3.141592653589793"/>
<Proper class1="O236" class2="C235" class3="C136" class4="H140" k1="0.000000" k2="0.000000" k3="0.000000" k4="0.000000" periodicity1="1" periodicity2="2" periodicity3="3" periodicity4="4" phase1="0.00" phase2="3.141592653589793" phase3="0.00" phase4="3.141592653589793"/>
<Proper class1="O236" class2="C235" class3="N238" class4="C244" k1="0.000000" k2="12.738188" k3="0.000000" k4="0.000000" periodicity1="1" periodicity2="2" periodicity3="3" periodicity4="4" phase1="0.00" phase2="3.141592653589793" phase3="0.00" phase4="3.141592653589793"/>
<Proper class1="O236" class2="C235" class3="N238" class4="H241" k1="0.000000" k2="10.250800" k3="0.000000" k4="0.000000" periodicity1="1" periodicity2="2" periodicity3="3" periodicity4="4" phase1="0.00" phase2="3.141592653589793" phase3="0.00" phase4="3.141592653589793"/>
<Improper class1="N238" class2="C244" class3="C235" class4="H241" k1="0.000000" k2="10.460000" k3="0.000000" k4="0.000000" periodicity1="1" periodicity2="2" periodicity3="3" periodicity4="4" phase1="0.00" phase2="3.141592653589793" phase3="0.00" phase4="3.141592653589793"/>
<Improper class1="C235" class2="N237" class3="O236" class4="C136" k1="0.000000" k2="43.932000" k3="0.000000" k4="0.000000" periodicity1="1" periodicity2="2" periodicity3="3" periodicity4="4" phase1="0.00" phase2="3.141592653589793" phase3="0.00" phase4="3.141592653589793"/>
<Improper class1="C235" class2="N238" class3="C135" class4="O236" k1="0.000000" k2="43.932000" k3="0.000000" k4="0.000000" periodicity1="1" periodicity2="2" periodicity3="3" periodicity4="4" phase1="0.00" phase2="3.141592653589793" phase3="0.00" phase4="3.141592653589793"/>
</PeriodicTorsionForce>
<NonbondedForce coulomb14scale="0.5" lj14scale="0.5">
<Atom type="opls_235" charge="0.500000" sigma="0.375000" epsilon="0.439320" />
<Atom type="opls_140" charge="0.060000" sigma="0.250000" epsilon="0.125520" />
<Atom type="opls_136" charge="-0.120000" sigma="0.350000" epsilon="0.276144" />
<Atom type="opls_135" charge="-0.180000" sigma="0.350000" epsilon="0.276144" />
<Atom type="opls_236" charge="-0.500000" sigma="0.296000" epsilon="0.878640" />
<Atom type="opls_244" charge="0.080000" sigma="0.350000" epsilon="0.276144" />
<Atom type="opls_238" charge="-0.500000" sigma="0.325000" epsilon="0.711280" />
<Atom type="opls_240" charge="0.380000" sigma="0.000000" epsilon="0.000000" />
<Atom type="opls_241" charge="0.300000" sigma="0.000000" epsilon="0.000000" />
<Atom type="opls_237" charge="-0.760000" sigma="0.325000" epsilon="0.711280" />
</NonbondedForce>
</ForceField>
