<ForceField>
<AtomTypes>
<Type name="opls_146" class="H146" element="H" mass="1.008000" />
<Type name="opls_264" class="Cl264" element="Cl" mass="35.450000" />
<Type name="opls_145" class="C145" element="C" mass="12.011000" />
<Type name="opls_263" class="C263" element="C" mass="12.011000" />
</AtomTypes>
<Residues>
<Residue name="NEU">
<Atom name="C00" type="opls_263" />
<Atom name="C01" type="opls_263" />
<Atom name="C02" type="opls_263" />
<Atom name="C03" type="opls_263" />
<Atom name="C04" type="opls_263" />
<Atom name="C05" type="opls_145" />
<Atom name="Cl0" type="opls_264" />
<Atom name="Cl1" type="opls_264" />
<Atom name="Cl2" type="opls_264" />
<Atom name="Cl3" type="opls_264" />
<Atom name="Cl4" type="opls_264" />
<Atom name="H0B" type="opls_146" />
<Bond from="0" to="1"/>
<Bond from="0" to="2"/>
<Bond from="1" to="3"/>
<Bond from="2" to="4"/>
<Bond from="3" to="5"/>
<Bond from="0" to="6"/>
<Bond from="1" to="7"/>
<Bond from="2" to="8"/>
<Bond from="3" to="9"/>
<Bond from="4" to="10"/>
<Bond from="5" to="11"/>
<Bond from="4" to="5"/>
</Residue>
</Residues>
<HarmonicBondForce>
<Bond class1="C263" class2="C263" length="0.140000" k="392459.200000"/>
<Bond class1="C263" class2="C263" length="0.140000" k="392459.200000"/>
<Bond class1="C263" class2="C263" length="0.140000" k="392459.200000"/>
<Bond class1="C263" class2="C263" length="0.140000" k="392459.200000"/>
<Bond class1="C145" class2="C263" length="0.140000" k="392459.200000"/>
<Bond class1="Cl264" class2="C263" length="0.172500" k="251040.000000"/>
<Bond class1="Cl264" class2="C263" length="0.172500" k="251040.000000"/>
<Bond class1="Cl264" class2="C263" length="0.172500" k="251040.000000"/>
<Bond class1="Cl264" class2="C263" length="0.172500" k="251040.000000"/>
<Bond class1="Cl264" class2="C263" length="0.172500" k="251040.000000"/>
<Bond class1="H146" class2="C145" length="0.108000" k="307105.600000"/>
<Bond class1="C145" class2="C263" length="0.140000" k="392459.200000"/>
</HarmonicBondForce>
<HarmonicAngleForce>
<Angle class1="C263" class2="C263" class3="C263" angle="2.094395" k="527.184000"/>
<Angle class1="C263" class2="C263" class3="C145" angle="2.094395" k="527.184000"/>
<Angle class1="C263" class2="C263" class3="Cl264" angle="2.094395" k="627.600000"/>
<Angle class1="C263" class2="C145" class3="H146" angle="2.094395" k="292.880000"/>
<Angle class1="C263" class2="C145" class3="C263" angle="2.094395" k="527.184000"/>
<Angle class1="C145" class2="C263" class3="Cl264" angle="2.094395" k="627.600000"/>
</HarmonicAngleForce>
<PeriodicTorsionForce>
<Proper class1="C145" class2="C263" class3="C263" class4="C263" k1="0.000000" k2="15.167000" k3="0.000000" k4="0.000000" periodicity1="1" periodicity2="2" periodicity3="3" periodicity4="4" phase1="0.00" phase2="3.141592653589793" phase3="0.00" phase4="3.141592653589793"/>
<Proper class1="C263" class2="C145" class3="C263" class4="C263" k1="0.000000" k2="15.167000" k3="0.000000" k4="0.000000" periodicity1="1" periodicity2="2" periodicity3="3" periodicity4="4" phase1="0.00" phase2="3.141592653589793" phase3="0.00" phase4="3.141592653589793"/>
<Proper class1="C263" class2="C263" class3="C263" class4="C263" k1="0.000000" k2="15.167000" k3="0.000000" k4="0.000000" periodicity1="1" periodicity2="2" periodicity3="3" periodicity4="4" phase1="0.00" phase2="3.141592653589793" phase3="0.00" phase4="3.141592653589793"/>
<Proper class1="Cl264" class2="C263" class3="C145" class4="C263" k1="0.000000" k2="15.167000" k3="0.000000" k4="0.000000" periodicity1="1" periodicity2="2" periodicity3="3" periodicity4="4" phase1="0.00" phase2="3.141592653589793" phase3="0.00" phase4="3.141592653589793"/>
<Proper class1="Cl264" class2="C263" class3="C263" class4="C145" k1="0.000000" k2="15.167000" k3="0.000000" k4="0.000000" periodicity1="1" periodicity2="2" periodicity3="3" periodicity4="4" phase1="0.00" phase2="3.141592653589793" phase3="0.00" phase4="3.141592653589793"/>
<Proper class1="Cl264" class2="C263" class3="C263" class4="C263" k1="0.000000" k2="15.167000" k3="0.000000" k4="0.000000" periodicity1="1" periodicity2="2" periodicity3="3" periodicity4="4" phase1="0.00" phase2="3.141592653589793" phase3="0.00" phase4="3.141592653589793"/>
<Proper class1="Cl264" class2="C263" class3="C263" class4="Cl264" k1="0.000000" k2="15.167000" k3="0.000000" k4="0.000000" periodicity1="1" periodicity2="2" periodicity3="3" periodicity4="4" phase1="0.00" phase2="3.141592653589793" phase3="0.00" phase4="3.141592653589793"/>
<Proper class1="H146" class2="C145" class3="C263" class4="C263" k1="0.000000" k2="15.167000" k3="0.000000" k4="0.000000" periodicity1="1" periodicity2="2" periodicity3="3" periodicity4="4" phase1="0.00" phase2="3.141592653589793" phase3="0.00" phase4="3.141592653589793"/>
<Proper class1="H146" class2="C145" class3="C263" class4="Cl264" k1="0.000000" k2="15.167000" k3="0.000000" k4="0.000000" periodicity1="1" periodicity2="2" periodicity3="3" periodicity4="4" phase1="0.00" phase2="3.141592653589793" phase3="0.00" phase4="3.141592653589793"/>
</PeriodicTorsionForce>
<NonbondedForce coulomb14scale="0.5" lj14scale="0.5">
<Atom type="opls_263" charge="0.180000" sigma="0.355000" epsilon="0.292880" />
<Atom type="opls_146" charge="0.115000" sigma="0.242000" epsilon="0.125520" />
<Atom type="opls_264" charge="-0.180000" sigma="0.340000" epsilon="1.255200" />
<Atom type="opls_145" charge="-0.115000" sigma="0.355000" epsilon="0.292880" />
</NonbondedForce>
</ForceField>
