<ForceField>
<AtomTypes>
<Type name="opls_312" class="C312" element="C" mass="12.011000" />
<Type name="opls_315" class="C315" element="C" mass="12.011000" />
<Type name="opls_316" class="H316" element="H" mass="1.008000" />
<Type name="opls_317" class="C317" element="C" mass="12.011000" />
<Type name="opls_318" class="H318" element="H" mass="1.008000" />
<Type name="opls_314" class="H314" element="H" mass="1.008000" />
<Type name="opls_313" class="N313" element="N" mass="14.007000" />
<Type name="opls_311" class="N311" element="N" mass="14.007000" />
</AtomTypes>
<Residues>
<Residue name="NEU">
<Atom name="N00" type="opls_311" />
<Atom name="C01" type="opls_312" />
<Atom name="C02" type="opls_315" />
<Atom name="C03" type="opls_312" />
<Atom name="C04" type="opls_315" />
<Atom name="C05" type="opls_317" />
<Atom name="N06" type="opls_313" />
<Atom name="H07" type="opls_316" />
<Atom name="N08" type="opls_313" />
<Atom name="H09" type="opls_316" />
<Atom name="H0A" type="opls_318" />
<Atom name="H0B" type="opls_314" />
<Atom name="H0C" type="opls_314" />
<Atom name="H0D" type="opls_314" />
<Atom name="H0E" type="opls_314" />
<Bond from="0" to="1"/>
<Bond from="1" to="2"/>
<Bond from="0" to="3"/>
<Bond from="3" to="4"/>
<Bond from="2" to="5"/>
<Bond from="1" to="6"/>
<Bond from="2" to="7"/>
<Bond from="3" to="8"/>
<Bond from="4" to="9"/>
<Bond from="5" to="10"/>
<Bond from="6" to="11"/>
<Bond from="6" to="12"/>
<Bond from="8" to="13"/>
<Bond from="8" to="14"/>
<Bond from="4" to="5"/>
</Residue>
</Residues>
<HarmonicBondForce>
<Bond class1="C312" class2="N311" length="0.133900" k="404174.400000"/>
<Bond class1="C315" class2="C312" length="0.140000" k="392459.200000"/>
<Bond class1="C312" class2="N311" length="0.133900" k="404174.400000"/>
<Bond class1="C315" class2="C312" length="0.140000" k="392459.200000"/>
<Bond class1="C317" class2="C315" length="0.140000" k="392459.200000"/>
<Bond class1="N313" class2="C312" length="0.134000" k="402500.800000"/>
<Bond class1="H316" class2="C315" length="0.108000" k="307105.600000"/>
<Bond class1="N313" class2="C312" length="0.134000" k="402500.800000"/>
<Bond class1="H316" class2="C315" length="0.108000" k="307105.600000"/>
<Bond class1="H318" class2="C317" length="0.108000" k="307105.600000"/>
<Bond class1="H314" class2="N313" length="0.101000" k="363171.200000"/>
<Bond class1="H314" class2="N313" length="0.101000" k="363171.200000"/>
<Bond class1="H314" class2="N313" length="0.101000" k="363171.200000"/>
<Bond class1="H314" class2="N313" length="0.101000" k="363171.200000"/>
<Bond class1="C317" class2="C315" length="0.140000" k="392459.200000"/>
</HarmonicBondForce>
<HarmonicAngleForce>
<Angle class1="N311" class2="C312" class3="C315" angle="2.164208" k="585.760000"/>
<Angle class1="C312" class2="N311" class3="C312" angle="2.042035" k="585.760000"/>
<Angle class1="C312" class2="C315" class3="C317" angle="2.094395" k="527.184000"/>
<Angle class1="N311" class2="C312" class3="N313" angle="2.082178" k="585.760000"/>
<Angle class1="C312" class2="C315" class3="H316" angle="2.094395" k="292.880000"/>
<Angle class1="C315" class2="C317" class3="H318" angle="2.094395" k="292.880000"/>
<Angle class1="C312" class2="N313" class3="H314" angle="2.094395" k="292.880000"/>
<Angle class1="C315" class2="C312" class3="N313" angle="2.096140" k="585.760000"/>
<Angle class1="H314" class2="N313" class3="H314" angle="2.094395" k="292.880000"/>
<Angle class1="C317" class2="C315" class3="H316" angle="2.094395" k="292.880000"/>
<Angle class1="C315" class2="C317" class3="C315" angle="2.094395" k="527.184000"/>
</HarmonicAngleForce>
<PeriodicTorsionForce>
<Proper class1="C312" class2="C315" class3="C317" class4="C315" k1="0.000000" k2="15.167000" k3="0.000000" k4="0.000000" periodicity1="1" periodicity2="2" periodicity3="3" periodicity4="4" phase1="0.00" phase2="3.141592653589793" phase3="0.00" phase4="3.141592653589793"/>
<Proper class1="C312" class2="N311" class3="C312" class4="C315" k1="0.000000" k2="15.167000" k3="0.000000" k4="0.000000" periodicity1="1" periodicity2="2" periodicity3="3" periodicity4="4" phase1="0.00" phase2="3.141592653589793" phase3="0.00" phase4="3.141592653589793"/>
<Proper class1="C315" class2="C312" class3="N311" class4="C312" k1="0.000000" k2="15.167000" k3="0.000000" k4="0.000000" periodicity1="1" periodicity2="2" periodicity3="3" periodicity4="4" phase1="0.00" phase2="3.141592653589793" phase3="0.00" phase4="3.141592653589793"/>
<Proper class1="C315" class2="C317" class3="C315" class4="C312" k1="0.000000" k2="15.167000" k3="0.000000" k4="0.000000" periodicity1="1" periodicity2="2" periodicity3="3" periodicity4="4" phase1="0.00" phase2="3.141592653589793" phase3="0.00" phase4="3.141592653589793"/>
<Proper class1="C317" class2="C315" class3="C312" class4="N311" k1="0.000000" k2="15.167000" k3="0.000000" k4="0.000000" periodicity1="1" periodicity2="2" periodicity3="3" periodicity4="4" phase1="0.00" phase2="3.141592653589793" phase3="0.00" phase4="3.141592653589793"/>
<Proper class1="H314" class2="N313" class3="C312" class4="C315" k1="0.000000" k2="8.158800" k3="0.000000" k4="0.000000" periodicity1="1" periodicity2="2" periodicity3="3" periodicity4="4" phase1="0.00" phase2="3.141592653589793" phase3="0.00" phase4="3.141592653589793"/>
<Proper class1="H314" class2="N313" class3="C312" class4="N311" k1="0.000000" k2="7.949600" k3="0.000000" k4="0.000000" periodicity1="1" periodicity2="2" periodicity3="3" periodicity4="4" phase1="0.00" phase2="3.141592653589793" phase3="0.00" phase4="3.141592653589793"/>
<Proper class1="H316" class2="C315" class3="C312" class4="N311" k1="0.000000" k2="15.167000" k3="0.000000" k4="0.000000" periodicity1="1" periodicity2="2" periodicity3="3" periodicity4="4" phase1="0.00" phase2="3.141592653589793" phase3="0.00" phase4="3.141592653589793"/>
<Proper class1="H316" class2="C315" class3="C312" class4="N313" k1="0.000000" k2="15.167000" k3="0.000000" k4="0.000000" periodicity1="1" periodicity2="2" periodicity3="3" periodicity4="4" phase1="0.00" phase2="3.141592653589793" phase3="0.00" phase4="3.141592653589793"/>
<Proper class1="H316" class2="C315" class3="C317" class4="C315" k1="0.000000" k2="15.167000" k3="0.000000" k4="0.000000" periodicity1="1" periodicity2="2" periodicity3="3" periodicity4="4" phase1="0.00" phase2="3.141592653589793" phase3="0.00" phase4="3.141592653589793"/>
<Proper class1="H318" class2="C317" class3="C315" class4="C312" k1="0.000000" k2="15.167000" k3="0.000000" k4="0.000000" periodicity1="1" periodicity2="2" periodicity3="3" periodicity4="4" phase1="0.00" phase2="3.141592653589793" phase3="0.00" phase4="3.141592653589793"/>
<Proper class1="H318" class2="C317" class3="C315" class4="H316" k1="0.000000" k2="15.167000" k3="0.000000" k4="0.000000" periodicity1="1" periodicity2="2" periodicity3="3" periodicity4="4" phase1="0.00" phase2="3.141592653589793" phase3="0.00" phase4="3.141592653589793"/>
<Proper class1="N313" class2="C312" class3="C315" class4="C317" k1="0.000000" k2="3.389040" k3="0.000000" k4="-0.920480" periodicity1="1" periodicity2="2" periodicity3="3" periodicity4="4" phase1="0.00" phase2="3.141592653589793" phase3="0.00" phase4="3.141592653589793"/>
<Proper class1="N313" class2="C312" class3="N311" class4="C312" k1="0.000000" k2="15.167000" k3="0.000000" k4="0.000000" periodicity1="1" periodicity2="2" periodicity3="3" periodicity4="4" phase1="0.00" phase2="3.141592653589793" phase3="0.00" phase4="3.141592653589793"/>
<Improper class1="C315" class2="H316" class3="C312" class4="C317" k1="0.000000" k2="10.460000" k3="0.000000" k4="0.000000" periodicity1="1" periodicity2="2" periodicity3="3" periodicity4="4" phase1="0.00" phase2="3.141592653589793" phase3="0.00" phase4="3.141592653589793"/>
<Improper class1="C312" class2="N311" class3="C315" class4="N313" k1="0.000000" k2="10.460000" k3="0.000000" k4="0.000000" periodicity1="1" periodicity2="2" periodicity3="3" periodicity4="4" phase1="0.00" phase2="3.141592653589793" phase3="0.00" phase4="3.141592653589793"/>
</PeriodicTorsionForce>
<NonbondedForce coulomb14scale="0.5" lj14scale="0.5">
<Atom type="opls_315" charge="-0.150000" sigma="0.350000" epsilon="0.334720" />
<Atom type="opls_317" charge="-0.040000" sigma="0.350000" epsilon="0.334720" />
<Atom type="opls_316" charge="0.100000" sigma="0.250000" epsilon="0.209200" />
<Atom type="opls_312" charge="0.360000" sigma="0.350000" epsilon="0.334720" />
<Atom type="opls_318" charge="0.100000" sigma="0.250000" epsilon="0.209200" />
<Atom type="opls_313" charge="-0.850000" sigma="0.325000" epsilon="0.711280" />
<Atom type="opls_311" charge="-0.460000" sigma="0.325000" epsilon="0.711280" />
<Atom type="opls_314" charge="0.370000" sigma="0.000000" epsilon="0.000000" />
</NonbondedForce>
</ForceField>
