<ForceField>
<AtomTypes>
<Type name="opls_328" class="O328" element="O" mass="15.999000" />
<Type name="opls_726" class="F726" element="F" mass="18.998403" />
<Type name="opls_326" class="O326" element="O" mass="15.999000" />
<Type name="opls_324" class="C324" element="C" mass="12.011000" />
<Type name="opls_319" class="N319" element="N" mass="14.007000" />
<Type name="opls_322" class="C322" element="C" mass="12.011000" />
<Type name="opls_325" class="H325" element="H" mass="1.008000" />
<Type name="opls_330" class="H330" element="H" mass="1.008000" />
<Type name="opls_397" class="C397" element="C" mass="12.011000" />
<Type name="opls_320" class="C320" element="C" mass="12.011000" />
<Type name="opls_725" class="C725" element="C" mass="12.011000" />
<Type name="opls_321" class="N321" element="N" mass="14.007000" />
<Type name="opls_327" class="H327" element="H" mass="1.008000" />
</AtomTypes>
<Residues>
<Residue name="NEU">
<Atom name="N00" type="opls_319" />
<Atom name="C01" type="opls_320" />
<Atom name="N02" type="opls_321" />
<Atom name="C03" type="opls_322" />
<Atom name="C04" type="opls_397" />
<Atom name="C05" type="opls_324" />
<Atom name="H06" type="opls_325" />
<Atom name="O07" type="opls_326" />
<Atom name="H08" type="opls_327" />
<Atom name="O09" type="opls_328" />
<Atom name="C0A" type="opls_725" />
<Atom name="H0B" type="opls_330" />
<Atom name="F0C" type="opls_726" />
<Atom name="F0D" type="opls_726" />
<Atom name="F0E" type="opls_726" />
<Bond from="0" to="1"/>
<Bond from="1" to="2"/>
<Bond from="2" to="3"/>
<Bond from="3" to="4"/>
<Bond from="0" to="5"/>
<Bond from="0" to="6"/>
<Bond from="1" to="7"/>
<Bond from="2" to="8"/>
<Bond from="3" to="9"/>
<Bond from="4" to="10"/>
<Bond from="5" to="11"/>
<Bond from="10" to="12"/>
<Bond from="10" to="13"/>
<Bond from="10" to="14"/>
<Bond from="4" to="5"/>
</Residue>
</Residues>
<HarmonicBondForce>
<Bond class1="C320" class2="N319" length="0.138800" k="349782.400000"/>
<Bond class1="N321" class2="C320" length="0.138800" k="349782.400000"/>
<Bond class1="C322" class2="N321" length="0.138800" k="349782.400000"/>
<Bond class1="C397" class2="C322" length="0.144400" k="343088.000000"/>
<Bond class1="C324" class2="N319" length="0.136500" k="374886.400000"/>
<Bond class1="H325" class2="N319" length="0.101000" k="363171.200000"/>
<Bond class1="O326" class2="C320" length="0.122900" k="476976.000000"/>
<Bond class1="H327" class2="N321" length="0.101000" k="363171.200000"/>
<Bond class1="O328" class2="C322" length="0.122900" k="476976.000000"/>
<Bond class1="C725" class2="C397" length="0.151000" k="265265.600000"/>
<Bond class1="H330" class2="C324" length="0.108000" k="284512.000000"/>
<Bond class1="F726" class2="C725" length="0.136000" k="307105.600000"/>
<Bond class1="F726" class2="C725" length="0.136000" k="307105.600000"/>
<Bond class1="F726" class2="C725" length="0.136000" k="307105.600000"/>
<Bond class1="C324" class2="C397" length="0.134000" k="459403.200000"/>
</HarmonicBondForce>
<HarmonicAngleForce>
<Angle class1="N319" class2="C320" class3="N321" angle="2.069960" k="585.760000"/>
<Angle class1="C320" class2="N321" class3="C322" angle="2.206096" k="585.760000"/>
<Angle class1="N321" class2="C322" class3="C397" angle="1.991421" k="585.760000"/>
<Angle class1="C320" class2="N319" class3="C324" angle="2.122320" k="585.760000"/>
<Angle class1="C320" class2="N319" class3="H325" angle="2.038545" k="292.880000"/>
<Angle class1="N319" class2="C320" class3="O326" angle="2.104867" k="669.440000"/>
<Angle class1="C320" class2="N321" class3="H327" angle="2.038545" k="292.880000"/>
<Angle class1="N321" class2="C322" class3="O328" angle="2.104867" k="669.440000"/>
<Angle class1="C322" class2="C397" class3="C725" angle="2.089159" k="585.760000"/>
<Angle class1="N319" class2="C324" class3="H330" angle="2.078687" k="292.880000"/>
<Angle class1="C397" class2="C725" class3="F726" angle="1.911136" k="418.400000"/>
<Angle class1="F726" class2="C725" class3="F726" angle="1.904154" k="644.336000"/>
<Angle class1="C322" class2="C397" class3="C324" angle="2.106612" k="711.280000"/>
<Angle class1="C324" class2="N319" class3="H325" angle="2.080432" k="292.880000"/>
<Angle class1="C324" class2="C397" class3="C725" angle="2.164208" k="585.760000"/>
<Angle class1="N319" class2="C324" class3="C397" angle="2.115339" k="585.760000"/>
<Angle class1="C397" class2="C322" class3="O328" angle="2.186898" k="669.440000"/>
<Angle class1="C397" class2="C324" class3="H330" angle="2.094395" k="292.880000"/>
<Angle class1="N321" class2="C320" class3="O326" angle="2.104867" k="669.440000"/>
<Angle class1="C322" class2="N321" class3="H327" angle="2.038545" k="292.880000"/>
</HarmonicAngleForce>
<PeriodicTorsionForce>
<Proper class1="C322" class2="C397" class3="C324" class4="N319" k1="0.000000" k2="29.288000" k3="0.000000" k4="0.000000" periodicity1="1" periodicity2="2" periodicity3="3" periodicity4="4" phase1="0.00" phase2="3.141592653589793" phase3="0.00" phase4="3.141592653589793"/>
<Proper class1="C322" class2="N321" class3="C320" class4="N319" k1="4.811600" k2="12.738188" k3="0.000000" k4="0.000000" periodicity1="1" periodicity2="2" periodicity3="3" periodicity4="4" phase1="0.00" phase2="3.141592653589793" phase3="0.00" phase4="3.141592653589793"/>
<Proper class1="C324" class2="C397" class3="C322" class4="N321" k1="4.184000" k2="0.000000" k3="0.000000" k4="0.000000" periodicity1="1" periodicity2="2" periodicity3="3" periodicity4="4" phase1="0.00" phase2="3.141592653589793" phase3="0.00" phase4="3.141592653589793"/>
<Proper class1="C324" class2="N319" class3="C320" class4="N321" k1="0.000000" k2="15.167000" k3="0.000000" k4="0.000000" periodicity1="1" periodicity2="2" periodicity3="3" periodicity4="4" phase1="0.00" phase2="3.141592653589793" phase3="0.00" phase4="3.141592653589793"/>
<Proper class1="C397" class2="C322" class3="N321" class4="C320" k1="0.000000" k2="0.313800" k3="0.000000" k4="0.000000" periodicity1="1" periodicity2="2" periodicity3="3" periodicity4="4" phase1="0.00" phase2="3.141592653589793" phase3="0.00" phase4="3.141592653589793"/>
<Proper class1="C397" class2="C324" class3="N319" class4="C320" k1="0.000000" k2="0.313800" k3="0.000000" k4="0.000000" periodicity1="1" periodicity2="2" periodicity3="3" periodicity4="4" phase1="0.00" phase2="3.141592653589793" phase3="0.00" phase4="3.141592653589793"/>
<Proper class1="C725" class2="C397" class3="C322" class4="N321" k1="4.184000" k2="0.000000" k3="0.000000" k4="0.000000" periodicity1="1" periodicity2="2" periodicity3="3" periodicity4="4" phase1="0.00" phase2="3.141592653589793" phase3="0.00" phase4="3.141592653589793"/>
<Proper class1="C725" class2="C397" class3="C322" class4="O328" k1="1.882800" k2="0.481160" k3="-1.056460" k4="0.000000" periodicity1="1" periodicity2="2" periodicity3="3" periodicity4="4" phase1="0.00" phase2="3.141592653589793" phase3="0.00" phase4="3.141592653589793"/>
<Proper class1="C725" class2="C397" class3="C324" class4="N319" k1="0.000000" k2="29.288000" k3="0.000000" k4="0.000000" periodicity1="1" periodicity2="2" periodicity3="3" periodicity4="4" phase1="0.00" phase2="3.141592653589793" phase3="0.00" phase4="3.141592653589793"/>
<Proper class1="F726" class2="C725" class3="C397" class4="C322" k1="1.046000" k2="0.000000" k3="0.000000" k4="0.000000" periodicity1="1" periodicity2="2" periodicity3="3" periodicity4="4" phase1="0.00" phase2="3.141592653589793" phase3="0.00" phase4="3.141592653589793"/>
<Proper class1="F726" class2="C725" class3="C397" class4="C324" k1="1.046000" k2="0.000000" k3="0.000000" k4="0.000000" periodicity1="1" periodicity2="2" periodicity3="3" periodicity4="4" phase1="0.00" phase2="3.141592653589793" phase3="0.00" phase4="3.141592653589793"/>
<Proper class1="H325" class2="N319" class3="C320" class4="N321" k1="0.000000" k2="10.250800" k3="0.000000" k4="0.000000" periodicity1="1" periodicity2="2" periodicity3="3" periodicity4="4" phase1="0.00" phase2="3.141592653589793" phase3="0.00" phase4="3.141592653589793"/>
<Proper class1="H325" class2="N319" class3="C324" class4="C397" k1="0.000000" k2="10.460000" k3="0.000000" k4="0.000000" periodicity1="1" periodicity2="2" periodicity3="3" periodicity4="4" phase1="0.00" phase2="3.141592653589793" phase3="0.00" phase4="3.141592653589793"/>
<Proper class1="H327" class2="N321" class3="C320" class4="N319" k1="0.000000" k2="10.250800" k3="0.000000" k4="0.000000" periodicity1="1" periodicity2="2" periodicity3="3" periodicity4="4" phase1="0.00" phase2="3.141592653589793" phase3="0.00" phase4="3.141592653589793"/>
<Proper class1="H327" class2="N321" class3="C320" class4="O326" k1="0.000000" k2="10.250800" k3="0.000000" k4="0.000000" periodicity1="1" periodicity2="2" periodicity3="3" periodicity4="4" phase1="0.00" phase2="3.141592653589793" phase3="0.00" phase4="3.141592653589793"/>
<Proper class1="H327" class2="N321" class3="C322" class4="C397" k1="0.000000" k2="10.250800" k3="0.000000" k4="0.000000" periodicity1="1" periodicity2="2" periodicity3="3" periodicity4="4" phase1="0.00" phase2="3.141592653589793" phase3="0.00" phase4="3.141592653589793"/>
<Proper class1="H330" class2="C324" class3="C397" class4="C322" k1="0.000000" k2="29.288000" k3="0.000000" k4="0.000000" periodicity1="1" periodicity2="2" periodicity3="3" periodicity4="4" phase1="0.00" phase2="3.141592653589793" phase3="0.00" phase4="3.141592653589793"/>
<Proper class1="H330" class2="C324" class3="C397" class4="C725" k1="0.000000" k2="29.288000" k3="0.000000" k4="0.000000" periodicity1="1" periodicity2="2" periodicity3="3" periodicity4="4" phase1="0.00" phase2="3.141592653589793" phase3="0.00" phase4="3.141592653589793"/>
<Proper class1="H330" class2="C324" class3="N319" class4="C320" k1="0.000000" k2="0.313800" k3="0.000000" k4="0.000000" periodicity1="1" periodicity2="2" periodicity3="3" periodicity4="4" phase1="0.00" phase2="3.141592653589793" phase3="0.00" phase4="3.141592653589793"/>
<Proper class1="H330" class2="C324" class3="N319" class4="H325" k1="0.000000" k2="10.460000" k3="0.000000" k4="0.000000" periodicity1="1" periodicity2="2" periodicity3="3" periodicity4="4" phase1="0.00" phase2="3.141592653589793" phase3="0.00" phase4="3.141592653589793"/>
<Proper class1="O326" class2="C320" class3="N319" class4="C324" k1="0.000000" k2="12.738188" k3="0.000000" k4="0.000000" periodicity1="1" periodicity2="2" periodicity3="3" periodicity4="4" phase1="0.00" phase2="3.141592653589793" phase3="0.00" phase4="3.141592653589793"/>
<Proper class1="O326" class2="C320" class3="N319" class4="H325" k1="0.000000" k2="10.250800" k3="0.000000" k4="0.000000" periodicity1="1" periodicity2="2" periodicity3="3" periodicity4="4" phase1="0.00" phase2="3.141592653589793" phase3="0.00" phase4="3.141592653589793"/>
<Proper class1="O326" class2="C320" class3="N321" class4="C322" k1="0.000000" k2="10.250800" k3="0.000000" k4="0.000000" periodicity1="1" periodicity2="2" periodicity3="3" periodicity4="4" phase1="0.00" phase2="3.141592653589793" phase3="0.00" phase4="3.141592653589793"/>
<Proper class1="O328" class2="C322" class3="C397" class4="C324" k1="5.230000" k2="12.552000" k3="0.000000" k4="0.000000" periodicity1="1" periodicity2="2" periodicity3="3" periodicity4="4" phase1="0.00" phase2="3.141592653589793" phase3="0.00" phase4="3.141592653589793"/>
<Proper class1="O328" class2="C322" class3="N321" class4="C320" k1="0.000000" k2="10.250800" k3="0.000000" k4="0.000000" periodicity1="1" periodicity2="2" periodicity3="3" periodicity4="4" phase1="0.00" phase2="3.141592653589793" phase3="0.00" phase4="3.141592653589793"/>
<Proper class1="O328" class2="C322" class3="N321" class4="H327" k1="0.000000" k2="10.250800" k3="0.000000" k4="0.000000" periodicity1="1" periodicity2="2" periodicity3="3" periodicity4="4" phase1="0.00" phase2="3.141592653589793" phase3="0.00" phase4="3.141592653589793"/>
<Improper class1="C397" class2="C725" class3="C322" class4="C324" k1="0.000000" k2="10.460000" k3="0.000000" k4="0.000000" periodicity1="1" periodicity2="2" periodicity3="3" periodicity4="4" phase1="0.00" phase2="3.141592653589793" phase3="0.00" phase4="3.141592653589793"/>
<Improper class1="C324" class2="N319" class3="H330" class4="C397" k1="0.000000" k2="10.460000" k3="0.000000" k4="0.000000" periodicity1="1" periodicity2="2" periodicity3="3" periodicity4="4" phase1="0.00" phase2="3.141592653589793" phase3="0.00" phase4="3.141592653589793"/>
<Improper class1="C320" class2="N319" class3="N321" class4="O326" k1="0.000000" k2="43.932000" k3="0.000000" k4="0.000000" periodicity1="1" periodicity2="2" periodicity3="3" periodicity4="4" phase1="0.00" phase2="3.141592653589793" phase3="0.00" phase4="3.141592653589793"/>
<Improper class1="C322" class2="O328" class3="N321" class4="C397" k1="0.000000" k2="43.932000" k3="0.000000" k4="0.000000" periodicity1="1" periodicity2="2" periodicity3="3" periodicity4="4" phase1="0.00" phase2="3.141592653589793" phase3="0.00" phase4="3.141592653589793"/>
</PeriodicTorsionForce>
<NonbondedForce coulomb14scale="0.5" lj14scale="0.5">
<Atom type="opls_320" charge="0.500000" sigma="0.375000" epsilon="0.439320" />
<Atom type="opls_328" charge="-0.420000" sigma="0.296000" epsilon="0.878640" />
<Atom type="opls_325" charge="0.410000" sigma="0.000000" epsilon="0.000000" />
<Atom type="opls_327" charge="0.360000" sigma="0.000000" epsilon="0.000000" />
<Atom type="opls_324" charge="0.080000" sigma="0.350000" epsilon="0.334720" />
<Atom type="opls_330" charge="0.100000" sigma="0.250000" epsilon="0.209200" />
<Atom type="opls_319" charge="-0.600000" sigma="0.325000" epsilon="0.711280" />
<Atom type="opls_321" charge="-0.510000" sigma="0.325000" epsilon="0.711280" />
<Atom type="opls_726" charge="-0.200000" sigma="0.294000" epsilon="0.255224" />
<Atom type="opls_397" charge="0.180000" sigma="0.350000" epsilon="0.334720" />
<Atom type="opls_322" charge="0.450000" sigma="0.375000" epsilon="0.439320" />
<Atom type="opls_725" charge="0.450000" sigma="0.325000" epsilon="0.259408" />
<Atom type="opls_326" charge="-0.400000" sigma="0.296000" epsilon="0.878640" />
</NonbondedForce>
</ForceField>
