<ForceField>
<AtomTypes>
<Type name="opls_956" class="F956" element="F" mass="18.998403" />
<Type name="opls_958" class="H958" element="H" mass="1.008000" />
<Type name="opls_957" class="C957" element="C" mass="12.011000" />
</AtomTypes>
<Residues>
<Residue name="NEU">
<Atom name="C00" type="opls_957" />
<Atom name="C01" type="opls_957" />
<Atom name="F02" type="opls_956" />
<Atom name="F03" type="opls_956" />
<Atom name="H04" type="opls_958" />
<Atom name="H05" type="opls_958" />
<Atom name="H06" type="opls_958" />
<Atom name="H07" type="opls_958" />
<Bond from="0" to="1"/>
<Bond from="1" to="2"/>
<Bond from="0" to="3"/>
<Bond from="0" to="4"/>
<Bond from="0" to="5"/>
<Bond from="1" to="6"/>
<Bond from="1" to="7"/>
</Residue>
</Residues>
<HarmonicBondForce>
<Bond class1="C957" class2="C957" length="0.152900" k="224262.400000"/>
<Bond class1="F956" class2="C957" length="0.136000" k="307105.600000"/>
<Bond class1="F956" class2="C957" length="0.136000" k="307105.600000"/>
<Bond class1="H958" class2="C957" length="0.109000" k="284512.000000"/>
<Bond class1="H958" class2="C957" length="0.109000" k="284512.000000"/>
<Bond class1="H958" class2="C957" length="0.109000" k="284512.000000"/>
<Bond class1="H958" class2="C957" length="0.109000" k="284512.000000"/>
</HarmonicBondForce>
<HarmonicAngleForce>
<Angle class1="C957" class2="C957" class3="F956" angle="1.911136" k="418.400000"/>
<Angle class1="C957" class2="C957" class3="H958" angle="1.932079" k="313.800000"/>
<Angle class1="F956" class2="C957" class3="H958" angle="1.867502" k="334.720000"/>
<Angle class1="H958" class2="C957" class3="H958" angle="1.881465" k="276.144000"/>
</HarmonicAngleForce>
<PeriodicTorsionForce>
<Proper class1="F956" class2="C957" class3="C957" class4="F956" k1="-5.230000" k2="0.000000" k3="0.523000" k4="0.000000" periodicity1="1" periodicity2="2" periodicity3="3" periodicity4="4" phase1="0.00" phase2="3.141592653589793" phase3="0.00" phase4="3.141592653589793"/>
<Proper class1="H958" class2="C957" class3="C957" class4="F956" k1="0.000000" k2="0.000000" k3="0.836800" k4="0.000000" periodicity1="1" periodicity2="2" periodicity3="3" periodicity4="4" phase1="0.00" phase2="3.141592653589793" phase3="0.00" phase4="3.141592653589793"/>
<Proper class1="H958" class2="C957" class3="C957" class4="H958" k1="0.000000" k2="0.000000" k3="0.627600" k4="0.000000" periodicity1="1" periodicity2="2" periodicity3="3" periodicity4="4" phase1="0.00" phase2="3.141592653589793" phase3="0.00" phase4="3.141592653589793"/>
</PeriodicTorsionForce>
<NonbondedForce coulomb14scale="0.5" lj14scale="0.5">
<Atom type="opls_957" charge="0.020000" sigma="0.350000" epsilon="0.276144" />
<Atom type="opls_956" charge="-0.220000" sigma="0.294000" epsilon="0.255224" />
<Atom type="opls_958" charge="0.100000" sigma="0.250000" epsilon="0.125520" />
</NonbondedForce>
</ForceField>
