<ForceField>
<AtomTypes>
<Type name="opls_1022" class="C022" element="C" mass="12.011000" />
<Type name="opls_475" class="O475" element="O" mass="15.999000" />
<Type name="opls_146" class="H146" element="H" mass="1.008000" />
<Type name="opls_145" class="C145" element="C" mass="12.011000" />
<Type name="opls_477" class="H477" element="H" mass="1.008000" />
<Type name="opls_481" class="H481" element="H" mass="1.008000" />
<Type name="opls_474" class="S474" element="S" mass="32.060000" />
<Type name="opls_476" class="C476" element="C" mass="12.011000" />
<Type name="opls_1021" class="N021" element="N" mass="14.007000" />
</AtomTypes>
<Residues>
<Residue name="NEU">
<Atom name="C00" type="opls_1022" />
<Atom name="C01" type="opls_145" />
<Atom name="C02" type="opls_145" />
<Atom name="C03" type="opls_145" />
<Atom name="C04" type="opls_145" />
<Atom name="C05" type="opls_145" />
<Atom name="N06" type="opls_1021" />
<Atom name="H07" type="opls_146" />
<Atom name="H08" type="opls_146" />
<Atom name="H09" type="opls_146" />
<Atom name="H0A" type="opls_146" />
<Atom name="H0B" type="opls_146" />
<Atom name="S0C" type="opls_474" />
<Atom name="H0D" type="opls_481" />
<Atom name="C0E" type="opls_476" />
<Atom name="O0F" type="opls_475" />
<Atom name="O0G" type="opls_475" />
<Atom name="H0H" type="opls_477" />
<Atom name="H0I" type="opls_477" />
<Atom name="H0J" type="opls_477" />
<Bond from="0" to="1"/>
<Bond from="0" to="2"/>
<Bond from="1" to="3"/>
<Bond from="2" to="4"/>
<Bond from="3" to="5"/>
<Bond from="0" to="6"/>
<Bond from="1" to="7"/>
<Bond from="2" to="8"/>
<Bond from="3" to="9"/>
<Bond from="4" to="10"/>
<Bond from="5" to="11"/>
<Bond from="6" to="12"/>
<Bond from="6" to="13"/>
<Bond from="12" to="14"/>
<Bond from="12" to="15"/>
<Bond from="12" to="16"/>
<Bond from="14" to="17"/>
<Bond from="14" to="18"/>
<Bond from="14" to="19"/>
<Bond from="4" to="5"/>
</Residue>
</Residues>
<HarmonicBondForce>
<Bond class1="C145" class2="C022" length="0.140000" k="392459.200000"/>
<Bond class1="C145" class2="C022" length="0.140000" k="392459.200000"/>
<Bond class1="C145" class2="C145" length="0.140000" k="392459.200000"/>
<Bond class1="C145" class2="C145" length="0.140000" k="392459.200000"/>
<Bond class1="C145" class2="C145" length="0.140000" k="392459.200000"/>
<Bond class1="N021" class2="C022" length="0.138100" k="357313.600000"/>
<Bond class1="H146" class2="C145" length="0.108000" k="307105.600000"/>
<Bond class1="H146" class2="C145" length="0.108000" k="307105.600000"/>
<Bond class1="H146" class2="C145" length="0.108000" k="307105.600000"/>
<Bond class1="H146" class2="C145" length="0.108000" k="307105.600000"/>
<Bond class1="H146" class2="C145" length="0.108000" k="307105.600000"/>
<Bond class1="S474" class2="N021" length="0.167000" k="363171.200000"/>
<Bond class1="H481" class2="N021" length="0.101000" k="363171.200000"/>
<Bond class1="C476" class2="S474" length="0.177000" k="284512.000000"/>
<Bond class1="O475" class2="S474" length="0.144000" k="585760.000000"/>
<Bond class1="O475" class2="S474" length="0.144000" k="585760.000000"/>
<Bond class1="H477" class2="C476" length="0.109000" k="284512.000000"/>
<Bond class1="H477" class2="C476" length="0.109000" k="284512.000000"/>
<Bond class1="H477" class2="C476" length="0.109000" k="284512.000000"/>
<Bond class1="C145" class2="C145" length="0.140000" k="392459.200000"/>
</HarmonicBondForce>
<HarmonicAngleForce>
<Angle class1="C145" class2="C022" class3="C145" angle="2.094395" k="527.184000"/>
<Angle class1="C022" class2="C145" class3="C145" angle="2.094395" k="527.184000"/>
<Angle class1="C145" class2="C145" class3="C145" angle="2.094395" k="527.184000"/>
<Angle class1="C145" class2="C022" class3="N021" angle="2.094395" k="585.760000"/>
<Angle class1="C022" class2="C145" class3="H146" angle="2.094395" k="292.880000"/>
<Angle class1="C145" class2="C145" class3="H146" angle="2.094395" k="292.880000"/>
<Angle class1="C022" class2="N021" class3="S474" angle="2.070484" k="377.647840"/>
<Angle class1="C022" class2="N021" class3="H481" angle="2.090904" k="292.880000"/>
<Angle class1="N021" class2="S474" class3="C476" angle="1.797689" k="836.800000"/>
<Angle class1="N021" class2="S474" class3="O475" angle="1.867502" k="1004.160000"/>
<Angle class1="S474" class2="C476" class3="H477" angle="1.911136" k="292.880000"/>
<Angle class1="H477" class2="C476" class3="H477" angle="1.881465" k="276.144000"/>
<Angle class1="O475" class2="S474" class3="O475" angle="2.076942" k="870.272000"/>
<Angle class1="C476" class2="S474" class3="O475" angle="1.900664" k="619.232000"/>
<Angle class1="S474" class2="N021" class3="H481" angle="1.937315" k="836.800000"/>
</HarmonicAngleForce>
<PeriodicTorsionForce>
<Proper class1="C145" class2="C145" class3="C022" class4="C145" k1="0.000000" k2="15.167000" k3="0.000000" k4="0.000000" periodicity1="1" periodicity2="2" periodicity3="3" periodicity4="4" phase1="0.00" phase2="3.141592653589793" phase3="0.00" phase4="3.141592653589793"/>
<Proper class1="C145" class2="C145" class3="C145" class4="C022" k1="0.000000" k2="15.167000" k3="0.000000" k4="0.000000" periodicity1="1" periodicity2="2" periodicity3="3" periodicity4="4" phase1="0.00" phase2="3.141592653589793" phase3="0.00" phase4="3.141592653589793"/>
<Proper class1="C145" class2="C145" class3="C145" class4="C145" k1="0.000000" k2="15.167000" k3="0.000000" k4="0.000000" periodicity1="1" periodicity2="2" periodicity3="3" periodicity4="4" phase1="0.00" phase2="3.141592653589793" phase3="0.00" phase4="3.141592653589793"/>
<Proper class1="C476" class2="S474" class3="N021" class4="C022" k1="4.338808" k2="-6.204872" k3="5.173516" k4="0.000000" periodicity1="1" periodicity2="2" periodicity3="3" periodicity4="4" phase1="0.00" phase2="3.141592653589793" phase3="0.00" phase4="3.141592653589793"/>
<Proper class1="C476" class2="S474" class3="N021" class4="H481" k1="3.495732" k2="-10.252892" k3="1.399548" k4="0.000000" periodicity1="1" periodicity2="2" periodicity3="3" periodicity4="4" phase1="0.00" phase2="3.141592653589793" phase3="0.00" phase4="3.141592653589793"/>
<Proper class1="H146" class2="C145" class3="C022" class4="C145" k1="0.000000" k2="15.167000" k3="0.000000" k4="0.000000" periodicity1="1" periodicity2="2" periodicity3="3" periodicity4="4" phase1="0.00" phase2="3.141592653589793" phase3="0.00" phase4="3.141592653589793"/>
<Proper class1="H146" class2="C145" class3="C022" class4="N021" k1="0.000000" k2="15.167000" k3="0.000000" k4="0.000000" periodicity1="1" periodicity2="2" periodicity3="3" periodicity4="4" phase1="0.00" phase2="3.141592653589793" phase3="0.00" phase4="3.141592653589793"/>
<Proper class1="H146" class2="C145" class3="C145" class4="C022" k1="0.000000" k2="15.167000" k3="0.000000" k4="0.000000" periodicity1="1" periodicity2="2" periodicity3="3" periodicity4="4" phase1="0.00" phase2="3.141592653589793" phase3="0.00" phase4="3.141592653589793"/>
<Proper class1="H146" class2="C145" class3="C145" class4="C145" k1="0.000000" k2="15.167000" k3="0.000000" k4="0.000000" periodicity1="1" periodicity2="2" periodicity3="3" periodicity4="4" phase1="0.00" phase2="3.141592653589793" phase3="0.00" phase4="3.141592653589793"/>
<Proper class1="H146" class2="C145" class3="C145" class4="H146" k1="0.000000" k2="15.167000" k3="0.000000" k4="0.000000" periodicity1="1" periodicity2="2" periodicity3="3" periodicity4="4" phase1="0.00" phase2="3.141592653589793" phase3="0.00" phase4="3.141592653589793"/>
<Proper class1="H477" class2="C476" class3="S474" class4="N021" k1="0.000000" k2="0.000000" k3="0.000000" k4="0.000000" periodicity1="1" periodicity2="2" periodicity3="3" periodicity4="4" phase1="0.00" phase2="3.141592653589793" phase3="0.00" phase4="3.141592653589793"/>
<Proper class1="H477" class2="C476" class3="S474" class4="O475" k1="0.000000" k2="0.000000" k3="0.732200" k4="0.000000" periodicity1="1" periodicity2="2" periodicity3="3" periodicity4="4" phase1="0.00" phase2="3.141592653589793" phase3="0.00" phase4="3.141592653589793"/>
<Proper class1="H481" class2="N021" class3="C022" class4="C145" k1="0.000000" k2="4.393200" k3="0.000000" k4="0.000000" periodicity1="1" periodicity2="2" periodicity3="3" periodicity4="4" phase1="0.00" phase2="3.141592653589793" phase3="0.00" phase4="3.141592653589793"/>
<Proper class1="N021" class2="C022" class3="C145" class4="C145" k1="0.000000" k2="15.167000" k3="0.000000" k4="0.000000" periodicity1="1" periodicity2="2" periodicity3="3" periodicity4="4" phase1="0.00" phase2="3.141592653589793" phase3="0.00" phase4="3.141592653589793"/>
<Proper class1="O475" class2="S474" class3="N021" class4="C022" k1="0.000000" k2="0.000000" k3="0.000000" k4="0.000000" periodicity1="1" periodicity2="2" periodicity3="3" periodicity4="4" phase1="0.00" phase2="3.141592653589793" phase3="0.00" phase4="3.141592653589793"/>
<Proper class1="O475" class2="S474" class3="N021" class4="H481" k1="0.000000" k2="0.000000" k3="0.000000" k4="0.000000" periodicity1="1" periodicity2="2" periodicity3="3" periodicity4="4" phase1="0.00" phase2="3.141592653589793" phase3="0.00" phase4="3.141592653589793"/>
<Proper class1="S474" class2="N021" class3="C022" class4="C145" k1="0.000000" k2="4.393200" k3="0.000000" k4="0.000000" periodicity1="1" periodicity2="2" periodicity3="3" periodicity4="4" phase1="0.00" phase2="3.141592653589793" phase3="0.00" phase4="3.141592653589793"/>
</PeriodicTorsionForce>
<NonbondedForce coulomb14scale="0.5" lj14scale="0.5">
<Atom type="opls_1021" charge="-0.685000" sigma="0.325000" epsilon="0.711280" />
<Atom type="opls_145" charge="-0.115000" sigma="0.355000" epsilon="0.292880" />
<Atom type="opls_476" charge="-0.540000" sigma="0.350000" epsilon="0.276144" />
<Atom type="opls_481" charge="0.410000" sigma="0.000000" epsilon="0.000000" />
<Atom type="opls_474" charge="1.480000" sigma="0.355000" epsilon="1.046000" />
<Atom type="opls_475" charge="-0.680000" sigma="0.296000" epsilon="0.711280" />
<Atom type="opls_146" charge="0.115000" sigma="0.242000" epsilon="0.125520" />
<Atom type="opls_1022" charge="0.155000" sigma="0.355000" epsilon="0.292880" />
<Atom type="opls_477" charge="0.180000" sigma="0.250000" epsilon="0.125520" />
</NonbondedForce>
</ForceField>
