<ForceField>
<AtomTypes>
<Type name="opls_494" class="O494" element="O" mass="15.999000" />
<Type name="opls_140" class="H140" element="H" mass="1.008000" />
<Type name="opls_493" class="S493" element="S" mass="32.060000" />
<Type name="opls_135" class="C135" element="C" mass="12.011000" />
</AtomTypes>
<Residues>
<Residue name="NEU">
<Atom name="S00" type="opls_493" />
<Atom name="C01" type="opls_135" />
<Atom name="C02" type="opls_135" />
<Atom name="H03" type="opls_140" />
<Atom name="H04" type="opls_140" />
<Atom name="H05" type="opls_140" />
<Atom name="H06" type="opls_140" />
<Atom name="H07" type="opls_140" />
<Atom name="H08" type="opls_140" />
<Atom name="O09" type="opls_494" />
<Atom name="O0A" type="opls_494" />
<Bond from="0" to="1"/>
<Bond from="0" to="2"/>
<Bond from="1" to="3"/>
<Bond from="1" to="4"/>
<Bond from="1" to="5"/>
<Bond from="2" to="6"/>
<Bond from="2" to="7"/>
<Bond from="2" to="8"/>
<Bond from="0" to="9"/>
<Bond from="0" to="10"/>
</Residue>
</Residues>
<HarmonicBondForce>
<Bond class1="C135" class2="S493" length="0.177000" k="284512.000000"/>
<Bond class1="C135" class2="S493" length="0.177000" k="284512.000000"/>
<Bond class1="H140" class2="C135" length="0.109000" k="284512.000000"/>
<Bond class1="H140" class2="C135" length="0.109000" k="284512.000000"/>
<Bond class1="H140" class2="C135" length="0.109000" k="284512.000000"/>
<Bond class1="H140" class2="C135" length="0.109000" k="284512.000000"/>
<Bond class1="H140" class2="C135" length="0.109000" k="284512.000000"/>
<Bond class1="H140" class2="C135" length="0.109000" k="284512.000000"/>
<Bond class1="O494" class2="S493" length="0.144000" k="585760.000000"/>
<Bond class1="O494" class2="S493" length="0.144000" k="585760.000000"/>
</HarmonicBondForce>
<HarmonicAngleForce>
<Angle class1="C135" class2="S493" class3="C135" angle="1.780236" k="518.816000"/>
<Angle class1="S493" class2="C135" class3="H140" angle="1.911136" k="292.880000"/>
<Angle class1="C135" class2="S493" class3="O494" angle="1.900664" k="619.232000"/>
<Angle class1="H140" class2="C135" class3="H140" angle="1.881465" k="276.144000"/>
<Angle class1="O494" class2="S493" class3="O494" angle="2.076942" k="870.272000"/>
</HarmonicAngleForce>
<PeriodicTorsionForce>
<Proper class1="H140" class2="C135" class3="S493" class4="C135" k1="0.000000" k2="0.000000" k3="0.732200" k4="0.000000" periodicity1="1" periodicity2="2" periodicity3="3" periodicity4="4" phase1="0.00" phase2="3.141592653589793" phase3="0.00" phase4="3.141592653589793"/>
<Proper class1="O494" class2="S493" class3="C135" class4="H140" k1="0.000000" k2="0.000000" k3="0.732200" k4="0.000000" periodicity1="1" periodicity2="2" periodicity3="3" periodicity4="4" phase1="0.00" phase2="3.141592653589793" phase3="0.00" phase4="3.141592653589793"/>
</PeriodicTorsionForce>
<NonbondedForce coulomb14scale="0.5" lj14scale="0.5">
<Atom type="opls_140" charge="0.060000" sigma="0.250000" epsilon="0.125520" />
<Atom type="opls_493" charge="1.374000" sigma="0.355000" epsilon="1.046000" />
<Atom type="opls_494" charge="-0.687000" sigma="0.296000" epsilon="0.711280" />
<Atom type="opls_135" charge="-0.180000" sigma="0.350000" epsilon="0.276144" />
</NonbondedForce>
</ForceField>
