<ForceField>
<AtomTypes>
<Type name="opls_186" class="O186" element="O" mass="15.999000" />
<Type name="opls_135" class="C135" element="C" mass="12.011000" />
<Type name="opls_185" class="H185" element="H" mass="1.008000" />
<Type name="opls_169" class="O169" element="O" mass="15.999000" />
<Type name="opls_183" class="C183" element="C" mass="12.011000" />
<Type name="opls_196" class="H196" element="H" mass="1.008000" />
<Type name="opls_195" class="C195" element="C" mass="12.011000" />
<Type name="opls_140" class="H140" element="H" mass="1.008000" />
<Type name="opls_170" class="H170" element="H" mass="1.008000" />
<Type name="opls_176" class="H176" element="H" mass="1.008000" />
<Type name="opls_174" class="C174" element="C" mass="12.011000" />
</AtomTypes>
<Residues>
<Residue name="NEU">
<Atom name="O00" type="opls_186" />
<Atom name="C01" type="opls_195" />
<Atom name="C02" type="opls_174" />
<Atom name="C03" type="opls_174" />
<Atom name="C04" type="opls_174" />
<Atom name="C05" type="opls_183" />
<Atom name="C06" type="opls_135" />
<Atom name="H07" type="opls_185" />
<Atom name="H08" type="opls_176" />
<Atom name="O09" type="opls_169" />
<Atom name="H0A" type="opls_176" />
<Atom name="O0B" type="opls_169" />
<Atom name="H0C" type="opls_176" />
<Atom name="O0D" type="opls_169" />
<Atom name="O0E" type="opls_169" />
<Atom name="H0F" type="opls_196" />
<Atom name="H0G" type="opls_170" />
<Atom name="H0H" type="opls_170" />
<Atom name="H0I" type="opls_170" />
<Atom name="H0J" type="opls_170" />
<Atom name="H0K" type="opls_140" />
<Atom name="H0M" type="opls_140" />
<Atom name="H0N" type="opls_140" />
<Bond from="0" to="1"/>
<Bond from="1" to="2"/>
<Bond from="2" to="3"/>
<Bond from="3" to="4"/>
<Bond from="0" to="5"/>
<Bond from="5" to="6"/>
<Bond from="5" to="7"/>
<Bond from="4" to="8"/>
<Bond from="4" to="9"/>
<Bond from="3" to="10"/>
<Bond from="3" to="11"/>
<Bond from="2" to="12"/>
<Bond from="2" to="13"/>
<Bond from="1" to="14"/>
<Bond from="1" to="15"/>
<Bond from="14" to="16"/>
<Bond from="13" to="17"/>
<Bond from="11" to="18"/>
<Bond from="9" to="19"/>
<Bond from="6" to="20"/>
<Bond from="6" to="21"/>
<Bond from="6" to="22"/>
<Bond from="4" to="5"/>
</Residue>
</Residues>
<HarmonicBondForce>
<Bond class1="C195" class2="O186" length="0.138000" k="267776.000000"/>
<Bond class1="C174" class2="C195" length="0.152900" k="224262.400000"/>
<Bond class1="C174" class2="C174" length="0.152900" k="224262.400000"/>
<Bond class1="C174" class2="C174" length="0.152900" k="224262.400000"/>
<Bond class1="C183" class2="O186" length="0.141000" k="267776.000000"/>
<Bond class1="C135" class2="C183" length="0.152900" k="224262.400000"/>
<Bond class1="H185" class2="C183" length="0.109000" k="284512.000000"/>
<Bond class1="H176" class2="C174" length="0.109000" k="284512.000000"/>
<Bond class1="O169" class2="C174" length="0.141000" k="267776.000000"/>
<Bond class1="H176" class2="C174" length="0.109000" k="284512.000000"/>
<Bond class1="O169" class2="C174" length="0.141000" k="267776.000000"/>
<Bond class1="H176" class2="C174" length="0.109000" k="284512.000000"/>
<Bond class1="O169" class2="C174" length="0.141000" k="267776.000000"/>
<Bond class1="O169" class2="C195" length="0.138000" k="267776.000000"/>
<Bond class1="H196" class2="C195" length="0.109000" k="284512.000000"/>
<Bond class1="H170" class2="O169" length="0.094500" k="462750.400000"/>
<Bond class1="H170" class2="O169" length="0.094500" k="462750.400000"/>
<Bond class1="H170" class2="O169" length="0.094500" k="462750.400000"/>
<Bond class1="H170" class2="O169" length="0.094500" k="462750.400000"/>
<Bond class1="H140" class2="C135" length="0.109000" k="284512.000000"/>
<Bond class1="H140" class2="C135" length="0.109000" k="284512.000000"/>
<Bond class1="H140" class2="C135" length="0.109000" k="284512.000000"/>
<Bond class1="C183" class2="C174" length="0.152900" k="224262.400000"/>
</HarmonicBondForce>
<HarmonicAngleForce>
<Angle class1="O186" class2="C195" class3="C174" angle="1.911136" k="418.400000"/>
<Angle class1="C195" class2="C174" class3="C174" angle="1.966986" k="488.272800"/>
<Angle class1="C174" class2="C174" class3="C174" angle="1.966986" k="488.272800"/>
<Angle class1="C195" class2="O186" class3="C183" angle="1.911136" k="502.080000"/>
<Angle class1="O186" class2="C183" class3="C135" angle="1.911136" k="418.400000"/>
<Angle class1="O186" class2="C183" class3="H185" angle="1.911136" k="292.880000"/>
<Angle class1="C174" class2="C174" class3="H176" angle="1.932079" k="313.800000"/>
<Angle class1="C174" class2="C174" class3="O169" angle="1.911136" k="418.400000"/>
<Angle class1="C195" class2="C174" class3="H176" angle="1.932079" k="313.800000"/>
<Angle class1="C195" class2="C174" class3="O169" angle="1.911136" k="418.400000"/>
<Angle class1="O186" class2="C195" class3="O169" angle="1.946915" k="774.876800"/>
<Angle class1="O186" class2="C195" class3="H196" angle="1.911136" k="292.880000"/>
<Angle class1="C195" class2="O169" class3="H170" angle="1.893682" k="460.240000"/>
<Angle class1="C174" class2="O169" class3="H170" angle="1.893682" k="460.240000"/>
<Angle class1="C183" class2="C135" class3="H140" angle="1.932079" k="313.800000"/>
<Angle class1="H140" class2="C135" class3="H140" angle="1.881465" k="276.144000"/>
<Angle class1="H176" class2="C174" class3="O169" angle="1.911136" k="292.880000"/>
<Angle class1="C174" class2="C195" class3="O169" angle="1.911136" k="418.400000"/>
<Angle class1="C135" class2="C183" class3="H185" angle="1.932079" k="313.800000"/>
<Angle class1="C174" class2="C174" class3="C183" angle="1.966986" k="488.272800"/>
<Angle class1="C183" class2="C174" class3="O169" angle="1.911136" k="418.400000"/>
<Angle class1="O186" class2="C183" class3="C174" angle="1.911136" k="418.400000"/>
<Angle class1="C174" class2="C183" class3="H185" angle="1.932079" k="313.800000"/>
<Angle class1="O169" class2="C195" class3="H196" angle="1.911136" k="292.880000"/>
<Angle class1="C183" class2="C174" class3="H176" angle="1.932079" k="313.800000"/>
<Angle class1="C174" class2="C195" class3="H196" angle="1.932079" k="313.800000"/>
<Angle class1="C174" class2="C183" class3="C135" angle="1.966986" k="488.272800"/>
</HarmonicAngleForce>
<PeriodicTorsionForce>
<Proper class1="C135" class2="C183" class3="C174" class4="C174" k1="2.719600" k2="-0.418400" k3="0.418400" k4="0.000000" periodicity1="1" periodicity2="2" periodicity3="3" periodicity4="4" phase1="0.00" phase2="3.141592653589793" phase3="0.00" phase4="3.141592653589793"/>
<Proper class1="C135" class2="C183" class3="O186" class4="C195" k1="1.359800" k2="-0.523000" k3="1.401640" k4="0.000000" periodicity1="1" periodicity2="2" periodicity3="3" periodicity4="4" phase1="0.00" phase2="3.141592653589793" phase3="0.00" phase4="3.141592653589793"/>
<Proper class1="C174" class2="C174" class3="C174" class4="C195" k1="2.719600" k2="-0.418400" k3="0.418400" k4="0.000000" periodicity1="1" periodicity2="2" periodicity3="3" periodicity4="4" phase1="0.00" phase2="3.141592653589793" phase3="0.00" phase4="3.141592653589793"/>
<Proper class1="C174" class2="C174" class3="C183" class4="O186" k1="3.579412" k2="-1.046000" k3="1.386996" k4="0.000000" periodicity1="1" periodicity2="2" periodicity3="3" periodicity4="4" phase1="0.00" phase2="3.141592653589793" phase3="0.00" phase4="3.141592653589793"/>
<Proper class1="C174" class2="C174" class3="C195" class4="O186" k1="3.579412" k2="-1.046000" k3="1.386996" k4="0.000000" periodicity1="1" periodicity2="2" periodicity3="3" periodicity4="4" phase1="0.00" phase2="3.141592653589793" phase3="0.00" phase4="3.141592653589793"/>
<Proper class1="C174" class2="C183" class3="O186" class4="C195" k1="1.359800" k2="-0.523000" k3="1.401640" k4="0.000000" periodicity1="1" periodicity2="2" periodicity3="3" periodicity4="4" phase1="0.00" phase2="3.141592653589793" phase3="0.00" phase4="3.141592653589793"/>
<Proper class1="C183" class2="C174" class3="C174" class4="C174" k1="2.719600" k2="-0.418400" k3="0.418400" k4="0.000000" periodicity1="1" periodicity2="2" periodicity3="3" periodicity4="4" phase1="0.00" phase2="3.141592653589793" phase3="0.00" phase4="3.141592653589793"/>
<Proper class1="C183" class2="O186" class3="C195" class4="C174" k1="1.359800" k2="-0.523000" k3="1.401640" k4="0.000000" periodicity1="1" periodicity2="2" periodicity3="3" periodicity4="4" phase1="0.00" phase2="3.141592653589793" phase3="0.00" phase4="3.141592653589793"/>
<Proper class1="H140" class2="C135" class3="C183" class4="C174" k1="0.000000" k2="0.000000" k3="0.627600" k4="0.000000" periodicity1="1" periodicity2="2" periodicity3="3" periodicity4="4" phase1="0.00" phase2="3.141592653589793" phase3="0.00" phase4="3.141592653589793"/>
<Proper class1="H140" class2="C135" class3="C183" class4="H185" k1="0.000000" k2="0.000000" k3="0.627600" k4="0.000000" periodicity1="1" periodicity2="2" periodicity3="3" periodicity4="4" phase1="0.00" phase2="3.141592653589793" phase3="0.00" phase4="3.141592653589793"/>
<Proper class1="H140" class2="C135" class3="C183" class4="O186" k1="0.000000" k2="0.000000" k3="0.979056" k4="0.000000" periodicity1="1" periodicity2="2" periodicity3="3" periodicity4="4" phase1="0.00" phase2="3.141592653589793" phase3="0.00" phase4="3.141592653589793"/>
<Proper class1="H170" class2="O169" class3="C174" class4="C174" k1="-0.744752" k2="-0.364008" k3="1.029264" k4="0.000000" periodicity1="1" periodicity2="2" periodicity3="3" periodicity4="4" phase1="0.00" phase2="3.141592653589793" phase3="0.00" phase4="3.141592653589793"/>
<Proper class1="H170" class2="O169" class3="C174" class4="C183" k1="-0.744752" k2="-0.364008" k3="1.029264" k4="0.000000" periodicity1="1" periodicity2="2" periodicity3="3" periodicity4="4" phase1="0.00" phase2="3.141592653589793" phase3="0.00" phase4="3.141592653589793"/>
<Proper class1="H170" class2="O169" class3="C174" class4="C195" k1="-0.744752" k2="-0.364008" k3="1.029264" k4="0.000000" periodicity1="1" periodicity2="2" periodicity3="3" periodicity4="4" phase1="0.00" phase2="3.141592653589793" phase3="0.00" phase4="3.141592653589793"/>
<Proper class1="H170" class2="O169" class3="C174" class4="H176" k1="0.000000" k2="0.000000" k3="0.736384" k4="0.000000" periodicity1="1" periodicity2="2" periodicity3="3" periodicity4="4" phase1="0.00" phase2="3.141592653589793" phase3="0.00" phase4="3.141592653589793"/>
<Proper class1="H170" class2="O169" class3="C195" class4="C174" k1="-0.744752" k2="-0.364008" k3="1.029264" k4="0.000000" periodicity1="1" periodicity2="2" periodicity3="3" periodicity4="4" phase1="0.00" phase2="3.141592653589793" phase3="0.00" phase4="3.141592653589793"/>
<Proper class1="H170" class2="O169" class3="C195" class4="H196" k1="0.000000" k2="0.000000" k3="0.736384" k4="0.000000" periodicity1="1" periodicity2="2" periodicity3="3" periodicity4="4" phase1="0.00" phase2="3.141592653589793" phase3="0.00" phase4="3.141592653589793"/>
<Proper class1="H170" class2="O169" class3="C195" class4="O186" k1="-2.629644" k2="-3.778152" k3="0.006276" k4="0.000000" periodicity1="1" periodicity2="2" periodicity3="3" periodicity4="4" phase1="0.00" phase2="3.141592653589793" phase3="0.00" phase4="3.141592653589793"/>
<Proper class1="H176" class2="C174" class3="C174" class4="C174" k1="0.000000" k2="0.000000" k3="0.627600" k4="0.000000" periodicity1="1" periodicity2="2" periodicity3="3" periodicity4="4" phase1="0.00" phase2="3.141592653589793" phase3="0.00" phase4="3.141592653589793"/>
<Proper class1="H176" class2="C174" class3="C174" class4="C183" k1="0.000000" k2="0.000000" k3="0.627600" k4="0.000000" periodicity1="1" periodicity2="2" periodicity3="3" periodicity4="4" phase1="0.00" phase2="3.141592653589793" phase3="0.00" phase4="3.141592653589793"/>
<Proper class1="H176" class2="C174" class3="C174" class4="C195" k1="0.000000" k2="0.000000" k3="0.627600" k4="0.000000" periodicity1="1" periodicity2="2" periodicity3="3" periodicity4="4" phase1="0.00" phase2="3.141592653589793" phase3="0.00" phase4="3.141592653589793"/>
<Proper class1="H176" class2="C174" class3="C174" class4="H176" k1="0.000000" k2="0.000000" k3="0.627600" k4="0.000000" periodicity1="1" periodicity2="2" periodicity3="3" periodicity4="4" phase1="0.00" phase2="3.141592653589793" phase3="0.00" phase4="3.141592653589793"/>
<Proper class1="H176" class2="C174" class3="C174" class4="O169" k1="0.000000" k2="0.000000" k3="0.979056" k4="0.000000" periodicity1="1" periodicity2="2" periodicity3="3" periodicity4="4" phase1="0.00" phase2="3.141592653589793" phase3="0.00" phase4="3.141592653589793"/>
<Proper class1="H176" class2="C174" class3="C183" class4="C135" k1="0.000000" k2="0.000000" k3="0.627600" k4="0.000000" periodicity1="1" periodicity2="2" periodicity3="3" periodicity4="4" phase1="0.00" phase2="3.141592653589793" phase3="0.00" phase4="3.141592653589793"/>
<Proper class1="H176" class2="C174" class3="C183" class4="H185" k1="0.000000" k2="0.000000" k3="0.627600" k4="0.000000" periodicity1="1" periodicity2="2" periodicity3="3" periodicity4="4" phase1="0.00" phase2="3.141592653589793" phase3="0.00" phase4="3.141592653589793"/>
<Proper class1="H176" class2="C174" class3="C183" class4="O186" k1="0.000000" k2="0.000000" k3="0.979056" k4="0.000000" periodicity1="1" periodicity2="2" periodicity3="3" periodicity4="4" phase1="0.00" phase2="3.141592653589793" phase3="0.00" phase4="3.141592653589793"/>
<Proper class1="H176" class2="C174" class3="C195" class4="O186" k1="0.000000" k2="0.000000" k3="0.979056" k4="0.000000" periodicity1="1" periodicity2="2" periodicity3="3" periodicity4="4" phase1="0.00" phase2="3.141592653589793" phase3="0.00" phase4="3.141592653589793"/>
<Proper class1="H185" class2="C183" class3="C174" class4="C174" k1="0.000000" k2="0.000000" k3="0.627600" k4="0.000000" periodicity1="1" periodicity2="2" periodicity3="3" periodicity4="4" phase1="0.00" phase2="3.141592653589793" phase3="0.00" phase4="3.141592653589793"/>
<Proper class1="H185" class2="C183" class3="O186" class4="C195" k1="0.000000" k2="0.000000" k3="1.589920" k4="0.000000" periodicity1="1" periodicity2="2" periodicity3="3" periodicity4="4" phase1="0.00" phase2="3.141592653589793" phase3="0.00" phase4="3.141592653589793"/>
<Proper class1="H196" class2="C195" class3="C174" class4="C174" k1="0.000000" k2="0.000000" k3="0.627600" k4="0.000000" periodicity1="1" periodicity2="2" periodicity3="3" periodicity4="4" phase1="0.00" phase2="3.141592653589793" phase3="0.00" phase4="3.141592653589793"/>
<Proper class1="H196" class2="C195" class3="C174" class4="H176" k1="0.000000" k2="0.000000" k3="0.627600" k4="0.000000" periodicity1="1" periodicity2="2" periodicity3="3" periodicity4="4" phase1="0.00" phase2="3.141592653589793" phase3="0.00" phase4="3.141592653589793"/>
<Proper class1="H196" class2="C195" class3="C174" class4="O169" k1="0.000000" k2="0.000000" k3="0.979056" k4="0.000000" periodicity1="1" periodicity2="2" periodicity3="3" periodicity4="4" phase1="0.00" phase2="3.141592653589793" phase3="0.00" phase4="3.141592653589793"/>
<Proper class1="H196" class2="C195" class3="O186" class4="C183" k1="0.000000" k2="0.000000" k3="1.589920" k4="0.000000" periodicity1="1" periodicity2="2" periodicity3="3" periodicity4="4" phase1="0.00" phase2="3.141592653589793" phase3="0.00" phase4="3.141592653589793"/>
<Proper class1="O169" class2="C174" class3="C174" class4="C174" k1="-3.246784" k2="0.000000" k3="0.000000" k4="0.000000" periodicity1="1" periodicity2="2" periodicity3="3" periodicity4="4" phase1="0.00" phase2="3.141592653589793" phase3="0.00" phase4="3.141592653589793"/>
<Proper class1="O169" class2="C174" class3="C174" class4="C183" k1="-3.246784" k2="0.000000" k3="0.000000" k4="0.000000" periodicity1="1" periodicity2="2" periodicity3="3" periodicity4="4" phase1="0.00" phase2="3.141592653589793" phase3="0.00" phase4="3.141592653589793"/>
<Proper class1="O169" class2="C174" class3="C174" class4="C195" k1="-3.246784" k2="0.000000" k3="0.000000" k4="0.000000" periodicity1="1" periodicity2="2" periodicity3="3" periodicity4="4" phase1="0.00" phase2="3.141592653589793" phase3="0.00" phase4="3.141592653589793"/>
<Proper class1="O169" class2="C174" class3="C174" class4="H176" k1="0.000000" k2="0.000000" k3="0.979056" k4="0.000000" periodicity1="1" periodicity2="2" periodicity3="3" periodicity4="4" phase1="0.00" phase2="3.141592653589793" phase3="0.00" phase4="3.141592653589793"/>
<Proper class1="O169" class2="C174" class3="C174" class4="O169" k1="19.890736" k2="0.000000" k3="0.000000" k4="0.000000" periodicity1="1" periodicity2="2" periodicity3="3" periodicity4="4" phase1="0.00" phase2="3.141592653589793" phase3="0.00" phase4="3.141592653589793"/>
<Proper class1="O169" class2="C174" class3="C183" class4="C135" k1="-3.246784" k2="0.000000" k3="0.000000" k4="0.000000" periodicity1="1" periodicity2="2" periodicity3="3" periodicity4="4" phase1="0.00" phase2="3.141592653589793" phase3="0.00" phase4="3.141592653589793"/>
<Proper class1="O169" class2="C174" class3="C183" class4="H185" k1="0.000000" k2="0.000000" k3="0.979056" k4="0.000000" periodicity1="1" periodicity2="2" periodicity3="3" periodicity4="4" phase1="0.00" phase2="3.141592653589793" phase3="0.00" phase4="3.141592653589793"/>
<Proper class1="O169" class2="C174" class3="C183" class4="O186" k1="9.035348" k2="0.000000" k3="0.000000" k4="0.000000" periodicity1="1" periodicity2="2" periodicity3="3" periodicity4="4" phase1="0.00" phase2="3.141592653589793" phase3="0.00" phase4="3.141592653589793"/>
<Proper class1="O169" class2="C174" class3="C195" class4="O186" k1="9.035348" k2="0.000000" k3="0.000000" k4="0.000000" periodicity1="1" periodicity2="2" periodicity3="3" periodicity4="4" phase1="0.00" phase2="3.141592653589793" phase3="0.00" phase4="3.141592653589793"/>
<Proper class1="O169" class2="C195" class3="C174" class4="C174" k1="3.579412" k2="-1.046000" k3="1.386996" k4="0.000000" periodicity1="1" periodicity2="2" periodicity3="3" periodicity4="4" phase1="0.00" phase2="3.141592653589793" phase3="0.00" phase4="3.141592653589793"/>
<Proper class1="O169" class2="C195" class3="C174" class4="H176" k1="0.000000" k2="0.000000" k3="0.979056" k4="0.000000" periodicity1="1" periodicity2="2" periodicity3="3" periodicity4="4" phase1="0.00" phase2="3.141592653589793" phase3="0.00" phase4="3.141592653589793"/>
<Proper class1="O169" class2="C195" class3="C174" class4="O169" k1="19.890736" k2="0.000000" k3="0.000000" k4="0.000000" periodicity1="1" periodicity2="2" periodicity3="3" periodicity4="4" phase1="0.00" phase2="3.141592653589793" phase3="0.00" phase4="3.141592653589793"/>
<Proper class1="O169" class2="C195" class3="O186" class4="C183" k1="-0.784500" k2="-2.840936" k3="0.008368" k4="0.000000" periodicity1="1" periodicity2="2" periodicity3="3" periodicity4="4" phase1="0.00" phase2="3.141592653589793" phase3="0.00" phase4="3.141592653589793"/>
</PeriodicTorsionForce>
<NonbondedForce coulomb14scale="0.5" lj14scale="0.5">
<Atom type="opls_174" charge="0.205000" sigma="0.350000" epsilon="0.276144" />
<Atom type="opls_183" charge="0.170000" sigma="0.350000" epsilon="0.276144" />
<Atom type="opls_185" charge="0.030000" sigma="0.250000" epsilon="0.125520" />
<Atom type="opls_196" charge="0.100000" sigma="0.250000" epsilon="0.125520" />
<Atom type="opls_140" charge="0.060000" sigma="0.250000" epsilon="0.125520" />
<Atom type="opls_186" charge="-0.400000" sigma="0.290000" epsilon="0.585760" />
<Atom type="opls_170" charge="0.435000" sigma="0.000000" epsilon="0.000000" />
<Atom type="opls_176" charge="0.060000" sigma="0.250000" epsilon="0.125520" />
<Atom type="opls_169" charge="-0.700000" sigma="0.307000" epsilon="0.711280" />
<Atom type="opls_135" charge="-0.180000" sigma="0.350000" epsilon="0.276144" />
<Atom type="opls_195" charge="0.365000" sigma="0.350000" epsilon="0.276144" />
</NonbondedForce>
</ForceField>
