<ForceField>
<AtomTypes>
<Type name="opls_973" class="C973" element="C" mass="12.011000" />
<Type name="opls_972" class="H972" element="H" mass="1.008000" />
<Type name="opls_140" class="H140" element="H" mass="1.008000" />
<Type name="opls_970" class="Cl970" element="Cl" mass="35.450000" />
<Type name="opls_136" class="C136" element="C" mass="12.011000" />
</AtomTypes>
<Residues>
<Residue name="NEU">
<Atom name="C00" type="opls_136" />
<Atom name="C01" type="opls_136" />
<Atom name="C02" type="opls_973" />
<Atom name="C03" type="opls_136" />
<Atom name="C04" type="opls_136" />
<Atom name="C05" type="opls_973" />
<Atom name="H06" type="opls_140" />
<Atom name="H07" type="opls_140" />
<Atom name="Cl0" type="opls_970" />
<Atom name="H09" type="opls_140" />
<Atom name="H0A" type="opls_140" />
<Atom name="Cl1" type="opls_970" />
<Atom name="H0C" type="opls_140" />
<Atom name="H0D" type="opls_140" />
<Atom name="H0E" type="opls_972" />
<Atom name="H0F" type="opls_140" />
<Atom name="H0G" type="opls_140" />
<Atom name="H0H" type="opls_972" />
<Bond from="0" to="1"/>
<Bond from="1" to="2"/>
<Bond from="2" to="3"/>
<Bond from="3" to="4"/>
<Bond from="0" to="5"/>
<Bond from="0" to="6"/>
<Bond from="1" to="7"/>
<Bond from="2" to="8"/>
<Bond from="3" to="9"/>
<Bond from="4" to="10"/>
<Bond from="5" to="11"/>
<Bond from="0" to="12"/>
<Bond from="1" to="13"/>
<Bond from="2" to="14"/>
<Bond from="3" to="15"/>
<Bond from="4" to="16"/>
<Bond from="5" to="17"/>
<Bond from="4" to="5"/>
</Residue>
</Residues>
<HarmonicBondForce>
<Bond class1="C136" class2="C136" length="0.152900" k="224262.400000"/>
<Bond class1="C973" class2="C136" length="0.152900" k="224262.400000"/>
<Bond class1="C136" class2="C973" length="0.152900" k="224262.400000"/>
<Bond class1="C136" class2="C136" length="0.152900" k="224262.400000"/>
<Bond class1="C973" class2="C136" length="0.152900" k="224262.400000"/>
<Bond class1="H140" class2="C136" length="0.109000" k="284512.000000"/>
<Bond class1="H140" class2="C136" length="0.109000" k="284512.000000"/>
<Bond class1="Cl970" class2="C973" length="0.178100" k="205016.000000"/>
<Bond class1="H140" class2="C136" length="0.109000" k="284512.000000"/>
<Bond class1="H140" class2="C136" length="0.109000" k="284512.000000"/>
<Bond class1="Cl970" class2="C973" length="0.178100" k="205016.000000"/>
<Bond class1="H140" class2="C136" length="0.109000" k="284512.000000"/>
<Bond class1="H140" class2="C136" length="0.109000" k="284512.000000"/>
<Bond class1="H972" class2="C973" length="0.109000" k="284512.000000"/>
<Bond class1="H140" class2="C136" length="0.109000" k="284512.000000"/>
<Bond class1="H140" class2="C136" length="0.109000" k="284512.000000"/>
<Bond class1="H972" class2="C973" length="0.109000" k="284512.000000"/>
<Bond class1="C973" class2="C136" length="0.152900" k="224262.400000"/>
</HarmonicBondForce>
<HarmonicAngleForce>
<Angle class1="C136" class2="C136" class3="C973" angle="1.966986" k="488.272800"/>
<Angle class1="C136" class2="C973" class3="C136" angle="1.966986" k="488.272800"/>
<Angle class1="C973" class2="C136" class3="C136" angle="1.966986" k="488.272800"/>
<Angle class1="C136" class2="C136" class3="H140" angle="1.932079" k="313.800000"/>
<Angle class1="C136" class2="C973" class3="Cl970" angle="1.916372" k="577.392000"/>
<Angle class1="C973" class2="C136" class3="H140" angle="1.932079" k="313.800000"/>
<Angle class1="C136" class2="C973" class3="H972" angle="1.932079" k="313.800000"/>
<Angle class1="Cl970" class2="C973" class3="H972" angle="1.877974" k="426.768000"/>
<Angle class1="H140" class2="C136" class3="H140" angle="1.881465" k="276.144000"/>
</HarmonicAngleForce>
<PeriodicTorsionForce>
<Proper class1="C136" class2="C136" class3="C973" class4="C136" k1="2.719600" k2="-0.418400" k3="0.418400" k4="0.000000" periodicity1="1" periodicity2="2" periodicity3="3" periodicity4="4" phase1="0.00" phase2="3.141592653589793" phase3="0.00" phase4="3.141592653589793"/>
<Proper class1="C136" class2="C973" class3="C136" class4="C136" k1="2.719600" k2="-0.418400" k3="0.418400" k4="0.000000" periodicity1="1" periodicity2="2" periodicity3="3" periodicity4="4" phase1="0.00" phase2="3.141592653589793" phase3="0.00" phase4="3.141592653589793"/>
<Proper class1="C973" class2="C136" class3="C136" class4="C973" k1="2.719600" k2="-0.418400" k3="0.418400" k4="0.000000" periodicity1="1" periodicity2="2" periodicity3="3" periodicity4="4" phase1="0.00" phase2="3.141592653589793" phase3="0.00" phase4="3.141592653589793"/>
<Proper class1="Cl970" class2="C973" class3="C136" class4="C136" k1="0.000000" k2="0.000000" k3="0.836800" k4="0.000000" periodicity1="1" periodicity2="2" periodicity3="3" periodicity4="4" phase1="0.00" phase2="3.141592653589793" phase3="0.00" phase4="3.141592653589793"/>
<Proper class1="Cl970" class2="C973" class3="C136" class4="H140" k1="0.000000" k2="0.000000" k3="0.836800" k4="0.000000" periodicity1="1" periodicity2="2" periodicity3="3" periodicity4="4" phase1="0.00" phase2="3.141592653589793" phase3="0.00" phase4="3.141592653589793"/>
<Proper class1="H140" class2="C136" class3="C136" class4="C973" k1="0.000000" k2="0.000000" k3="0.627600" k4="0.000000" periodicity1="1" periodicity2="2" periodicity3="3" periodicity4="4" phase1="0.00" phase2="3.141592653589793" phase3="0.00" phase4="3.141592653589793"/>
<Proper class1="H140" class2="C136" class3="C136" class4="H140" k1="0.000000" k2="0.000000" k3="0.627600" k4="0.000000" periodicity1="1" periodicity2="2" periodicity3="3" periodicity4="4" phase1="0.00" phase2="3.141592653589793" phase3="0.00" phase4="3.141592653589793"/>
<Proper class1="H140" class2="C136" class3="C973" class4="C136" k1="0.000000" k2="0.000000" k3="0.627600" k4="0.000000" periodicity1="1" periodicity2="2" periodicity3="3" periodicity4="4" phase1="0.00" phase2="3.141592653589793" phase3="0.00" phase4="3.141592653589793"/>
<Proper class1="H140" class2="C136" class3="C973" class4="Cl970" k1="0.000000" k2="0.000000" k3="0.836800" k4="0.000000" periodicity1="1" periodicity2="2" periodicity3="3" periodicity4="4" phase1="0.00" phase2="3.141592653589793" phase3="0.00" phase4="3.141592653589793"/>
<Proper class1="H140" class2="C136" class3="C973" class4="H972" k1="0.000000" k2="0.000000" k3="0.627600" k4="0.000000" periodicity1="1" periodicity2="2" periodicity3="3" periodicity4="4" phase1="0.00" phase2="3.141592653589793" phase3="0.00" phase4="3.141592653589793"/>
<Proper class1="H972" class2="C973" class3="C136" class4="C136" k1="0.000000" k2="0.000000" k3="0.627600" k4="0.000000" periodicity1="1" periodicity2="2" periodicity3="3" periodicity4="4" phase1="0.00" phase2="3.141592653589793" phase3="0.00" phase4="3.141592653589793"/>
<Proper class1="H972" class2="C973" class3="C136" class4="H140" k1="0.000000" k2="0.000000" k3="0.627600" k4="0.000000" periodicity1="1" periodicity2="2" periodicity3="3" periodicity4="4" phase1="0.00" phase2="3.141592653589793" phase3="0.00" phase4="3.141592653589793"/>
</PeriodicTorsionForce>
<NonbondedForce coulomb14scale="0.5" lj14scale="0.5">
<Atom type="opls_970" charge="-0.200000" sigma="0.340000" epsilon="1.255200" />
<Atom type="opls_972" charge="0.103000" sigma="0.250000" epsilon="0.125520" />
<Atom type="opls_136" charge="-0.120000" sigma="0.350000" epsilon="0.276144" />
<Atom type="opls_140" charge="0.060000" sigma="0.250000" epsilon="0.125520" />
<Atom type="opls_973" charge="0.097000" sigma="0.350000" epsilon="0.276144" />
</NonbondedForce>
</ForceField>
