<ForceField>
<AtomTypes>
<Type name="opls_572" class="C572" element="C" mass="12.011000" />
<Type name="opls_578" class="H578" element="H" mass="1.008000" />
<Type name="opls_575" class="C575" element="C" mass="12.011000" />
<Type name="opls_577" class="H577" element="H" mass="1.008000" />
<Type name="opls_571" class="O571" element="O" mass="15.999000" />
<Type name="opls_574" class="C574" element="C" mass="12.011000" />
<Type name="opls_576" class="H576" element="H" mass="1.008000" />
<Type name="opls_573" class="N573" element="N" mass="14.007000" />
</AtomTypes>
<Residues>
<Residue name="NEU">
<Atom name="C00" type="opls_572" />
<Atom name="N01" type="opls_573" />
<Atom name="C02" type="opls_574" />
<Atom name="O03" type="opls_571" />
<Atom name="C04" type="opls_575" />
<Atom name="H05" type="opls_576" />
<Atom name="H06" type="opls_577" />
<Atom name="H07" type="opls_578" />
<Bond from="0" to="1"/>
<Bond from="1" to="2"/>
<Bond from="0" to="3"/>
<Bond from="2" to="4"/>
<Bond from="0" to="5"/>
<Bond from="2" to="6"/>
<Bond from="4" to="7"/>
<Bond from="3" to="4"/>
</Residue>
</Residues>
<HarmonicBondForce>
<Bond class1="N573" class2="C572" length="0.133500" k="408358.400000"/>
<Bond class1="C574" class2="N573" length="0.139400" k="343088.000000"/>
<Bond class1="O571" class2="C572" length="0.135700" k="386601.600000"/>
<Bond class1="C575" class2="C574" length="0.137000" k="435136.000000"/>
<Bond class1="H576" class2="C572" length="0.108000" k="307105.600000"/>
<Bond class1="H577" class2="C574" length="0.108000" k="307105.600000"/>
<Bond class1="H578" class2="C575" length="0.108000" k="307105.600000"/>
<Bond class1="C575" class2="O571" length="0.136000" k="284512.000000"/>
</HarmonicBondForce>
<HarmonicAngleForce>
<Angle class1="C572" class2="N573" class3="C574" angle="1.919862" k="585.760000"/>
<Angle class1="N573" class2="C572" class3="O571" angle="2.007129" k="585.760000"/>
<Angle class1="N573" class2="C574" class3="C575" angle="1.897173" k="585.760000"/>
<Angle class1="N573" class2="C572" class3="H576" angle="2.094395" k="292.880000"/>
<Angle class1="N573" class2="C574" class3="H577" angle="2.124066" k="292.880000"/>
<Angle class1="C574" class2="C575" class3="H578" angle="2.303835" k="292.880000"/>
<Angle class1="C575" class2="C574" class3="H577" angle="2.237512" k="292.880000"/>
<Angle class1="O571" class2="C572" class3="H576" angle="2.090904" k="544.505760"/>
<Angle class1="C572" class2="O571" class3="C575" angle="1.815142" k="585.760000"/>
<Angle class1="O571" class2="C575" class3="H578" angle="2.085843" k="521.242720"/>
<Angle class1="C574" class2="C575" class3="O571" angle="1.884956" k="585.760000"/>
</HarmonicAngleForce>
<PeriodicTorsionForce>
<Proper class1="C575" class2="C574" class3="N573" class4="C572" k1="0.000000" k2="15.167000" k3="0.000000" k4="0.000000" periodicity1="1" periodicity2="2" periodicity3="3" periodicity4="4" phase1="0.00" phase2="3.141592653589793" phase3="0.00" phase4="3.141592653589793"/>
<Proper class1="H576" class2="C572" class3="N573" class4="C574" k1="0.000000" k2="15.167000" k3="0.000000" k4="0.000000" periodicity1="1" periodicity2="2" periodicity3="3" periodicity4="4" phase1="0.00" phase2="3.141592653589793" phase3="0.00" phase4="3.141592653589793"/>
<Proper class1="H576" class2="C572" class3="O571" class4="C575" k1="0.000000" k2="0.000000" k3="1.589920" k4="0.000000" periodicity1="1" periodicity2="2" periodicity3="3" periodicity4="4" phase1="0.00" phase2="3.141592653589793" phase3="0.00" phase4="3.141592653589793"/>
<Proper class1="H577" class2="C574" class3="C575" class4="O571" k1="0.000000" k2="22.489000" k3="0.000000" k4="0.000000" periodicity1="1" periodicity2="2" periodicity3="3" periodicity4="4" phase1="0.00" phase2="3.141592653589793" phase3="0.00" phase4="3.141592653589793"/>
<Proper class1="H577" class2="C574" class3="N573" class4="C572" k1="0.000000" k2="15.167000" k3="0.000000" k4="0.000000" periodicity1="1" periodicity2="2" periodicity3="3" periodicity4="4" phase1="0.00" phase2="3.141592653589793" phase3="0.00" phase4="3.141592653589793"/>
<Proper class1="H578" class2="C575" class3="C574" class4="H577" k1="0.000000" k2="22.489000" k3="0.000000" k4="0.000000" periodicity1="1" periodicity2="2" periodicity3="3" periodicity4="4" phase1="0.00" phase2="3.141592653589793" phase3="0.00" phase4="3.141592653589793"/>
<Proper class1="H578" class2="C575" class3="C574" class4="N573" k1="0.000000" k2="15.167000" k3="0.000000" k4="0.000000" periodicity1="1" periodicity2="2" periodicity3="3" periodicity4="4" phase1="0.00" phase2="3.141592653589793" phase3="0.00" phase4="3.141592653589793"/>
<Proper class1="H578" class2="C575" class3="O571" class4="C572" k1="0.000000" k2="15.167000" k3="0.000000" k4="0.000000" periodicity1="1" periodicity2="2" periodicity3="3" periodicity4="4" phase1="0.00" phase2="3.141592653589793" phase3="0.00" phase4="3.141592653589793"/>
<Proper class1="O571" class2="C572" class3="N573" class4="C574" k1="0.000000" k2="15.167000" k3="0.000000" k4="0.000000" periodicity1="1" periodicity2="2" periodicity3="3" periodicity4="4" phase1="0.00" phase2="3.141592653589793" phase3="0.00" phase4="3.141592653589793"/>
<Improper class1="C575" class2="C574" class3="O571" class4="H578" k1="0.000000" k2="10.460000" k3="0.000000" k4="0.000000" periodicity1="1" periodicity2="2" periodicity3="3" periodicity4="4" phase1="0.00" phase2="3.141592653589793" phase3="0.00" phase4="3.141592653589793"/>
<Improper class1="C572" class2="N573" class3="O571" class4="H576" k1="0.000000" k2="10.460000" k3="0.000000" k4="0.000000" periodicity1="1" periodicity2="2" periodicity3="3" periodicity4="4" phase1="0.00" phase2="3.141592653589793" phase3="0.00" phase4="3.141592653589793"/>
<Improper class1="C574" class2="N573" class3="C575" class4="H577" k1="0.000000" k2="10.460000" k3="0.000000" k4="0.000000" periodicity1="1" periodicity2="2" periodicity3="3" periodicity4="4" phase1="0.00" phase2="3.141592653589793" phase3="0.00" phase4="3.141592653589793"/>
</PeriodicTorsionForce>
<NonbondedForce coulomb14scale="0.5" lj14scale="0.5">
<Atom type="opls_574" charge="0.169000" sigma="0.355000" epsilon="0.292880" />
<Atom type="opls_576" charge="0.043000" sigma="0.242000" epsilon="0.125520" />
<Atom type="opls_575" charge="-0.148000" sigma="0.355000" epsilon="0.292880" />
<Atom type="opls_571" charge="-0.257000" sigma="0.290000" epsilon="0.585760" />
<Atom type="opls_577" charge="0.091000" sigma="0.242000" epsilon="0.125520" />
<Atom type="opls_578" charge="0.181000" sigma="0.242000" epsilon="0.125520" />
<Atom type="opls_572" charge="0.511000" sigma="0.355000" epsilon="0.292880" />
<Atom type="opls_573" charge="-0.590000" sigma="0.325000" epsilon="0.711280" />
</NonbondedForce>
</ForceField>
